Symbol,Q3 2019 Shares Outstanding,Q4 2019 Shares Outstanding,Q1 2020 Shares Outstanding,Q2 2020 Shares Outstanding,Q3 2020 Shares Outstanding
DDD,118.15227,118.421,118.514,118.87817,121.1351
MMM,575.27905,575.051,575.261,575.19635,576.0195
EGHT,99.288,100.225914,102.45824,103.78508,104.234245
AOS,138.35043,137.05902,135.96,135.09563,135.37509
AAON,52.107,52.098,52.092,52.031532,52.261677
AIR,34.97,34.914,35.100697,35.30346,
ABT,1767.398,1767.398,1763.433,1768.8453,1770.53
ABBV,1478.4839,1478.821,1476.673,1762.3422,1764.8333
ANF,62.860157,62.748,61.59767,62.375866,
ABMD,45.377,45.155,45.063,44.95696,45.04726
ABM,66.416,66.416,66.631,66.66613,
ACHC,88.525,88.57,88.779396,88.9425,88.963135
AKR,86.644196,87.05047,86.84496,86.089836,86.26464
ACN,635.0435,635.0435,637.027,636.19666,
ACIW,116.71447,115.599,116.13,115.94485,116.38896
ATVI,767.026,768.26,769.222,770.4855,771.8721
AYI,39.623,39.62,39.641,39.637386,
ADUS,15.408135,15.559,15.559,15.559,15.799394
ADNT,93.621,93.6,93.793,93.87896,93.884384
ADBE,484.079,487.72592,481.801,479.66525,
ATGE,54.923,53.995,52.913986,51.80244,51.876305
ADTN,47.826,47.826,48.087,47.95753,47.95795
AAP,71.38699,69.2594,69.089,69.10122,69.13876
AEIS,38.309,38.309,38.407,38.265617,38.330837
AMD,1085.546,1113.628,1170.852,1171.1904,1174.0568
ASIX,27.815783,27.912,27.915,28.004332,28.030272
ACM,157.727,157.086,158.623,160.08585,160.38875
AEGN,30.894386,30.759,30.804,30.683558,30.771372
AJRD,78.676,78.692,78.542,78.52777,78.62128
AVAV,23.98,23.991,23.995,24.063602,
AMG,50.639553,49.27216,47.867764,47.238457,46.55308
AFL,740.383,734.018,722.521,717.50793,703.574
AGCO,76.24,75.522,75.465,74.86777,74.89645
A,309.46768,310.183,309.651,308.7774,
AGYS,23.675,23.659,23.657,23.400816,23.589518
ADC,42.412827,45.573624,47.00211,53.851093,53.851032
APD,220.355,220.486,220.678,220.85464,220.89438
AKAM,162,161.601,161.882,162.27448,162.70486
ALG,11.818,11.826,11.838,11.860233,11.86417
ALRM,48.487,48.572,48.747,48.756165,48.96576
ALK,123.272,123.077,122.585,122.58537,123.63973
AIN,30.7,30.7,30.7,30.7,30.7187
ALB,105.986,106.033,106.319,106.319,106.35799
ALEX,72.242,72.258,72.307,72.307,72.34822
ARE,113.418,115.15073,126.19484,126.19484,126.11457
ALXN,224.227,221.291,222.1,220.82744,219.17299
ALGN,79.871,78.813,78.753,78.762955,78.78668
Y,14.43,14.393,14.345,14.309682,14.312
ATI,126.079,126.085,126.62736,126.6298,126.6298
ABTX,20.737,20.810602,20.354,20.402966,20.431612
ALGT,16.306,16.288,16.37,16.200068,16.242332
ALLE,93.376,92.917,92.601,92.22023,92.23344
ALE,51.656,51.668,51.778,51.78741,51.880665
ADS,51.09761,46.056206,47.62761,47.62796,47.71502
LNT,240.34296,244.6276,249.50375,249.50375,249.64435
MDRX,163.219,162.366,162.701,162.55038,162.96927
GOOGL,299.624,299.828,299.89517,300.05045,300.47116
GOOG,347.345,342.066,337.518,336.1623,333.6311
MO,1868.096,1868.127,1858.367,1858.368,1858.3972
AMZN,494.656,498,497.856,498.77603,500.88965
AMBC,45.551,45.554,45.578,45.779,45.80914
AMCX,44.159317,44.074,44.078,40.556232,40.55733
AMCR,1614.958,1620.142,1604.0472,1574.4374,1568.4816
AMED,32.175,32.255,32.314,32.379166,32.46666
AEE,245.80333,246.03,246.737,246.89104,247.07953
AAL,445.271,428.2,426.05875,508.1095,508.5617
AAT,59.722157,59.957,60.068,60.06791,60.073917
AXL,112.47582,112.47582,113.038,113.08613,113.27299
ACC,137.402,137.40475,137.604,137.60445,137.6321
AEO,168.96306,166.98376,165.50043,165.50043,
AEP,493.795,494.16946,494.833,495.58313,496.15543
AEL,90.979,91.046,91.292,91.525955,91.95455
AXP,821,810,805.778,804.9715,805.16113
AFG,89.942,90.176,90.339,88.659,87.267
AIG,869.908,869.952,861.2901,861.29065,861.4339
APEI,16.047632,15.398238,14.926651,14.781231,14.797011
AWR,36.832,36.839,36.86,36.884,36.883873
AMT,442.685,442.94,442.912,443.30643,443.57065
AVD,30.199867,30.187,30.159,30.163788,30.179138
AWK,180.653,180.776,180.975,181.02292,181.20407
AMWD,16.92,16.922,16.925,16.94257,
CRMT,6.566321,6.605,6.614,6.824322,
AMP,127.4051,126.69559,122.969,122.33725,120.26887
ABCB,69.52,69.661,69.337,69.43937,69.48755
AMSF,19.298262,19.3,19.303,19.302784,19.331059
ABC,206.76065,205.92218,205.892,203.40277,204.1418
AME,228.346,228.593,229.19,229.4321,229.6304
AMGN,599.70123,594.184,589.807,588.2474,585.6938
AMN,46.662,46.711,46.854,46.97625,46.987617
AMPH,47.226498,46.938,46.238,46.198303,47.485546
APH,297.448,296.492,298.101,295.89438,298.37686
ADI,369.406,368.954,368.22,368.95444,
ANGO,37.62,37.626,37.695,37.86943,
ANIP,12.074,12.08,12.097,12.329884,12.304193
ANIK,13.782928,14.269,14.168,14.202273,14.207419
ANSS,84.101,85.58129,85.914,85.595436,85.78924
AM,506.897,484.042,484.08453,476.496,476.59705
ANTM,255.817,253.564,252.137,252.1161,251.50645
AON,235.84189,232.0515,231.31201,231.08684,231.65033
APA,375.959,376.036,377.316,377.42603,377.45865
AIV,120.242294,120.2431,120.27944,120.22626,120.22698
APOG,26.555,26.508,26.320282,26.35667,
ARI,153.5316,153.537,154.041,153.82278,147.6611
AAPL,18076.72,17773.06,17501.92,17135.756,16976.764
AIT,38.652,38.656,38.679,38.707,38.758926
AMAT,923.7538,918.607,918.305,916.4793,
AAOI,20.029,20.12,20.231,20.339548,22.773964
ATR,64.04124,63.927,65.04611,64.18675,64.47381
APTV,256.193,255.288,255.219,270.02536,270.02536
ARCB,25.52,25.507,25.336,25.26247,25.444939
ADM,556.974,556.686,557.208,555.4962,555.6469
AROC,151.97635,151.91,152.879,152.9257,152.94936
ARNC,#N/A,#N/A,#N/A,109.05288,109.069016
ACA,48.387,48.39,48.279,48.21082,48.339916
ANET,76.6443,76.399,76.479225,75.70451,76.0256
ARLO,74.863,75.78595,76.687775,78.02694,78.13675
AHH,54.87443,56.278,56.491,56.492058,57.933586
ARR,59.142,58.917,58.927,64.586296,64.68967
ARW,83.140366,81.449,78.66783,78.66783,77.626656
ARWR,95.301,100.308,101.654,101.77328,102.2918
AJG,186.07,186.523,189.607,189.621,191.5
ABG,19.348,19.348,19.279,19.28981,19.289427
ASGN,52.9,52.8,52.443485,52.5,52.5
ASH,60.52241,60.228,60.247,60.45604,60.470497
ASB,159.291,159.34192,153.69,153.67357,153.68457
AIZ,61.1309,60.635834,59.823753,59.652252,59.648075
AGO,96.49514,95.39097,92.27,86.91659,83.53481
ASTE,22.535,22.546,22.552,22.585814,22.602982
T,7307,7254.555,7172.8843,7125,7125
AAWW,25.854,25.871,25.957,26.126558,26.136036
ATO,118.20069,122.25929,122.307,122.311516,123.35498
ATNI,16.005,15.998,16.001,15.981046,15.968423
ADSK,219.588,220.033,219.521,219.18356,
ADP,433.699,432.698,431.754,429.77438,429.84607
AN,89.075,89.212,89.474,87.21513,87.21513
AZO,23.827,23.593,23.352,23.359377,
AVB,139.657,139.662,140.735,140.73134,140.74356
AVNS,47.71,47.929,47.756,47.756626,47.831554
AVY,84.193,83.503,83.296,83.29597,83.46216
AVNT,76.87056,76.915,91.39726,91.39726,91.43668
CAR,75.981,73.82538,69.54257,69.555824,69.668365
AVA,66.111,66.71,67.209,67.29336,67.91476
AVT,101.92971,100.962,99.835236,98.746666,98.77798
ACLS,32.332066,32.421,33.08919,32.87514,33.46517
AAXN,59.255,59.340965,59.528,63.466324,63.47558
AX,61.264,61.289,61.349,59.655663,59.703117
AZZ,26.151966,26.24,26.158957,26.195047,
BGS,64.04465,64.04465,64.04465,64.1205,64.16472
BMI,29.114,29.111,29.113,29.117382,29.117538
BKR,649.14014,649.869,653.741,655.0348,656.3252
BCPC,32.357,32.169,32.255,32.31684,32.348427
BLL,332.003,327.12952,325.785,326.00177,326.56693
BANC,50.403,50.407,49.80022,49.6807,49.75433
BANF,32.642017,32.666,32.696,32.647,32.66269
BXS,103.17639,103.17639,104.523,104.523,104.523
BAC,9079.265,8995.107,8728.53,8675.611,8664.098
BOH,40.626,40.274,40.053,40.010742,40.04929
OZK,128.601,128.601,128.601,128.601,128.601
BKU,95.068,94.945,92.39899,92.38964,92.40195
BANR,34.17345,35.702,35.2825,35.155552,35.15857
BNED,47.607,48.297554,48.297554,48.48571,
B,50.619743,50.714,50.763,50.44246,50.52997
BAX,510.556,510.556,507.206,508.8362,506.23172
BDX,269.954,270.46,271.77637,289.86856,289.86856
BBBY,126.566,126.961,126.55306,126.03436,
BELFB,10.142,10.129,10.124,10.120602,10.232602
BDC,45.45249,45.458,45.46,44.51747,44.51747
BHE,37.627464,37.627,36.755142,36.41571,36.460945
BRK.B,1386.3115,1383.415,1382.352,1390.7074,1401.3564
BHLB,50.394,49.585144,50.200153,50.185486,50.37677
BBY,263.57327,258.77744,257.50336,258.30905,
BIG,39.016,39.043,39.167,39.2288,
BIIB,184.44722,180.44188,174.06401,163.18748,158.31348
BIO,24.705,24.836,24.84,24.567291,24.586409
TECH,37.892,38.112,38.352,38.223007,38.556473
BEAT,33.889,33.991,34.078,34.144802,34.185493
BJRI,20.46122,19.16266,19.221,22.261229,22.27998
BJ,136.773,137.266,138.01175,138.60686,
BKH,61.06323,61.454,62.741608,62.749725,62.745335
BLKB,49.173,49.186,49.142,49.62116,49.57513
BLK,154.574,155.173,154.828,152.46024,152.48357
BLMN,86.83221,86.865,87.03,87.486015,87.54668
BCOR,48.852,47.753,47.838,47.849613,48.037937
BCC,38.975,38.976,39.197,39.197,39.197
BCEI,20.634,20.635,20.648,20.772903,20.834028
BKNG,42.5119,41.4174,41.061813,40.930912,40.94863
BOOT,28.476543,28.564,28.772,28.80962,28.855913
BWA,206.515,206.493,206.704,207.30994,207.25418
BPFH,83.902,83.242,81.80048,81.80048,82.19682
BXP,154.568,154.622,155.122,155.36914,155.6338
BSX,1392.973,1393.824,1399.2,1428.7327,1430.6747
EPAY,43.862,43.966,44.008,43.92442,44.680885
BYD,111.14,111.165,111.607,111.251686,111.38688
BRC,49.46,49.766,49.811,48.42159,
BDN,176.195,176.195,170.96599,170.4956,170.57317
BHF,109.264305,106.0273,105.096,93.84403,91.15893
BSIG,90.73055,86.1078,85.69,80.24174,80.11469
EAT,37.5,37.371,37.407,36.906437,45.0651
BMY,1635.767,2344.1848,2262.463,2262.6897,2259.7515
VTOL,7.077,7.0963335,30.882471,30.279955,
BRX,297.846,297.846,298.016,296.44943,296.48123
AVGO,396.671,397.7923,399.791,402.18527,
BR,114.283,114.646,114.803,114.81748,115.16151
BRKL,79.834,79.768,79.768,78.84683,78.91927
BRKS,72.2244,73.61776,73.62,73.75898,73.76025
BRO,281.275,281.746,283.526,283.4037,282.81387
BF.B,308.5,308.807,309.1,309.31433,
BC,82.406,79.569,79.470345,79.12845,79.16176
BLDR,115.5286,115.787,116.13,116.61083,116.722664
CHRW,135.378,135.25,131.3397,134.60999,134.82341
CABO,5.706,5.711,5.724,6.016949,6.020339
CBT,57.08059,56.978,56.68,56.45348,56.461544
COG,418.39063,397.92468,398.5755,398.5755,398.5799
CACI,24.882,25.042,25.072,25.086342,25.096775
CADE,128.711,128.015,125.89783,125.92951,125.96277
CDNS,280.153,280.593,280.168,279.187,278.794
CZR,77.768,77.77,77.797,95.86098,199.42717
CAMP,34.120255,34.159,34.32568,34.364532,
CVGW,17.595,17.595,17.614,17.638514,
CAL,40.71531,40.535,40.233,38.77222,
CWT,48.14,48.145,48.537,49.398,49.398
ELY,94.094,94.107,94.108,94.108,94.16354
CPE,22.8304,39.0468,39.668446,39.69967,39.747665
CALM,43.89334,43.89334,43.89334,43.700718,
CPT,96.827,96.832,99.62955,97.38115,97.39587
CPB,301.187,301.655,301.745,302.16443,
CMD,42.522507,42.579273,42.14146,42.154297,
COF,470.333,465.721,457.421,455.3101,456.63577
CFFN,141.434,141.504,141.512,141.51172,138.9563
CPRI,151.579,151.635,149.365,149.365,150.3447
CMO,94.606,94.606,96.193695,96.394714,96.46873
CAH,292.4042,292.488,291.784,291.98642,293.39355
CSII,35.268093,35.2,35.248,39.502377,40.12857
CATM,45.297783,44.604,44.454308,44.463036,44.476906
CTRE,95.557,95.557,95.469,95.71134,95.73665
CSL,56.606,56.673,55.69,54.912884,54.57981
KMX,164.43,163.385,162.74544,163.07776,
CCL,526.85077,527.6592,599.693,600.6634,
CRS,47.664,47.72,47.799,47.80505,47.94676
CARR,#N/A,#N/A,866.22345,866.15894,866.165
CRI,44.739,44.147,43.929,43.60634,43.635082
CASY,36.783,36.792,36.794,36.906773,
CTLT,146.256,146.309,156.129,163.93216,164.51006
CAT,552.6584,552.6584,550.083,541.2393,541.5066
CATY,79.818,79.707,79.649,79.55553,79.62
CVCO,9.115,9.134,9.142,9.173242,9.180229
CBOE,111.682,110.777,110.435,109.72034,108.75788
CBRE,336.336,334.752,334.791,335.1668,335.2778
CDK,121.199,121.398,121.492,121.52751,121.54057
CDW,144.715,143.681,142.772,142.31808,142.66966
CE,123.74035,120.874,119.566,118.2289,118.290665
CNC,413.605,413.796,586.811,579.1294,579.46954
CNP,502.219,502.242,502.6475,544.69244,544.819
CENT,12.145,11.48,11.32911,11.30081,11.30081
CPF,28.557,28.377,28.264,28.115353,28.15416
CENX,88.894,88.894,89.186,89.46097,89.48483
CCS,30.439,31.347,33.312443,33.3325,33.35063
CDAY,143.15115,143.978,142.66727,142.66727,147.52116
CERN,318.39395,314.097,304.2457,304.3486,305.38156
CEVA,21.965,21.993,22.192,22.004305,22.158815
CF,218.32584,217.432,213.79698,213.79727,213.87994
CHX,77.46,77.464,77.493,205.1053,199.8089
CRL,48.807,48.839,49.48476,49.48744,49.678593
GTLS,35.789,35.799,35.189304,35.194958,35.99491
CHTR,214.78012,209.97597,206.45753,204.89917,199.87512
CLDT,46.92,46.925,46.958,46.96311,46.96311
CHE,16.009258,16.009258,15.871031,15.873532,15.919194
CPK,16.404,16.404,16.407,16.435835,16.493572
CVX,1898.418,1890.872,1879.325,1866.979,1867.3234
CHS,117.874,118.62,120.28296,119.566154,
CMG,27.723,27.795,27.768,27.890741,27.967625
CHH,55.697,55.731,55.709,55.356895,55.364925
CB,455.749,453.202,451.908,451.3572,451.3659
CHD,247.096,245.402,245.776,245.89272,248.37729
CHDN,40.036,39.832,39.56,39.434742,39.434147
CHUY,16.606,16.615,16.615,19.685669,19.689892
CIEN,154.696,154.054,153.503,153.64438,
CI,377.609,373.42538,371.92,368.258,367.20062
XEC,101.457,101.81,102.136,102.100716,102.04831
CBB,50.42,50.421,50.564,50.564,50.680607
CINF,163.336,163.374,162.246,162.24597,160.8535
CNK,117.152,117.149,117.151,117.589645,117.674
CTAS,103.5,103.751,104.05,103.499016,
CIR,19.905,19.91,19.92,19.988329,19.997217
CRUS,58.141,57.799,58.628113,58.37595,58.39285
CSCO,4243.83,4242.263,4240.88,4222.2964,
CIT,94.695,94.72314,98.032,98.36672,98.44747
C,2183.2,2183.194,2098.208,2081.808,2081.865
CFG,447.08652,433.1211,427.43442,426.61905,426.8287
CTXS,130.902,130.21985,122.35817,123.450645,123.53199
CHCO,16.397,16.302,16.14,16.148796,16.03018
CLH,55.862,55.809,55.83,55.57921,55.638157
CLW,16.515,16.516,16.526,16.570864,16.571798
CLF,270.04846,270.084,398.61377,398.60992,399.19806
CCMP,29.036,29.104,29.227,29.06326,29.055267
CME,358.092,358.361,358.476,358.58517,358.62375
CMS,283.787,283.842,284.208,286.22147,286.2807
CNO,155.993,148.08418,144.88,141.71857,138.93135
CNX,187.56339,186.587,187.036,187.05856,224.5029
COKE,7.141,7.141,7.141,7.141,7.141
CCOI,46.816,46.832,47.21,47.15013,47.2897
CGNX,170.8973,170.8973,172.78716,171.688,173.04729
CTSH,552.2911,547.566,548.637,540.5801,539
COHR,23.982,24.152,24.154,24.25294,24.256317
CHRS,69.764,70.129,70.624,70.91262,71.470436
COHU,41.096,41.266,41.461,41.703274,41.86292
CFX,117.667,117.757,118.146,118.327,118.389015
CL,858.006,857.044,857.447,856.52844,857.4002
COLB,72.939,72.136,72.146,71.56987,71.618645
COLM,67.55725,67.526,67.403,66.11905,66.1486
CMCSA,4535.541,4539.806,4543.59,4554.7134,4558.6563
CMA,144.1,144.154,140.344,139.03471,139.03935
FIX,36.854,36.676,36.5189,36.471,36.47884
CBSH,118.36962,118.313995,117.932846,117.10953,117.10998
CMC,118.65,118.65,119.062,117.924934,
CBU,51.595,51.702,51.825,53.458443,53.529606
CYH,118.052,117.844,119.67824,119.66524,119.61898
CHCT,19.40678,19.407,21.906351,22.163857,22.726374
CVLT,45.409,45.711388,46.601044,46.17035,46.39188
CMP,33.884,33.884,33.892,33.904602,33.94431
CPSI,14.355,14.356,14.512,14.512105,14.512105
CMTL,24.268,24.396,24.719404,24.73194,
CAG,486.654,486.814,487.076,488.4801,
CXO,201.079,201.0287,196.707,196.707,196.70734
CNMD,28.293,28.379,28.492,28.53563,28.571386
CONN,28.90336,28.697,29.007164,29.020752,
COP,1097.2687,1084.8684,1081.1324,1072.425,1072.5662
CEIX,27.266775,25.901276,26.029,26.029,26.034199
CNSL,72.076,72.074,73.04178,73.04178,73.057686
ED,332.1442,332.43,333.775,334.10205,334.49658
STZ,167.498,167.513,167.85292,168.02043,
CTB,50.176,50.184,50.266,50.28239,50.30609
CPS,16.90169,16.839,16.843,16.885,16.896454
CPRT,232.25014,232.454,233.705,234.77753,
CORT,113.688835,114.281,114.595,114.60171,115.557655
CLB,44.363,44.375,44.444,44.45672,44.484253
CXW,119.096,119.096,119.096,119.6287,119.630806
CLGX,80.134,79.519,79.015,79.4114,79.545
CORE,45.88,45.567,45.32,45.086,45.092285
COR,36.891,37.68701,37.905,37.903355,42.53286
GLW,780.866,769.11,762.62,760.948,760.948
OFC,111.95,112.059,112.082,112.169464,112.18319
CTVA,748.893,748.401,749.283,748.37,748.569
CRVL,18.473442,18.280035,18.105,18.006239,17.932274
COST,439.657,441.758,441.58,441.5237,
COTY,754.257,757.892,760.654,763.09534,765.1271
CUZ,146.763,146.762,146.822,148.53969,148.56812
CVET,111.98018,112.122604,111.708,111.94733,112.826096
CBRL,24.06,23.943249,23.943249,23.693981,
CR,59.948,59.979,57.978485,57.978485,58.0255
CREE,107.028,107.71,108.071,108.160065,109.716156
CROX,68.60317,68.603,68.268,67.37496,67.46205
CCRN,36.89,36.877,36.86,37.460545,37.565758
CCI,415.755,415.768,416.746,416.75122,431
CRY,37.496,37.503708,37.679977,37.740425,37.85801
CSGS,33.008,32.947,32.852,33.066288,33.08392
CSX,782.33655,777.637,770.711,765.4659,765.05255
CTS,32.669,32.602,32.456,32.259907,32.267525
CUB,31.178,31.274,31.296,31.298538,31.329008
CFR,62.656,62.565,62.64,62.553394,62.70088
CMI,153.2036,153.204,148.12236,147.5261,147.67552
CW,42.73,42.689,42.522,41.651104,41.576984
CUBI,31.229,31.32,31.381,31.491152,31.514484
CUTR,14.168,14.315586,14.416483,17.463024,17.593798
CVBF,140.144,140.107,135.88052,135.51082,135.51915
CVS,1300.497,1300.964,1304.16,1307.0908,1308.7035
CONE,113.192,114.8089,115.012,116.8529,116.87317
CYTK,58.678894,59.082,59.459,59.469524,70.5047
DHI,369.81992,368.832,366.364,363.5378,363.70258
DAKT,44.951202,45.148,45.07575,44.615326,
DAN,143.92,143.927,144.45,144.48187,144.48332
DHR,717.368,695.5,696.895,706.5198,709.4088
DRI,122.602,121.51,129.87924,130.08061,
DAR,164.749,163.711,164.039,161.85797,161.96118
PLAY,30.831297,30.571,30.60684,47.452732,
DVA,133.88887,125.84285,125.6,121.8,122
DECK,28.881327,27.976091,27.988,27.999468,28.02136
DE,314.873,314.808,313.62,312.85864,
DAL,646.74286,646.74286,640.094,637.78735,637.85675
DLX,42.93137,42.102,42.188,41.831715,41.858234
XRAY,224.18346,222.414,219.02614,219.08044,218.4964
DBI,64.91163,64.01573,64.01573,64.37455,
DVN,387,384.1,382.92123,383,382.6065
DXCM,91.186,91.186,91.594,92.3,95.74221
FANG,161.1423,159.03473,158.284,157.81584,157.82408
DRH,200.197,200.197,199.819,199.24333,199.51643
DKS,65.8876,63.59585,62.647472,65.15617,
DBD,76.74605,76.79361,77.491646,77.6422,77.67459
DGII,28.137,28.664743,28.89,28.954853,29.03587
DLR,208.343,208.85228,259.2793,268.31305,268.99478
DCOM,35.96,35.15464,34.03678,33.305172,33.057426
DIN,17.175598,16.521921,16.487371,16.418446,16.41907
DIOD,50.996162,51.042,51.207,51.48668,51.831463
DFS,315,310,306.23798,306.30078,306.42114
DISCA,158.037,158.14,158.566,160.01971,160.2057
DISCK,373.07172,360.66397,355.84354,340.1615,340.17078
DISH,255.4705,284.46115,284.612,285.72232,287.53076
DHC,237.738,237.899,237.895,237.894,237.95065
BOOM,14.646065,14.646065,14.653,14.751242,14.769263
DG,257.068,254.6,251.515,251.72183,
DLTR,236.625,236.662,237.23091,237.23239,
D,821.91455,823.093,838.0003,839.251,840.13586
DPZ,40.9,39.026,39.117878,39.347214,
UFS,62.58335,56.88091,55.190327,55.191704,55.192623
DCI,126.195,126.561,126.771,126.12911,
DFIN,34.3,34.3,34.254,33.73344,33.829166
LPG,55.064,54.596,50.827953,50.827953,51.021435
DORM,32.786,32.779,32.555,32.44327,32.439312
DEI,175.25047,175.349,175.374,175.3749,175.3749
DOV,145.438,145.266,144.084,143.947,143.97017
DOW,743.212,741.496,742.68,740.73083,741.12146
DRQ,36.207,36.181,35.383656,35.06069,35.06069
DSPG,22.922,23.110632,23.428493,23.410027,23.515572
DTE,183.30173,192.105,192.58192,192.61188,192.65074
DUK,728.601,733,734.029,734.85254,735.4321
DRE,361.444,367.57068,368.343,368.38217,370.5618
DNKN,82.717,82.843,82.576,82.11143,82.27442
DD,745.482,740.807,739.388,733.79724,733.8276
DXC,261.96246,255.99753,253.721,253.75175,254.1946
DXPE,17.607,17.603,17.648,17.722069,17.77883
DY,31.493,31.524,31.602,31.63458,
EGBN,33.720524,33.24248,32.208794,32.22515,32.228638
EXP,42.022827,41.631,41.644,41.756683,41.756683
EGRX,14.862,14.862,14.862,13.603971,13.5
EWBC,145.547,145.625,142.00676,141.4863,141.48679
DEA,71.22229,74.80229,75.05,75.11665,79.68662
EGP,37.559467,38.925953,38.902,39.055,39.332993
EMN,136.994,135.979,135.894,135.894,135.34976
ETN,413.4,413.4,400,400,400.1
EV,113.042,113.144,114.257,113.929794,
EBAY,838.7636,813.525,796.0808,702.6787,699.8811
EBIX,30.489,30.496,30.476,30.50731,30.91256
ECHO,27.282368,27.295,26.809471,26.614653,26.60968
ECL,288.2444,288.2444,289.166,284.2462,285.38477
EPC,54.161,54.3,54.303,54.33888,54.355183
EIX,358.08957,358.601,362.614,377.94147,378.22098
EW,623.907,625.70996,621.97797,619.66425,621.7406
EHTH,22.806046,23.098198,25.258,25.614,25.749916
LOCO,36.837612,34.882843,35.09,35.103584,35.9221
EA,294.707,291.979,289.674,288.7144,288.7968
LLY,965.4329,960.131,957.038,957.03845,956.4704
EME,56.135,56.153,56.259,54.846252,54.905926
EBS,51.6,51.624,52,52.427757,52.92489
EMR,615.101,610.913,597.4753,597.4753,597.5919
EIG,31.915,31.815,30.463568,30.373571,29.270994
ENTA,19.682,19.726,19.924,20.004257,20.072144
EHC,98.645,98.6,98.433,99.40511,99.445946
ECPG,31.057,31.059,31.098,31.23442,31.3388
WIRE,20.906,20.962,20.613955,20.55721,20.631683
ENDP,226.392,226.776,226.834,229.70483,229.81601
ENR,68.90203,69.178,69.433,68.45727,68.51746
EPAC,60.537,60.052,59.748,59.768997,
ENS,42.482,42.286,42.309,42.452053,42.477386
ENVA,34,32.974712,31.007898,31.502375,30.10957
ENPH,121.975,122.386,123.851,125.21157,126.007385
NPO,20.593475,20.784,20.797,20.515457,20.515457
ETR,198.82976,199.102,200.816,200.16194,200.21132
EOG,580.357,581.764,582.055,582.04596,582.2436
PLUS,13.506,13.506,13.506,13.499603,13.553424
EPR,77.556694,78.458,78.582,78.588,74.61186
EQT,255.499,255.643,255.454,255.524,255.60315
EFX,120.884,121.083,121.971,121.38514,121.45746
EQIX,84.819,85.279,85.444,88.51454,88.55712
ETRN,255.03,254.744,229.68973,432.43,432.47
EQR,370.85272,371.354,371.978,372.1256,372.21014
ESE,25.981,25.981,25.989,26.037249,26.037714
ESNT,98.385,98.394,98.45,112.4233,112.4233
EPRT,79.67297,81.03271,91.94985,91.99251,104.60807
WTRG,215.777,220.75871,244.96898,245.04129,245.1547
ESS,65.728,66.082,65.412,65.41736,65.209946
ETH,26.587,26.589,25.929436,25.053082,25.053082
ETSY,118.44965,118.489,117.949,118.67796,119.327614
EVR,39.871986,39.17601,40.641068,40.535637,40.59084
RE,40.74,40.782,45.540897,39.987015,39.971794
EVRG,235.46748,227.9032,226.661,226.74046,226.82755
ES,323.602,323.761,330.332,342.5447,342.66785
EVTC,71.93,71.926,72,71.865,71.86286
EXEL,302.906,303.846,305.393,306.65878,308.99582
EXC,971.584,972.109,973.93,974.40784,974.5039
EXLS,34.175,34.095,34.365,34.31612,34.176254
EXPE,140.98196,139.36282,134.46567,135.4594,135.70326
EXPD,170.72014,170.301,167.98883,166.193,167.65921
EXPO,51.919296,51.829,51.818,51.54591,51.622395
EXTN,35.29327,33.49552,33.165,33.150524,33.145412
EXR,129.378,129.511,129.613,129.0866,129.06992
EXTR,121.371,121.567,118.4,120.20951,122.91709
XOM,4231.1064,4231.106,4232.191,4228.2114,4228.2334
EZPW,52.47507,52.565,52.651188,52.09759,52.09759
FNB,324.873,324.925,327.254,323.0604,323.20593
FFIV,60.13002,60.794,60.804,60.89654,61.173107
FN,36.859,37.003,37.053,36.722004,36.74426
FB,2405.7231,2406.468,2405.746,2406.802,2404.2822
FDS,37.945,37.906,37.872,37.99349,
FICO,28.897,28.962,29.148,29.003489,28.999393
FARO,17.339,17.404,17.602,17.719334,17.782206
FAST,573.43,573.527,574.396,572.8189,573.62634
FBK,30.905,30.932,32.067356,32.081795,47.191677
FRT,74.954,75.523,72.622604,75.63304,75.638756
FSS,60.355,60.508,60.72,60.24262,60.42346
FHI,101.188,101.13,101.118,100.937546,100.18714
FDX,260.91,261.119,261.25,261.99744,
FOE,81.933,81.968,82.241,82.24282,82.25082
FIS,613.444,614.6,616.322,617.8338,619.60345
FRGI,27.477,27.476,25.969,27.974419,25.956505
FITB,718.583,709.6674,711.133,711.9118,712.241
FAF,112.099,112.336,112.506,111.42108,111.51908
FBNC,29.717,29.605,29.207,29.040827,28.97668
FBP,217.316,217.359,217.359,218.15764,218.15764
FCF,98.5,98.316,98.248,98.1347,98.1327
FFBC,101.172424,99.38227,98.491,97.964165,97.99614
FFIN,135.809,135.84465,142.222,142.05147,142.0354
FHB,133.289,130.977,130.351,129.82797,129.88614
FHN,312.478,311.18,311.86258,311.86258,553.2737
FR,126.487,126.952,127.037,127.20764,127.207726
FMBI,110.473,109.971,114.6003,114.25909,114.30554
FRC,168.45045,168.52203,171.288,172.09357,172.118
FSLR,105.395,105.407,105.458,105.907135,105.96767
FCFS,42.963,42.679474,41.997063,41.4405,41.4405
FE,539.9869,540.312,540.714,541.7537,542.1104
FISV,679.6855,679.895,679.099,669.48425,669.64996
FIVE,55.667,55.673,55.603,55.734257,
FBC,56.484,56.512,56.658,56.729797,56.943977
FLT,86.568,85.342155,83.7707,83.80224,84.05194
FLIR,135.606,134.15308,134.456,130.84236,131.12196
FLO,211.514,211.514,211.563,211.57376,211.60278
FLS,131.17,130.86,130.901,130.12593,130.15971
FLR,139.92732,140.174,140.174,140.174,140.56502
FMC,130.433,129.615,129.441,129.44719,129.56636
FL,107.03918,104.56533,104.191,104.23393,
F,3918.991,3894.045,3894.078,3906.188,3907.5369
FORM,75.185,75.7,76.148,76.16184,77.05871
FORR,18.552,18.622,18.755,18.76,18.893
FTNT,170.991,171.034,172.515,161.64854,161.83159
FTV,335.533,335.804,336.415,336.8561,337.0715
FBHS,139.881,139.151,139.706,137.94695,138.14832
FWRD,28.313007,28.172,28.139,27.974688,27.980726
FOSL,50.47169,50.516,50.574,51.2868,51.299164
FBM,42.99,42.99,43.015,43.202785,43.205917
FCPT,68.418,70.02066,70.185,70.323845,70.337395
FOXA,354.47525,354.51105,344.80872,342.64227,338.78488
FOX,266.174,266.174,262.0244,261.07837,258.40012
FOXF,38.425,38.524,38.603,41.396557,41.43768
FELE,46.338,46.362,46.456,46.164173,46.19067
BEN,503.667,499.164,496.898,495.30627,495.35663
FSP,107.231,107.231,107.269,107.269,107.3282
FCX,1450.891,1450.914,1450.972,1451.9708,1452.2186
FDP,48.356,48.082,47.968,47.719936,47.3411
FCN,37.540195,37.631,37.494,37.09828,36.59484
FLGT,18.486,21.035357,21.565,21.697884,22.114641
FULT,164.036,164.122,161.435,161.794,162.073
FF,43.743,43.743,43.743,43.743,43.743244
GME,90.457596,65.92228,64.58201,64.75891,
GCI,60.480076,128.99155,131.006,132.09749,136.30533
GRMN,190.102,190.103,190.687,191.01785,191.23744
IT,90.137,89.453,89.102,89.17512,89.2326
GATX,35.1,35.1,34.934,34.9,35
GCP,72.671,72.686,72.87,72.92159,72.97461
GNRC,62.373,62.542,62.568,62.681496,62.789673
GD,288.844,289.306,286.86453,286.86453,286.93243
GE,8727.072,8733.549,8747.092,8747.092,8753.289
GIS,604.394,604.817,606.139,610.91797,
GM,1427.729,1428.784,1429.002,1431.0764,1431.0966
GCO,14.99886,14.7,14.691,14.717263,
GNTX,254.776,252.972,246.79767,244.8719,245.7796
THRM,32.983,32.742,32.803,32.59941,32.65486
GPC,146.078,145.293,145.382,144.26028,144.26419
GNW,503.465,504,504.768,505.126,505.5948
GTY,41.12,41.201,41.387,41.39135,42.80633
ROCK,32.224,32.272,32.359,32.408882,32.42322
GIII,47.745045,47.825,48.009,48.051247,
GILD,1266.455,1265.146,1259.015,1254.3734,1253.7244
GBCI,92.18062,92.187,95.3159,95.40129,95.40906
GLT,44.171,44.171,44.308,44.311665,44.367836
GKOS,36.834,43.32309,43.744,44.55,44.67491
GNL,89.45834,89.45834,89.459,89.459,89.48257
GPN,300.04724,300.548,300.128,299.1057,299.2433
GL,109.102,108.288,107.397,106.43802,106.51269
GMED,76.647,76.973,77.395,74.8932,76.241615
GLUU,145.885,145.786,150.0317,166.59227,170.85349
GMS,41.639362,42.169224,42.321,42.603706,
GGG,166.805,166.78,168.481,166.5981,166.71063
GHC,4.351,4.35,4.284294,4.273796,4.094073
LOPE,48.341,48.225,48.165703,47.31348,47.281677
GVA,46.84,46.741,46.741,46.741,46.741
GPMT,54.853207,54.853207,55.150974,55.136887,55.205082
GWB,56.28366,56.383,55.013927,55.013927,55.014046
GDOT,51.82,51.807,52.784584,52.97915,53.37211
GPRE,38.186134,36.031933,35.049,35.494087,35.653366
GHL,19.759779,19.080845,18.771782,18.783089,18.963568
GEF,26.258,26.261,26.261,26.441986,
GFF,46.801,46.909,47.43113,47.425488,56.129784
GO,88.355,88.893,89.900566,90.87361,91.600914
GPI,18.571276,18.571276,18.108921,18.17557,18.255058
GRUB,91.353,91.449,91.84,92.2339,92.277725
GES,65.61236,65.639,67.64425,67.60272,
HRB,200.72,192.47401,192.47528,192.47531,
FUL,50.982,51.391,51.411,51.566917,
HAE,50.77,50.683,50.298,50.38668,50.69912
HAL,875.932,877.804,879.911,877.27765,878.4704
HALO,146.311,136.7,138.069,135.81494,137.02667
HWC,90.715,87.214,86.275,86.283005,86.3524
HBI,361.543,361.697,348.0353,348.0353,348.16077
HNGR,37.30269,37.338,37.429,37.79288,38.101322
HAFC,30.928,30.799623,30.729,30.617065,30.656746
HOG,156.73169,154.292,153.135,153.17326,153.24126
HLIT,90.315,91.875,95.89197,96.5795,97.42911
HSC,80.279,78.608,78.78,78.88475,78.90359
HAS,126.201,136.83331,136.877,137.01135,137.02272
HVT,18.168135,18.091,17.461695,17.268473,17.286821
HE,108.973,108.973,109.145,109.145,109.18112
HA,47.289715,46.592,45.949,45.950176,45.99719
HWKN,10.665,10.629,10.649,10.657908,10.664763
HAYN,12.513,12.514,12.556,12.556921,12.556921
HCA,340.983,339.178,338.469,337.6189,338.0333
HCI,8.180174,7.764564,7.962414,7.877162,7.984591
HR,129.245,133.73608,134.919,134.93227,136.04823
HCSG,74.114,74.119,74.404,74.416,74.423
HQY,70.621,70.879,71.082,76.689354,
PEAK,491.1103,494.95352,505.6315,538.27026,538.31934
HSTM,32.374,32.378,32.0033,31.9975,31.9975
HTLD,81.97667,82.02,82.055,81.351135,81.37052
HSII,19.132,19.17,19.17,19.274921,19.342148
HELE,25.164,25.17,25.243702,25.322943,
HLX,148.767,148.809,149.962,150.00546,150.05923
HP,109.434,108.446594,110.267914,107.4183,107.478165
HSIC,148.259,143.35345,143.3905,142.756,142.76776
HFWA,36.882,36.618,36.483,35.888493,35.90891
MLHR,59.058,59.062,58.77,58.866863,
HT,38.6099,38.611,38.67324,38.714405,38.78937
HSKA,7.797,7.828,7.838,9.391923,9.443718
HES,304.481,304.706,305.215,307.14398,307.1444
HPE,1305.601,1292.926,1288.342,1284.7572,
HXL,85.083,84.37811,83.344,83.49077,83.50578
HIBB,17.629583,17.33437,17.33437,16.532356,
HIW,103.724,103.744,103.873,103.88592,103.89624
HI,62.667,74.71239,74.719,74.71869,74.73118
HRC,66.815346,66.762,66.991,66.555504,66.60599
HLT,286.85452,282.163,277.44772,277.26147,277.30936
HMSY,87.353,88.098,88.106,88.41426,88.51782
HNI,42.874676,42.824,42.555,42.6474,42.675457
HFC,164.57817,161.38972,161.884,161.8861,162.01546
HOLX,267.306,268.14542,264.127,258.2057,258.98523
HOMB,167.468,166.837,166.043,165.1479,165.20604
HMST,24.397318,23.890856,23.686,23.0074,21.994204
HON,714.5335,714.533,707.287,701.8478,701.78314
HOPE,126.686,126.699,124.29121,123.19173,123.25172
HMN,41.198,41.22,41.267,41.291832,41.344547
HRL,533.97,534.737,537.776,538.95184,
HST,718.5,717.178,705.8817,704.959,705.2632
HWM,440.188,432.94107,435.919,436.10342,436.1415
HPQ,1481.9137,1433.3457,1429.764,1373.4967,
HUBG,33.41659,33.375,33.587,33.54429,33.516315
HUBB,54.409,54.386,54.378,54.201073,54.22817
HPP,154.41446,154.96,154.71,153.2959,153.35896
HUM,132.42604,132.42604,132.124,132.20607,132.29257
HBAN,1032.7552,1020.0035,1022.976,1014.2181,1017.3096
HII,41.335,40.900356,40.724,40.47425,40.492153
IAA,133.478,133.513,133.926,133.9486,133.9486
ICHR,22.445,22.495,22.805,22.808456,22.949535
ICUI,20.666,20.673,20.775,20.832403,20.937857
IDA,50.397,50.397,50.41,50.453938,50.461132
IEX,75.847,76.06,76.239,75.39188,75.51041
IDXX,86.09,85.783,85.225,84.93297,85.05468
INFO,400.988,399.77216,398.916,396.80966,
IIVI,90.26296,90.849,91.06,92.25445,103.84923
ITW,323.478,321.406,317.517,315.93207,316.16324
ILMN,147,147,147,147,146.36037
INCY,215.067,215.397,216.776,217.37346,218.69908
IRT,90.19,91.07064,94.6918,94.70826,94.745255
INDB,34.367,34.374,33.548664,32.934654,32.950912
IBTX,42.949,42.951,43.041,43.041775,43.04112
ILPT,65.088,65.181,65.18,65.186,65.209564
IR,204.09962,204.633,415.57684,416.5927,417.05908
NGVT,41.858,41.824,41.832,41.208904,41.2756
INGR,66.729,66.764,66.882,66.97302,66.987045
IOSP,24.486,24.496,24.82065,24.56083,24.56083
IIPR,11.304171,11.853788,17.03566,18.614561,22.174429
INVA,101.28,101.279,101.345,101.32024,101.39243
INGN,21.934,21.998,22.042,22.047607,22.06605
NSIT,35.788,35.256042,35.264,35.05063,35.07143
NSP,41.186,39.998,38.738483,38.766045,38.800938
IBP,30.017,30.017,29.662312,29.793434,29.799189
IIIN,19.252,19.261,19.261,19.261,19.261
ITGR,32.646,32.679,32.806,32.833992,32.84895
IART,85.534,85.866,84.4428,84.843056,84.27097
INTC,4350,4350,4234,4234,4098
IPAR,31.451,31.465,31.531,31.531958,31.532558
IBKR,76.74841,76.749,76.751,76.753006,79.054436
ICE,560.415,556.85,549.138,547.2218,561.24835
IDCC,31.127274,31.133,30.722895,30.751518,30.805967
TILE,58.43301,58.419,58.299,58.477253,58.547752
IBOC,65.658,65.195,65.208,63.27075,63.26754
IBM,885.63745,887.1105,887.89197,890.57874,890.57874
IFF,106.775,106.781,106.802,106.93189,106.932556
IP,392.83636,392.116,392.125,393.0413,393.09286
INTU,260.07364,260.307,260.489,260.77133,
ISRG,115.253,115.574,116.75,116.61778,117.02588
IVC,33.674,33.674,33.912,34.41947,34.41312
IVZ,453.89386,453.894,458.8989,458.89566,459.16592
IVR,142.80229,142.80229,164.96635,181.32736,181.32736
IRET,11.62459,11.62459,12.098979,12.165896,12.826707
IPGP,53.2,53.07,53.059,53.02757,53.25696
IQV,194,194.038,192.817,190.96378,191.27097
IRDM,130.821,131.094,132.217,132.22803,132.52678
IRBT,28.124,28.271,27.871923,27.88433,27.88433
IRM,287.107,287.143,287.3,287.88284,288.14832
STAR,62.16629,78.66662,77.49158,76.49451,75.142944
ITRI,39.459,39.568,40.161,40.204113,40.332428
ITT,88,87.7,87.8,86.3,86.4
JJSF,18.841,18.899,18.919,18.887854,18.894909
JBHT,106.768,106.578,106.259,105.46063,105.507225
JCOM,48.917,48.73,48.731,47.71356,47.60645
JBL,152.656,152.09,150.717,150.57404,
JKHY,77,76.937,76.72,76.61543,76.64183
JACK,25.824,22.609138,22.631,22.671848,22.677816
J,132.8794,133.24939,133.05,130.10266,130.20804
JRVR,30.377,30.405,30.52,30.520428,30.553179
JHG,191.64728,187.487,184.91449,184.91449,183.85286
JAZZ,56.621,56.573,56.133,55.346863,55.45863
JBGS,134.127,134.127,134.883,133.59953,133.78961
JEF,299.873,279.87628,268.82993,259.2,
JBLU,288.69403,288.694,269.70746,272.42587,272.42587
JBSS,8.792,8.792,8.93939,8.93939,8.822211
JBT,31.663,31.667,31.667,31.667,31.72845
JW.A,47.349,47.041,46.971,46.767784,
JNJ,2639.166,2631.872,2636.352,2634.5945,2632.8235
JCI,777.6,771.42,743.86237,743.86237,726.2
JLL,51.52162,51.535,51.565,51.630566,51.780804
JPM,3136.4849,3136.485,3073.9766,3047.023,3047.6045
JNPR,345.816,334.70706,330.5272,331.35236,331.75037
KALU,16.003,15.879,15.854,15.789594,15.812169
KAMN,27.874,27.861,27.832,27.644062,27.663517
KSU,99.914,99.12,95.014725,95.020226,94.349266
KAR,133.4753,128.77347,128.864,129.21472,129.22752
KBH,88.398315,89.60655,90.448,90.52708,
KBR,141.555,141.714,141.939,142.2969,142.35721
K,340.63193,341.094,342.499,342.67,342.91925
KELYA,35.661,35.684,35.69,35.830917,36.11367
KMPR,66.61865,66.647,66.829,65.2507,65.330826
KMT,82.828,82.857,82.898,82.913956,83.24692
KEY,988.538,984.958,969.89,975.4056,976
KEYS,187.578,188.448,187.395,187.03703,
KRC,100.972,106.012,115.067924,115.07335,115.17955
KMB,344.2,342.806,341.46,340.54712,341.04715
KIM,422.218,431.81494,432.51,432.52542,432.50363
KMI,2263.805,2264.965,2265.063,2261.487,2263.5356
KNSL,22.112576,22.158,22.227,22.254574,22.573442
KEX,59.902,59.947,59.997,60.038,60.038
KRG,83.982,83.978,84.026,84.1147,84.21558
KREF,57.413,57.486584,57.486584,55.478573,59.39173
KLAC,158.463,157.794,156.772,155.04889,155.11064
KNX,170.51169,170.646,169.775,169.82323,170.20355
KN,91.115,91.545,92.37,91.52486,91.641106
KSS,159.12674,156.5679,155.247,157.7368,
KTB,56.879,56.945,57.042,57.104885,57.107494
KOP,20.683,20.698,20.805,20.981686,21.045727
KFY,55.97584,55.315,55.258,56.263115,
KRA,31.707,31.704,31.751,31.85446,31.862848
KLIC,63.408,63.408,63.824,62.427723,61.84011
LB,276.392,276.475,276.53333,277.82928,
LHX,222.575,221.065,216.8962,216.8962,216.19539
LH,97.7,97.1,97.3,97.2,97.4
LRCX,144.834,142.462,145.54848,145.16223,145.08794
LAMR,85.956,86.011,86.095,86.33924,86.38981
LW,146.063,146.092,146.039,145.31352,
LANC,27.492,27.485,27.513,27.516,27.524
LSTR,39.629696,39.463,38.370506,38.370506,38.37946
LCI,40.405663,40.327,40.344,40.350853,40.220657
LNTH,38.82,39.248,39.717,66.78592,66.81338
LPI,11.8735,11.8567,11.9701,11.969911,11.996028
LVS,769.789,768.037,763.685,763.72974,763.80334
LZB,46.633,46.383,46.033,46.296986,
LCII,25.026087,25.028,25.046,25.135529,25.153542
LEA,61.047142,60.47,59.61313,59.919613,59.94358
LEG,131.47,131.603,132.137,132.3,132.39291
LDOS,143.808,141.564,141.847,142.04376,142.19356
LMAT,19.847,19.991,20.179,20.181698,20.227177
TREE,12.989,12.999,13.046,13.063927,13.115157
LEN,279.881,274.89966,274.618,274.61835,
LII,38.726357,38.532,38.599,38.24721,38.253952
LXP,247.7616,247.873,254.94159,276.25583,276.78018
LGIH,22.94,25.35941,25.339409,25.074446,25.089151
LHCG,31.508,31.511,31.526,31.58864,31.59021
LSI,46.65689,46.65689,46.7,46.918446,46.918446
LGND,17.563389,17.563389,16.505198,16.049704,16.078142
LECO,61.14866,60.592094,59.386967,59.386967,59.36655
LNC,200.19269,198.331,195.37158,193.22444,193.24812
LIN,540.591,537.176,532.96,525.36005,525.36005
LNN,10.813,10.813,10.835,10.835,
LQDT,33.651,33.886,33.989,34.020718,34.045094
LAD,22.415392,22.645,22.752,22.163248,22.440945
LFUS,24.588,24.358,24.426,24.27684,24.341583
LIVN,48.392,48.4,48.445,48.584652,48.666836
LYV,213.509,213.509,214.531,215.2601,217.25478
LTHM,145.98,145.981,146.177,146.19005,146.2516
LPSN,66.035095,66.19831,64.10851,66.19831,66.17417
RAMP,67.64007,67.696,67.362206,65.60425,65.87752
LKQ,308.20502,306.462,303.94315,303.968,304.29257
LMT,282.398,282.071,281.868,280.4353,279.54205
L,302.38004,291,283.13654,281.43048,280.44418
LPX,123.613,111.94502,112.02019,112.259766,112.30669
LOW,771.799,766.475,754.949,755.00275,
LTC,39.751705,39.751705,39.135876,39.21785,39.242733
LL,28.701,28.71,28.725,28.81505,28.852999
LUMN,1090.769,1090.229,1089.54,1097.5021,1097.5378
LITE,77.209,77.2,74.7,74.9,75.461876
LMNX,45.047,45.052,45.168,45.789867,46.363117
LDL,17.535,17.523,17.69464,17.694742,17.760777
LYB,335.246,333.411,333.555,333.70624,333.8393
MTB,132.277,130.589,129.95064,128.27267,128.28004
MDC,62.59739,62.6,63.053,63.054497,63.401386
MHO,27.617,28.143,28.578537,28.523329,28.543629
CLI,90.554,90.554,90.595,90.59655,90.71159
M,308.9149,308.965,309.67,310.23508,
MGLN,24.400553,24.469,24.698,25.31042,25.60724
MANH,64.325,63.901,63.767,63.49659,63.52137
MAN,59.84,58.961514,58.679,58.05006,58.07102
MANT,26.804,26.914,26.996,27.073992,27.145552
MRO,804.0422,799.929,795.85,790.31244,789.4392
MPC,658.319,649.322,650.001,650.2609,650.6955
MMI,39.091,39.132,39.232,39.27394,39.32802
HZO,21.652905,21.5,21.531,21.47501,21.628143
MKTX,37.757,37.924,37.922,37.910213,37.971733
MAR,329.35883,326.937,324.215,324.25592,324.31506
VAC,43.52733,42.041737,41.394817,41.05158,41.05814
MMC,506.311,504.668,503.898,510.22336,506.52933
MRTN,81.9525,82.0335,82.26092,82.661705,82.66291
MLM,62.44,62.501,62.199,62.241367,62.268856
MAS,286.07333,284.1,263.75537,260.4,260.4
MASI,53.326,53.326,54.11541,54.9481,54.9481
MTZ,76.311,76.332,75.06122,73.75232,73.81818
MA,1003.111,997.449,994.281,993.0407,992.53577
MTDR,116.647,116.641,116.569,116.56397,116.84041
MTRN,20.399,20.403,20.405,20.309847,20.322226
MTRX,27.131447,27.162,26.677,26.139761,26.460196
MATX,42.855,42.867,43.041,43.041264,43.07564
MAT,345.535,346.715,346.871,346.89825,346.89737
MATW,31.488459,31.34,31.29,31.269344,31.264908
MXIM,271.096,270.609,269.394,266.6254,267.40152
MMS,63.811,63.979,63.943,61.31262,61.31262
MXL,71.22,71.566,71.947,72.35671,73.91972
MKC,247.14,247.198,247.282,247.89061,
MCD,753.0933,753.0933,745.44666,743.55615,744.10254
MCK,180.1879,176.93044,177.08102,162.1156,160.56442
MDU,199.059,200.384,200.522,200.522,200.522
MPW,459.778,517.44037,522.435,528.641,528.82947
MED,11.836,11.615371,11.765154,11.78097,11.765496
MD,84.21257,84.298,84.277,85.40925,85.46173
MEDP,35.697,36.03,35.484474,35.374485,35.757454
MDT,1341.669,1340.378,1340.166,1341.2988,
MERC,65.63,65.63,65.63,65.8,65.86809
MRK,2560.375,2545.984,2536.269,2524.101,2529.241
MCY,55.355,55.355,55.358,55.358,55.357693
MRCY,55.467,55.537,55.589,55.598732,56.000595
MDP,40.137,40.198105,40.25348,40.304543,40.390068
VIVO,42.711,42.827,42.829,42.83286,42.8626
MMSI,55.175,55.209,55.217,55.384037,55.484184
MTH,38.281,38.299,37.597458,37.597458,37.603516
MTOR,81.4,78.12824,73.91003,72.25928,72.3
MLAB,4.358,4.365,4.37,5.086536,5.103451
CASH,37.879,37.584,34.607964,34.607964,34.627598
MEI,37.091,37.091,37.091,37.52974,
MET,919.6,919.631,915.828,907.58875,907.6625
MTD,24.3542,24.3542,23.981,23.907528,23.971266
MTG,348.709,348.709,340.8603,338.56702,338.5735
MGM,513.9138,514.984,492.691,493.21768,493.28116
MGPI,17.025,17.027,17.052,16.895521,16.913313
MCHP,238.044,238.978,239.538,252.44952,252.4515
MU,1107.051,1110.874,1112.186,1110.9984,
MSFT,7635.409,7628.8057,7606.047,7583.4404,7567.653
MSTR,8.204,8.081,7.728917,7.728917,7.673402
MAA,114.044,118.31357,114.27966,114.365204,114.365204
MTX,35.06261,34.854996,34.473835,34.111702,34.119514
MKSI,54.485,54.51,54.871,54.96431,55.125263
MHK,72.152534,71.622,71.673,71.672775,71.195045
MOH,62.711,62,60.846,59.2,59.3
TAP,196.23032,196.249,196.27,196.47202,196.56804
MCRI,18.05,18.082,18.141,18.18583,18.189562
MDLZ,1442.151,1439.824,1432.943,1427.4641,1428.3384
MPWR,43.244,43.616,44.602,44.74,44.913
MNRO,33.224,33.272,33.284,33.284355,33.2859
MNST,544.879,537.682,536.896,526.5636,527.3964
MCO,189.2,188.8,187.208,187.5,187.7
MOG.A,32.503,32.222,31.332012,30.003471,30.003471
MS,1624,1618.5979,1576,1575.6564,1576.761
MPAA,18.89,18.958,18.965,18.97238,19.020588
MSI,166.556,171.336,171.553,170.06734,169.7871
MOV,16.412,16.414,16.424,16.521046,
COOP,91.07558,91.087,91.118,91.97003,92.02198
MSA,38.719,38.738,38.858,38.850475,38.883633
MSM,45.045,45.199,45.427,45.525463,
MSCI,84.699,84.707,85.01475,85.01475,83.63718
MTSC,19.334452,19.159,19.186,19.235943,19.276522
MLI,56.666,56.952,56.995,56.772346,56.791916
MUR,157.23004,152.93536,153.169,153.573,153.59862
MUSA,30.759651,30.759651,29.177637,29.177637,28.567717
MYE,35.494,35.52,35.725,35.76795,35.79483
MYRG,16.644,16.648,16.657,16.6858,16.708925
MYGN,73.866,74.389,74.55,74.5547,74.70931
NBR,7.26916,7.26832,8.386623,7.29978,7.295792
NDAQ,164.688,163.915,165.012,164.07085,164.2584
NBHC,31.139,31.171,30.778494,30.562456,30.569012
FIZZ,46.626,46.563,46.616,46.62563,
NFG,86.314865,86.325,86.561,86.5609,90.95427
NATI,131.885,131.059,130.759,130.59508,131.43611
NOV,385.896,385.832,385.947,388.22302,388.2837
NPK,6.995,6.997,7.006,7.019214,7.021388
NNN,171.63664,171.638,171.963,171.96416,173.54007
NSA,59.296,59.659107,68.027214,68.14377,69.17787
NTUS,34.06933,34.09,34.105,33.80204,33.87137
NAVI,221.03673,221.03673,193.33313,193.814,186.28008
NBTB,43.777,43.792,43.845,43.587,43.61134
NCR,127.38512,127.6,129.208,127.8,128.4
NP,16.861,16.815,16.848,16.79145,16.802189
NKTR,175.274,175.922,177.557,177.98985,178.89977
NEOG,52.423,52.711,52.911,52.96399,
NEO,103.85892,104.408,104.832,109.735245,110.43063
NTAP,237.91255,228.22621,221.17703,221.93379,
NFLX,438.25128,438.251,438.807,439.80405,441.01544
NTGR,31.11348,30.147505,29.453999,29.549393,29.903517
NTCT,74.83804,74.83804,73.855225,72.22091,72.45517
NJR,89.98,95.5026,95.571,95.75202,95.93019
NYCB,467.362,467.351,467.301,463.93704,463.90967
NYMT,262.62262,291.37103,377.468,377.4654,377.74448
NWL,423.4,423.4,423.5,424.1,424.3
NEU,11.188,11.189,10.938744,10.938744,10.923999
NEM,819.894,819.839,807.788,802.5846,803.0711
NWSA,385.645,388.557,388.636,388.85687,388.9937
NWS,199.63,199.63,199.63,199.63023,199.63023
NXRT,24.799906,25.034,25.297,24.299452,24.29865
NEE,1955.004,1955.104,1955.864,1957.8002,1958.5911
NXGN,64.668434,64.668434,65.70126,66.105064,66.66936
EGOV,66.96,66.965,66.968,66.97003,67.021355
NLSN,355.674,355.81,356.369,356.4756,356.75397
NKE,1246.028,1242.356,1240.017,1244.8713,
NI,373.347,373.54373,382.26334,382.79947,383.02304
NMIH,67.768,67.981,68.438,84.80476,84.80516
NDSN,57.49,57.741,57.858,57.68028,
JWN,154.915,155.253,156.346,157.03285,
NSC,260.74667,260.74667,256.17914,256.17914,255.10925
NTRS,211.882,209.709,209.267,208.05203,208.09264
NFBK,49.253983,49.175,49.291927,49.291927,53.12601
NOC,169.198,168.533,167.637,166.70273,166.71407
NWBI,106.643,106.673,106.934,127.57333,127.80558
NWN,30.443,30.436,30.484,30.528957,30.547293
NWE,50.443,50.447,50.495,50.494915,50.57605
NLOK,618.0316,623.247,600.38416,589.0287,591.0029
NCLH,212.75752,213.08241,213.203,256.34695,275.6189
DNOW,108.797,108.8,109.20768,109.308266,109.37962
NRG,252.98788,252.988,250.54181,244.08707,244.13785
NUS,55.547,55.547,55.547,51.899033,51.387184
NUE,303.157,303.215,301.132,301.13474,301.89508
NUVA,52.066498,52.074,52.149,51.24846,51.25271
NVT,169.11351,169.15,169.493,169.84955,169.92958
NVDA,609,612,612.486,615,
NVR,3.698185,3.632772,3.688,3.680823,3.702385
OXY,894.4798,893.317,899.50305,918.20233,930.14215
OII,98.93,98.93,99.267,99.267914,99.28661
OPI,48.111664,48.203,48.202,48.201,48.2278
OFG,51.347057,51.347057,51.419,51.340584,51.34223
OGE,200.176,200.176,200.177,200.169,200.16985
OI,155.63051,155.631,155.908,156.95584,157.1657
OIS,60.508,60.503,60.989,60.94113,61.03063
ODFL,120.00942,119.73599,119.54593,117.948166,117.33144
ONB,170.031,170.031,165.109,164.76176,165.093
ORI,303.201,303.57,303.793,303.99268,304.03564
OLN,159.67134,157.7,157.825,157.85115,157.86205
OLLI,63.589,63.662,63.749,65.75329,
ZEUS,10.899,10.996,10.996,10.986068,11.0749
OHI,218.29091,226.631,226.81,226.9017,226.97108
OMCL,41.6557,41.9381,42.465813,42.619694,42.763115
OMC,217.5237,217.732,216.868,214.28288,214.86873
OGS,52.735,52.737,52.859,52.86556,52.920532
OKE,412.968,413.085,413.319,444.00632,444.20193
OSPN,40.33527,40.201,40.271,40.31363,40.34529
ONTO,24.83,50.062,50.38169,48.55237,48.81539
ORCL,3282.517,3207.649,3153.584,3068.682,
OSUR,61.725,61.726,62.74809,71.266,71.55844
ORLY,75.72778,75.659,74.252,74.22565,73.27238
OFIX,19.031,19.055,19.179,19.202587,19.327526
OSK,68.39524,68.258,68.31,68.0707,68.10625
OSIS,18.219,18.357,18.305,18.011234,18.080418
OMI,62.958,62.852,63.05,63.007805,63.765194
OC,108.792,108.787,108.244,107.84123,108.01419
OXM,17.035,17.04,16.750402,16.717987,
PCAR,346.36914,345.874,346.392,345.7269,346.14893
PPBI,59.35868,59.364,59.556,93.973465,94.35187
PCRX,41.635,41.731,42.033,42.12075,42.742176
PKG,94.663,94.658,94.85,94.84278,94.83502
PACW,119.83119,119.78161,117.91679,118.3746,116.749985
PLMR,23.469,23.469,24.21875,25.254862,25.46832
PZZA,31.785294,31.946,32.285,32.466248,32.81422
PARR,51.008846,51.182,53.6,53.863007,53.96521
PKE,20.518,20.519,20.518824,20.381426,
PK,240,239.387,239.982,235.59425,235.60466
PRK,16.414,16.346,16.27,16.296427,16.300768
PH,128.499,128.465,128.363,128.2174,128.79807
PATK,23.869,23.764,23.594223,23.504223,23.448725
PDCO,95.552,95.72,95.806,95.975,
PTEN,202.60684,194.54163,192.15176,186.503,187.4061
PAYX,357.944,358.386,358.715,358.76968,
PAYC,58.420666,57.66,58.832,57.43308,58.532913
PCTY,53.082,53.513,53.609,53.686172,53.81348
PYPL,1176.675,1174.192,1172.955,1174.1609,1173.2998
PBF,119.894,119.844,119.785,119.9866,120.14834
CNXN,26.318,26.345,26.345,26.10745,26.125677
PDCE,62.649,61.6167,99.429,99.54292,99.600044
PDFS,32.443,32.35,32.781567,32.795326,36.521286
PEB,130.633,130.634,130.959,130.75626,130.86519
PENN,115.870155,115.913,116.864,133.46478,155.16005
PVAC,15.107,15.123,15.158,15.158,15.175667
PMT,87.807434,100.18223,100.34,99.84139,99.27526
PNR,168.04913,168.093,165.72519,165.72519,165.90877
PEN,34.793,34.914,35.071007,35.940315,36.10744
PBCT,392.57,444.12396,424.66156,424.65762,424.77707
PEP,1394.435,1389.241,1387.5005,1384.6328,
PRDO,70.111,70.377,69.05348,69.06147,69.13075
PRFT,32.841,32.611,32.892,33.082455,33.248756
PKI,111.076,111.101,111.304,111.386185,111.814514
PRGO,136.055,136.11,136.127,136.3,136.4795
PRSP,162.297,161.774,161.472,160.58405,160.75807
PETS,20.175,20.175,20.166,20.166382,20.272072
PFE,5531.048,5534.122,5547.639,5554.834,5556.88
PGTI,58.586,58.405,58.58,58.925777,58.962776
PAHC,20.288,20.288,20.288,20.287575,20.287575
PM,1555.84,1555.875,1557.106,1557.1295,1557.2874
PSX,444.35757,444.358,437.838,436.6747,436.69666
PLAB,67.197,65.41637,65.119736,65.6224,
DOC,185.317,189.9754,202.55693,202.55948,208.14417
PPC,249.308,249.57,249.217,246.73787,244.03157
PNFP,76.95,76.565,76.41211,75.848015,75.84424
PNW,112.304,112.411,112.439,112.49346,112.55697
PXD,167.144,165.647,165.715,164.86322,164.27617
PIPR,13.7,14.357301,17.318184,17.949955,17.92934
PBI,170.90002,170.848,171.35481,172.62689,173.08212
PLT,39.576,39.916,39.928,40.68356,40.743645
PLXS,29.004,29.247,29.355,29.186367,29.245564
PNM,79.653625,79.653625,79.653625,79.653625,79.653625
PII,61.123,61.173,61.565,61.249313,61.338505
POOL,39.922,40.038,40.256,39.935524,40.075874
POST,72.1,70.719,69.90671,68.17734,67.70434
PCH,67.187,67.221,67.352,66.95163,66.871284
POWL,11.567,11.589,11.597,11.614013,11.614613
POWI,58.662,58.844,59.412,59.68016,59.77432
PPG,236.293,236.463,235.91,235.92343,235.97736
PPL,722.247,723.033,767.8136,768.7635,768.783
PRAA,45.409,45.411,45.416,45.5412,45.579483
PRAH,62.795364,63.248,63.563,63.625744,63.961025
PFBC,15.325319,15.325319,14.933768,14.902,14.902
PBH,50.241295,50.233,50.266,50.18886,50.18886
PSMT,30.537,30.613,30.601,30.64899,
PRI,41.880768,41.35963,41.108,40.778957,39.51953
PFG,278.796,277.672,274.688,273.86777,274.5187
PRA,53.76,53.791,53.793,53.844494,53.889233
PRG,67.547,67.152,66.745,67.571556,67.14056
PRGS,44.786,45.101,44.788,45.035854,
PLD,631.129,641.73,739.09,738.582,738.768
PUMP,100.42,100.42,100.42,100.84984,100.898445
PB,68.397,94.404,92.652,92.66071,92.66046
PRLB,26.882,26.759,26.788,26.612751,26.706556
PFS,65.76047,65.989,66.045,65.74118,78.74184
PRU,402,402,396.044,395,395
PSB,27.431,27.437,27.441,27.479439,27.482494
PTC,115.179,115.493,115.494,115.695435,116.11797
PEG,505.636,505.726,505.127,505.62534,505.75558
PSA,174.598,174.68,174.637,174.79274,174.8028
PHM,274.2187,271,269.48007,268.1485,268.17767
PVH,74.14381,72.95832,70.883446,70.937096,
QEP,237.913,237.792,242.18239,242.18239,242.32483
QRVO,117.785,116.17413,115.685,114.42393,114.23646
KWR,17.667072,17.732,17.733,17.758644,17.799606
QCOM,1215.6577,1141.8448,1143.043,1124.928,1128.2659
QLYS,39.23857,38.76228,39.092,38.95898,39.246506
NX,33.162,33.083,32.948,32.80174,
PWR,142.182,142.294,137.64598,137.6466,138.84335
DGX,134.67,134.697,133.45506,133.73183,134.30263
QDEL,41.441,41.652,41.88,41.999004,41.950138
QNST,50.96666,51.225,51.697,51.95255,52.666943
RCM,112.15132,112.865,114.463005,114.89449,115.57897
RDNT,50.127,50.312,50.694374,50.399673,51.57476
RL,51.84,49.735134,48.861816,47.777206,48.163406
RMBS,111.12744,111.493,113.273,113.27523,113.74365
RRC,251.369,251.427,254.71533,255.74733,256.08014
RAVN,35.927,35.76,35.78,35.834675,
RJF,138.843,138.723,139.284,137.03052,137.15977
RYAM,63.249977,63.211,63.18,63.250767,63.351227
RYN,129.63,129.313,129.333,136.3323,136.51212
RTX,862.919,863.098,866.1649,1516.2689,1527.6553
RMAX,17.833158,17.836,18.123962,18.123962,18.372133
RC,44.421814,51.097885,52.027,54.837696,54.872787
RLGY,114.324,114.341,115.252,115.3723,115.43635
O,325.91,333.6191,344.05222,343.41605,345.03934
RRGB,12.968,12.94,12.883,12.913659,15.540955
RWT,112.09002,112.689514,114.353806,114.9402,111.90432
RBC,41.93492,40.942184,40.654,40.519714,40.578842
REG,167.557,167.564,167.71588,169.62903,169.62903
REGN,107.983,107.947,108.171,110.67331,104.54343
RGNX,36.807,36.874,37.139,37.24112,37.334015
RF,964,964.639,957.393,959.6796,960.16565
RGS,35.548035,35.548,35.566,35.624172,35.665775
RGA,62.761,62.611,61.635956,61.648136,67.93586
RS,66.655,66.657,63.640762,63.640762,63.75815
RNR,44.162,44.162,44.03362,50.810425,51.21678
RNST,57.455307,57.249,56.183,56.15758,56.18255
REGI,38.958744,38.964,39.014,39.04867,39.292152
RCII,54.270027,54.754436,55.230576,53.78091,53.825726
RGEN,51.530792,52.05885,52.084,52.305744,52.50259
RSG,320.751,319.1447,319.153,318.1,318.49335
REZI,122.779,122.818,122.937,123.14803,123.44317
RMD,143.671,143.786,144.617,144.66843,144.90065
RGP,32.027,32.14,32.144,32.144,
ROIC,114.312,115.996,116.796,117.64004,117.929054
RPAI,213.655,213.655,213.95,214.122,214.25262
REX,6.293,6.293,6.293,6.184646,
REXR,110.88427,113.7933,116.331345,122.68483,123.7892
RH,18.676039,18.99701,19.238682,19.290966,
RLI,44.787,44.836,44.921,44.922657,44.952602
RHI,117.561005,117.561005,115.1204,114.60224,114.63513
ROK,117.00764,115.667,116.184,115.82396,115.966965
ROG,18.56,18.572,18.662,18.662086,18.674828
ROL,327.486,327.442,327.777,327.76746,327.75882
ROP,104.002,104.058,106.109665,104.39664,104.710815
ROST,361.73,358.882,355.387,355.9216,
RCL,209.561,209.631,209,209.38538,214.66794
RGLD,65.56,65.592,65.573,65.581085,65.59104
RES,214.579,214.5,214.432,215.25966,215.12325
RPM,129.68,129.767,129.491,129.97212,
RPT,80.36,80.376,80.606,80.58606,80.94644
RUTH,30.056599,29.50104,29.315,34.19817,34.92344
R,53.335,53.292,53.9493,53.735966,53.81884
SPGI,246.3,244.4,240.69519,240.9,241
STBA,34.437,39.53684,39.463,39.24251,39.251637
SBRA,193.6969,202.31744,205.27448,205.559,205.56068
SABR,273.676,273.886,273.75604,275.52322,316.9642
SAFE,40.444,47.781788,51.034748,51.034748,51.109913
SAFT,15.384,15.384,15.383,15.309497,14.893698
SAIA,25.906,25.936,26.063,26.072708,26.14883
SAIL,89.123,89.211,90.043,90.185974,90.68117
CRM,877,887,895,899.41174,
SBH,116.725,116.32637,116.786,112.87068,112.85237
SAFM,22.153,22.229,22.238,22.239574,
SANM,69.598,69.977,70.645,68.20767,67.763794
BFS,23,23.1,23.2,23.2,23.2
SBAC,113.106,112.601,111.929,111.624886,111.938545
SCSC,25.241116,25.267,25.346,25.345789,25.361298
SLB,1383.005,1384.389,1388.162,1387.8129,1388.1017
SCHL,33.052,32.95,32.614513,32.525215,
SWM,30.896,30.897,31.192,31.195562,31.344604
SAIC,57.701393,57.72378,57.72378,58.11924,
SGMS,93.1431,93.252,93.871,94.47488,94.70511
SBCF,51.461,51.514,52.706856,52.990654,55.168617
CKH,20.087,20.179,20.179,20.333023,20.339642
STX,264.14484,262.711,260.956,256.6249,256.53696
SEE,154.526,154.516,154.671,155.66264,155.67648
SEIC,151.024,150.256,149.976,147.93196,146.50159
SEM,135.621,134.326,134.315,133.97707,133.97707
SIGI,59.37,59.402,59.708,59.70758,59.8121
SRE,274.55057,281.89594,292.393,292.5453,289.25967
SMTC,66.53,66.246,65.795,65.13203,
SENEA,7.54,7.519,7.418535,7.418535,7.383993
SXT,42.319,42.319,42.327,42.357693,42.357147
SCI,182.361,182.783,184.77974,178.14381,176.21901
SVC,164.364,164.565,164.562,164.566,164.5976
NOW,187.4618,188.6,189.8,190.70375,195.1
SFBS,53.536,53.592,53.714,53.84401,53.88236
SHAK,30.55821,33.751698,34.42226,38.173088,38.23702
SHEN,49.857,49.857,49.829,49.842,49.852173
SCVL,14.67184,14.193253,14.009059,14.090765,
SSTK,35.295,35.457,35.505,35.631027,36.21529
SBNY,55.09582,55.09582,55.09582,55.09582,55.09582
SIG,52.263,52.347,52.346,52.32284,
SLGN,111.176,110.768,110.78,110.8712,110.885826
SLAB,43.344,43.373,43.877,43.687286,43.795567
SFNC,96.6,113.96385,108.94752,108.969,109.01638
SPG,306.86096,306.86096,306.86096,305.74716,305.8872
SSD,44.675,44.327,44.366,43.46398,43.474747
SLP,17.623,17.643,17.768034,19.638239,
SITC,180.562,193.804,193.831,193.14925,193.19115
SIX,84.356,84.524,84.657,84.6865,84.76195
SKX,133.751,133.914,134.498,136.17377,136.3023
SKYW,50.919,50.421,50.257,50.14017,50.18135
SWKS,171.703,170.375,169.563,166.8359,167.03609
SLG,81.515,79.203,77.93549,73.675,73.04
SNBR,28.427,27.961,27.636,27.636,27.725
SLM,422.1689,422.169,375.08896,375.09647,375.23578
SM,112.857,112.857,112.988,112.989,114.45889
SGH,23.081,23.838396,23.993,23.993,24.159313
SNA,55.21,54.846,54.687,54.35424,54.46615
SEDG,47.97105,48.611,49.235,49.630558,50.11855
SAH,31.105,31.105,30.678,30.890394,30.58289
SON,100.077,100.098,100.338,100.329315,100.37649
SJI,92.39,92.393,92.448,92.46222,100.58791
SBSI,33.749,33.769,33.012,33.012,33.03332
LUV,537.517,526.2761,508.76874,589.38556,589.87213
SWX,54.324287,54.626,55.118,55.118,55.914516
SWN,541.317,541.297,541.058,541.6886,605.4912
SPTN,36.334,36.347,35.840916,35.680866,35.833252
SPPI,112.856,112.973,114.799,114.799,145.73355
SR,50.809,50.977,51.068,51.235146,51.482426
SRC,90.10818,99.73,102.52279,103.01885,103.043106
SPOK,19.229,18.854,18.945,19.023794,19.023794
SFM,118.113,118.139,117.544,117.786606,117.94445
SPSC,34.883,34.839,35.019,34.92777,35.12821
SPXC,44.034,44.145,44.227,44.55942,44.690258
FLOW,42.563,42.567,42.64,42.64755,42.42647
STMP,17.164,17.074,17.056,17.085035,17.575686
SMP,22.322,22.456,22.462,22.313194,22.34827
SXI,12.44,12.462,12.453,12.409429,12.380901
SWK,151.743,153.50641,154.02547,154.12709,159.68175
SBUX,1184.6,1181,1173.7,1168.1,1169
STT,363.6233,357.3894,354.342,351.9564,352.38324
STLD,219.61314,215.45216,212.679,210.33212,210.3648
SCL,22.557,22.505,22.537,22.472643,22.413778
SRCL,91.121,91.128,91.271,91.417046,91.48289
STE,84.687,84.783,84.813,84.9514,85.0531
STL,202.39288,198.45532,197.97108,194.45543,202.39288
SHOO,84.860214,84.097,83.799,83.15421,83.151405
STC,23.712,23.707,23.68,23.68291,26.727259
SF,69.58445,68.328026,68.6522,68.48519,68.558105
SNEX,19.164,19.111,19.302,19.21771,19.368298
STOR,234.80411,239.8229,244.15924,253.29836,261.34845
STRA,21.964504,21.964504,22.207394,22.214598,24.407915
SYK,373.105,374.4,374.828,374.828,375.6058
RGR,17.485,17.485,17.452,17.483154,17.495852
INN,105.127,105.165,105.174,105.60302,105.69654
SXC,91.20845,86.755196,83.739,82.76118,82.768074
RUN,117.607475,118.058,119.38555,120.33016,126.89422
SUPN,52.449,52.463,52.534,52.53866,52.664085
SRDX,13.491,13.588,13.59,13.608433,13.645174
SIVB,51.539,51.568,51.547,51.513226,51.76094
SYKE,41.59091,41.434,41.549,40.503708,39.56551
SYNA,33.00318,33.464176,33.940407,34.035706,34.262863
SYF,653.7,646.193,587.2326,583.7078,583.755
SYNH,103.485,103.796,104.247,104.169106,104.474525
SNX,51.075,51.44143,51.47595,51.494724,
SNPS,150.287,150.535,150.227,150.78871,
SNV,147.594,146.545,147.296,147.28587,147.31294
SYY,513.177,510.227,508.509,507.1984,508.5356
TROW,235.565,233.677,233.36482,227.54889,226.98563
TRHC,22.088,22.205,22.382,23.020885,22.960407
TCMD,18.968,19.028,19.155,19.233044,19.413004
TTWO,113.178,113.347,113.424,113.94276,114.33876
TALO,54.192,54.197,65.34227,65.34227,73.0217
SKT,93.544,92.893,92.892,93.46601,93.47227
TPR,287.83,275.93564,276.029,276.09848,277.37354
TGT,510.929,506.737,499.82855,500.01547,
TCO,61.209,61.22,61.238,61.60838,61.71537
TMHC,105.30895,105.8405,134.44835,129.59996,129.69481
TCF,153.48302,153.407,152.304,152.10893,152.23396
TEL,335.935,334.475,334.142,329.84787,330.03848
TISI,30.293,30.364,30.519,30.627638,30.627638
FTI,446.482,447.065,447.447,448.3034,449.33212
TTGT,27.652073,28.142519,28.028446,27.536785,28.098707
TGNA,216.654,216.904,218.353,218.53014,218.9551
TDY,36.379,36.47,36.644,36.663612,36.86342
TFX,46.233,46.296,46.371,46.42542,46.51603
TDS,107.4757,107.4757,107.5436,107.0349,107.0349
TPX,219.248,216.36107,208.3941,206.1533,206.26509
THC,103.448,103.895,104.289,104.71519,105.38922
TNC,18.206,18.267,18.35,18.442501,18.462465
TDC,114.1,112.5,110.56,108.5,109
TER,169.946,167.57767,166.615,165.7683,166.03233
TEX,71.2,71.3,69.417984,69.3,69.3
TTEK,54.649,54.588,54.684,54.02607,53.888317
TCBI,50.298,50.328,50.397,50.42606,50.447826
TXN,933.62,934.775,933.685,917.77264,915.9438
TXRH,69.57383,69.409,69.406,69.31081,69.40397
TXT,230.12358,228.263,227.645,227.645,228.03546
AES,663.85,663.893,664.768,664.9075,665.13116
ALL,329.1918,319,316.914,314.1161,312.31616
ANDE,32.6,32.6,33.532574,32.9,33
BK,922.199,900.683,885.051,885.4428,885.8617
BA,562.71,562.791,564.226,564.3253,564.4487
SAM,9.185,9.216,9.481434,9.655555,9.901752
BCO,49.999,50.025,50.436,50.485935,50.52066
BKE,49.224,49.225,49.408,49.408,
CATO,23.002628,22.873,21.881638,22.252037,
SCHW,1307.1831,1284.579,1286.216,1287.3844,1288.6418
CAKE,44.631523,44.634,45.461334,45.46213,45.46228
CHEF,30.291365,30.333,30.465,37.666508,37.797546
CC,163.482,163.501,164.006,164.23236,164.24026
PLCE,15.57096,15.064783,14.544465,14.585719,
CLX,125.467,125.503,125.1,125.1,125.97704
KO,4276.027,4284.491,4293.402,4294.891,4295.439
COO,49.574,49.167,53.33045,53.33309,
SSP,68.94,68.982,69.393,69.456795,69.61058
ENSG,53.386353,53.353,53.531,53.672127,53.77068
EL,221.861,222.551,222.319,224.7632,226.13931
GPS,375.788,373.299,372.639,373.4707,
GEO,121.252,121.275,121.238,121.362,121.33395
GS,359.5635,347.34317,345.67276,343.8866,344.07617
GT,232.521,232.564,232.688,232.688,233.01056
GBX,32.596,32.596,32.668,32.70093,
HAIN,104.219,104.33351,104.385,101.954185,100.85393
THG,39.553955,38.4,38.17,37.997944,37.719265
HIG,361.581,360.421,358.252,358.07498,358.1964
HSY,148.965,148.308,148.13583,147.39584,147.4087
HD,1095.153,1090.831,1074.116,1075.5228,
IPG,387.223,387.732,387.824,389.61392,389.92288
SJM,114.048,114.056,114.038,114.10778,
KHC,1219.991,1221.1606,1221.757,1221.8331,1222.5786
KR,801.621,800.587,778,777.92584,
MAC,141.265,141.265,141.297,141.53499,149.46367
MCS,22.984,22.988,23.023,23.13183,23.135199
MIK,155.27464,146.785,146.84666,147.33989,
MIDD,55.671,56.141,56.19,55.580048,55.61766
MOS,385.867,378.76443,378.76443,379.02048,379.09003
NYT,165.207,165.235,165.853,165.86072,165.95319
ODP,54.6378,53.51823,52.9088,52.63384,52.66495
PNTG,#N/A,27.847,27.885,27.908562,27.98065
PNC,439,433,424,424.26044,424.50284
PG,2502.633,2493.812,2469.453,2475.6426,2489.6213
PGR,584.6,584.6,585.298,585.29846,585.6
PRSC,12.904172,12.899,13.026,13.781216,14.050275
SMG,55.497,55.82,55.596,55.50205,55.768818
SHW,92.256,92.309,90.8,90.8,91.04966
SO,1045.232,1048.734,1054.228,1055.9557,1056.1307
JOE,60.206,59.41458,59.41458,58.89895,58.88255
TKR,76.042,75.324,75.813,75.06615,75.09827
TJX,1212.6676,1212.6676,1212.6676,1197.8771,
TTC,106.602,106.602,106.979,107.17381,
TRV,260.386,255.5,255.031,252.83583,253.19118
DIS,1801.379,1802.398,1805.439,1806.2667,1807.0634
WEN,230.603,230.04709,223.03226,222.69281,223.81798
WU,419.9,418,413.1224,410.90482,411.00397
WMB,1212.022,1212.049,1212.495,1213.197,1213.5585
TMO,400.476,400.991,398.828,394.951,395.5894
TPRE,94.037,94.221,94.213,94.881226,94.920204
THO,55.199,55.199,55.199,55.198757,
TIF,120.799,119.984,121.33509,121.34667,
TMST,44.816,44.82,44.938,44.965977,45.036324
TWI,60.166,60.288,60.362,60.602295,60.92378
TVTY,47.833,47.994,48.434,48.486057,48.560368
TMUS,854.457,855.575,856.93286,1238.7986,1237.809
TOL,140.429,129.799,126.732,125.629,
TMP,15.098,14.94,14.925,14.907286,14.917458
TR,40.409992,40.18957,39.952,39.7694,39.663933
BLD,34.282,33.948,33.503,33.327206,33.080597
TSCO,119.26496,118.386,116.02464,115.63012,116.2237
TT,241.577,238.317,238.40103,239.20793,239.35416
TDG,53.375,53.548,53.688,54.07232,54.20628
TG,33.353,33.35,33.365,33.510715,33.51695
THS,56.201,56.213,56.264,56.434444,56.501614
TREX,116.85,116.674,116.41305,115.70643,115.75631
TPH,139.2377,136.14963,134.20374,130.23698,130.32587
TRMB,251.78987,249.134,250.166,249.76186,250.21577
TRN,127.87431,122.685,118.36903,117.833595,118.66151
TSE,40.2007,39.179802,38.320507,38.238976,38.268723
TRIP,126.5,124.58177,123.286835,121.39181,121.64061
TBK,25.357985,24.96496,24.10112,24.097486,24.851582
TGI,50.059,50.085,51.849182,51.898357,52.072826
TBI,40.07,38.955,36.127686,36.12619,36.06129
TFC,766.30347,1341.3352,1345.0016,1347.5271,1347.6089
TRUP,34.79,34.947,34.959,35.100334,35.26857
TRST,96.91,96.917,96.802,96.432655,96.432655
TRMK,64.401,64.26,63.943,63.420864,63.42244
TTEC,46.483,46.485596,46.491,46.59712,46.73359
TTMI,105.493,105.494,105.957,106.243675,106.725174
TUP,48.792,48.899,48.971024,49.013958,49.117622
TWTR,773.01764,776.357,783.237,784.629,790.949
TYL,38.582787,39.308617,39.396,39.761627,40.24079
TSN,294.676,295.365,294.30978,294.30978,294.2511
USB,1575.827,1534,1521.261,1506.2891,1506.3625
USCR,16.66,16.699,16.671701,16.6721,16.671808
USPH,12.774,12.774,12.775,12.843896,12.843047
SLCA,73.58,73.568,73.756,73.80713,73.89052
UDR,292.84235,293.053,294.631,294.88602,295.06686
UFPI,61.367,61.39,61.10248,61.10248,61.16918
UGI,208.95969,209.011,208.548,208.26718,208.32088
ULTA,58.849,57.161343,56.309475,56.31171,
UCTT,39.545,39.9,39.9,39.9,40.5
UMBF,49.068,49.092,48.928,48.136925,48.02391
UMPQ,220.199,220.217,220.438,220.21533,220.2218
UA,228.653,228.914,229.07,231.19133,231.50505
UAA,188.144,188.202,188.306,188.45248,188.5321
UFI,18.49,18.496,18.505,18.446436,18.446554
UNF,15.294,15.289,15.247,15.248511,
UNP,704.53,694.2,678.5539,678.56805,678.8388
UIS,62.378,62.395,62.902,62.970005,63.01724
UAL,256.92148,253.044,247.95111,290.4468,290.9839
UBSI,101.872,101.531,101.7236,129.7799,129.75542
UCBI,79.079,78.982,78.506,78.29027,86.47248
UFCS,25.257,25.032,25.051,25.016092,25.031235
UIHC,43.231,43.234,43.028,42.98337,43.06838
UNFI,53.434242,53.508,53.618,54.686954,
UPS,698.335,700.755,702.088,704.1169,707.08124
URI,77.162796,75.156,74.07793,72.04949,72.08028
X,170.743,170.038,170.247,220.37584,220.37584
UTHR,43.85,43.881,43.885,44.012325,44.411793
UNH,947.681,947.415,948.573,948.3795,950.33575
UNIT,193.143,193.276,193.264,194.09125,232.78049
UNVR,168.61844,168.61658,168.879,168.90094,169.06168
UVV,24.971,24.804,24.67,24.480497,24.488964
OLED,47.107,47.111,47.188,47.1058,47.10035
UEIC,13.879,13.928,14.015,13.913019,13.931552
UHT,13.757,13.757,13.758,13.758047,13.769667
UHS,81.23152,80.32497,78.351105,77.66928,77.700356
UVE,33.21148,33.21148,32.685097,31.853,31.852829
UNM,208.6309,206.268,202.971,203.42046,203.55698
UE,121.171,121.223,121.41507,116.53433,116.70131
URBN,97.975,97.975,97.777,97.77959,
UBA,29.892,29.99,29.991,29.994064,
ECOL,22.081,31.436953,31.516432,31.503073,31.509733
USNA,22.257042,21.643055,21.549,21.01433,21.01433
VFC,398.177,399.374,394.72028,389.55942,389.64865
VLO,414.403,410.653,409.337,407.6986,407.75726
VLY,331.806,403.8006,403.749,403.80075,403.7976
VMI,21.632744,21.526,21.524,21.356577,21.361582
VVV,188.19,188.441,188.448,185.03032,185.0353
VNDA,53.274,53.337,53.649,54.55046,54.651398
VREX,38.4,38.494,38.5,39.1,39.056965
VAR,91.061,90.909,90.666,90.81494,91.16134
VGR,147.79065,147.79,148.085,153.0849,153.29337
VECO,48.971,48.903,49.02,49.42839,49.61908
VTR,372.585,372.736,372.86,373.07486,373.08755
VRA,33.989,33.642426,33.121414,33.400063,
VRSN,118.372,117.409,116.418,115.539474,114.85368
VRSK,163.506,163.87,163.076,162.25911,162.38591
VBTX,52.373,51.064,49.557365,49.633,49.647366
VRTV,16.1,16.1,16.15,15.866822,15.8935
VZ,4136,4135.784,4140,4137.9956,4138.094
VRTX,257.035,257.15,259.269,259.2767,260.46735
VIAC,351.864,562.98346,562.71674,563.1057,563.7714
VVI,20.311857,20.326,20.351,20.396954,20.431442
VSAT,61.35256,61.35256,62.129257,62.14714,67.50156
VTRS,515.87,516.133,516.177,516.9472,516.94696
VIAV,228.855,229.79,230.253,227.9731,228.31825
VICR,28.52,28.646,28.844,30.958118,31.305645
VRTS,6.945,6.945,7.724,7.695445,7.664272
VRTU,30.247,29.843672,29.861,30.132816,30.295864
V,1726.9714,1711.838,1706.024,1687.1124,1686.0072
VSH,132.348,132.348,132.548,132.548,132.56075
VSTO,57.754,57.827,57.877,58.063984,58.062202
VC,27.954248,27.965,28.019,27.825047,27.827267
VG,242.098,242.627,242.919,245.36816,245.55173
VNO,190.813,190.85,190.986,191.11572,191.15114
VMC,132.287,132.355,132.555,132.43433,132.44814
WRB,183.176,183.675,183.422,178.7243,178.0038
GWW,53.866253,53.866,53.673,53.467937,53.571735
WNC,54.457,53.47362,53.082,52.849777,52.912987
WAB,191.69856,191.682,191.711,190.28862,190.29955
WDR,71.211,68.847,66.655,65.622665,62.548
WBA,892.541,885.862,877.22,866.5341,
WD,30.735,30.817,31.059,31.131823,31.104094
WMT,2844.284,2837.175,2833.702,2831.9534,
HCC,51.571,51.072,51.161,51.167698,51.1855
WAFD,79.401,78.34628,75.7061,75.7061,75.70606
WRE,80.084,82.099,82.115,82.31709,82.346725
WM,424.232,424.241,423.627,422.02502,422.46118
WAT,66.759445,64.43438,62.158047,61.908684,61.925972
WSO,32.61352,32.64767,32.718,32.758823,32.822624
WTS,27.641,27.602,27.598,27.489109,27.446693
WDFC,13.704,13.707,13.668,13.664786,
WBS,92.16,92.032,90.172,90.16971,90.19203
WEC,315.436,315.43454,315.43454,315.43454,315.43454
WRI,128.67,128.673,128.962,128.10321,128.10312
WFC,4269.1,4134.4,4089.398,4099.9976,4120.047
WELL,405.247,410.257,410.556,417.4793,417.3007
WERN,69.195,69.205,69.351,69.09703,69.09703
WST,73.749,73.991,73.8,73.602234,73.84068
WABC,26.982,27.055,27.102,26.939348,26.932928
WDC,296.00388,297.405,298.932,299.70102,302.5258
WRK,257.342,258.228,258.456,259.255,259.63635
WEX,43.8,43.289616,43.342,43.510513,44.094852
WY,744.929,745.142,745.519,746.206,746.267
WHR,63.527,63.2,62.678,62.163067,62.293823
WSR,40.234,41.49212,42.046734,42.135048,42.344563
WSM,78.022,77.467,77.21349,77.75898,
WLTW,128.994,128.573,128.721,129.6,128.85841
WING,29.443,29.453,29.457,29.583,29.598957
WGO,33.684986,33.68,33.697,33.69908,
WTFC,56.689,57.82189,57.373,57.56942,57.600765
WETF,155.099,155.213,156.437,149.796,149.87575
WWW,85.253,80.87573,81.069855,81.18776,81.87713
WWD,61.846,62.012,62.216,62.28957,62.383698
WRLD,9.04185,7.915,7.932,7.509384,7.420482
INT,65.381874,65.392,65.406,63.317795,63.48993
WWE,47.56126,47.457,46.21163,46.31613,46.68801
WOR,55.92382,56.067066,55.54729,53.362,
WPX,422.395,416.7409,559.3648,559.40295,561.01984
WW,67.298,67.322,67.428,67.53481,68.010735
WYND,90.704216,90.704,85.13482,85.13482,85.251076
WH,95.16746,95.16746,93.69532,93.09052,93.16105
WYNN,107.616,107.355,107.516,107.86826,107.84797
XEL,524.38403,524.3881,524.669,525.17084,525.3423
XNCR,56.62,56.721,56.944,57.004787,57.242886
XHR,112.642,112.642,112.723,113.456924,113.73071
XRX,218.963,212.59,212.789,212.93515,205.957
XLNX,252.605,251.46739,248.83656,243.19437,244.314
XPER,49.341,49.618,49.862,115.01147,108.471436
XPO,92.181,92.3,92.358,91.126366,91.325645
XYL,180.029,180.079,180.223,179.9153,179.95929
YELP,71.02752,70.20169,71.839645,71.88979,73.1321
YETI,85.775,86.774,86.786446,86.95285,87.01142
YUM,304.286,302.462,300.822,300.98596,301.39963
ZBRA,54.116,53.921,53.06499,53.091564,53.339844
ZBH,205.315,205.684,206.682,206.80211,207.04984
ZION,170.373,165.057,164.013,163.86195,163.978
ZTS,477.558,476.299,474.934,474.94077,475.1447
ZUMZ,25.764,25.803,25.410147,25.430813,
ZYXI,32.458,32.743,32.812,33.192516,34.705555
