,2015 EBITDA,2016 EBITDA,2017 EBITDA,2018 EBITDA,2019 EBITDA
DDD,-21.676,22.115,8.068,16.102,-6.81
MMM,8306,8493,8770,9262,8567
EGHT,8.995,3.533,3.768,-16.71,-66.317
AOS,456.4,526.5,589.8,623,545.1
AAON,82.984,92.609,89.155,72.994,90.114
AIR,62.2,115.8,115.4,126.5,141.1
ABT,4421,4602,4993,7122,7605
ABBV,9277,10984,12065,13903,15932
ANF,389.78,281.092,186.125,299.025,308.929
ABMD,33.046,69.434,97.93,169.479,238.018
ABM,143.3,163.7,198.6,303.3,326.9
ACHC,384.36,580.245,580.892,571.575,568.576
AKR,110.213,91.9,136.708,145.09,173.625
ACN,5130.967,5516.493,6063.031,6918.66,7246.167
ACIW,227.618,178.162,236.011,223.261,284.459
ATVI,1799,2596,2508,2989,2317
AYI,434.5,557.9,604.7,546.7,553
ADUS,23.071,21.882,32.064,36.007,50.026
ADNT,1045,1059,1115,645,467
ADBE,1187.791,1806.314,2461.24,3138.214,3964.918
ATGE,292.159,288.261,257.595,283.306,223.425
ADTN,27.724,49.142,54.872,-29.531,-13.536
AAP,1146.531,1067.644,848.55,901.859,917.851
AEIS,115.686,134.67,210.194,189.384,110.704
AMD,-164,-336,211,626,847
ASIX,133.77,94.206,202.849,146.496,119.043
ACM,1003.513,901.836,810.211,770.062,626.232
AEGN,117.205,109.295,113.987,100.158,96.086
AJRD,150.3,160.6,185.9,285.5,315.1
AVAV,10.818,16.741,25.492,36.398,45.892
AMG,929.5,765,847.4,914.5,877.8
AFL,#N/A,#N/A,#N/A,#N/A,#N/A
AGCO,646.1,573.9,707.6,807,805.6
A,802,982,1054,1117,1172
AGYS,-1.966,0.882,2.051,4.394,5.901
ADC,53.803,72.423,92.644,123.087,166.39
APD,2806.7,2425.1,2530.8,2886.1,3203.3
AKAM,768.336,805.225,767.64,844.216,1008.665
ALG,100.523,88.42,109.202,124.202,126.553
ALRM,23.69,21.104,52.073,36.25,75.438
ALK,1675,1838,1711,1130,1543
AIN,156.765,167.232,172.75,231.74,268.557
ALB,730.682,735.806,819.488,925.01,898.807
ALEX,152.4,106.1,83.3,243.6,86.1
ARE,513.796,568.419,714.809,965.818,1140.038
ALXN,725,1106,1451.1,2019,2479.9
ALGN,206.638,272.923,391.35,521.291,617.858
Y,#N/A,#N/A,#N/A,#N/A,#N/A
ATI,19.2,86.9,412.8,516.2,527.6
ABTX,#N/A,#N/A,#N/A,#N/A,#N/A
ALGT,468.507,474.728,387.596,372.81,519.802
ALLE,438.3,490.1,567.4,626.2,668.1
ALE,421.8,409,406.6,404.8,381.8
ADS,1827.2,1776.4,2120.7,1949.9,1696.2
LNT,990.7,1030.2,1136.9,1211.9,1344.9
MDRX,199.948,240.38,167.15,171.609,238.112
GOOG.L,#N/A,,,,
GOOG,23024,29321,35966,40566,47254
MO,8717,9257,9946,9693,10785
AMZN,8051,10406,13517,25330,30457
AMBC,#N/A,#N/A,#N/A,#N/A,#N/A
AMCX,1571.785,1718.934,1823.116,1854.299,1870.314
AMCR,1320.3,1341.1,1366.7,1396.4,1180.5
AMED,88.138,81.45,125.682,168.409,212.77
AEE,2152,2314,2382,2407,2341
AAL,8900,7833,6982,5606,6024
AAT,154.624,165.789,173.619,183.878,204.783
AXL,539.8,588.6,1032.4,1122.9,973.1
ACC,365.692,389.425,392.81,430.836,471.07
AEO,348.176,468.034,509.365,492.489,507.187
AEP,5465.8,5499.1,5456,5113,5326.2
AEL,#N/A,#N/A,#N/A,#N/A,#N/A
AXP,12885,12918,12993,15119,15200
AFG,#N/A,#N/A,#N/A,#N/A,#N/A
AIG,#N/A,#N/A,#N/A,#N/A,#N/A
APEI,73.618,68.365,55.728,50.909,37.644
AWR,161.163,153.825,158.05,141.561,162.533
AMT,2964.413,3465.912,3986.3,4525.6,4642.8
AVD,27.998,36.867,44.689,57.914,45.912
AWK,1512,1540,1729,1664,1786
AMWD,67.555,108.16,125.838,163.305,235.281
CRMT,53.784,26.381,41.787,48.846,71.612
AMP,2808,2132,2690,2965,2506
ABCB,#N/A,#N/A,#N/A,#N/A,#N/A
AMSF,#N/A,#N/A,#N/A,#N/A,#N/A
ABC,1557.126,2067.907,2441.197,2150.59,2355.069
AME,1093.776,1007.213,1070.047,1275.03,1411.422
AMGN,10266,11629,11922,12272,11779
AMN,149.832,221.228,244.903,241.665,242.613
AMPH,9.86,30.256,11.898,7.893,21.082
APH,1282.4,1457.2,1658.5,1995.1,1956.7
ADI,1048.524,1260.38,1755.047,2760.353,2609.77
ANGO,49.922,40.721,48.512,18.818,19.111
ANIP,39.6,49.107,57.16,70.436,61.038
ANIK,51.909,54.341,50.019,27.659,41.818
ANSS,432.149,446.229,470.145,539.329,600.615
AM,257.266,374.461,-41.134,-43.851,530.266
ANTM,#N/A,#N/A,#N/A,#N/A,#N/A
AON,2107,1668,1665,2518,3170
APA,3552,2962,3642,4759,3820
AIV,560.794,578.232,594.568,592.151,536.944
APOG,93.008,128.641,157.832,169.127,120.225
ARI,152.308,236.25,261.436,#N/A,381.169
AAPL,77130,68281,69428,80342,74542
AIT,228.794,203.941,212.726,275.69,329.801
AMAT,2000,2671,4227,4940,3713
AAOI,22.873,37.208,107.332,18.93,-24.733
ATR,464.938,470.902,478.789,530.845,588.417
APTV,2574,2219,2066,2274,2131
ARCB,168.538,142.336,167.379,255.985,196.858
ADM,2221,2794,2087,2910,2671
AROC,371.143,312.68,264.25,338.511,394.451
ARNC,#N/A,580,531,542,616
ACA,375.1,266.4,197.4,185.7,238.7
ANET,162.979,263.158,490.912,705.047,838.174
ARLO,#N/A,-11.02,9.471,-42.488,-127.81
AHH,50.516,62.277,70.753,70.835,92.502
ARR,28.073,27.59,275.712,#N/A,38.324
ARW,1044.246,1089.801,1215.8,1390.921,1094.598
ARWR,-81.60345,-82.29432,-32.30547,-51.23696,65.62977
AJG,725.7,813,896.7,1028,1219.1
ABG,330.9,334.2,325.1,348.3,370.9
ASGN,224.375,252.588,287.44,371.723,409.7
ASH,831,272,438,414,559
ASB,#N/A,#N/A,#N/A,#N/A,#N/A
AIZ,#N/A,#N/A,#N/A,#N/A,#N/A
AGO,#N/A,#N/A,#N/A,#N/A,#N/A
ASTE,75.79,111.871,81.576,-47.511,54.797
T,48637,51721,47894,55719,58594
AAWW,271.171,349.387,413.271,512.367,437.972
ATO,932.548,1000.373,1043.689,1089.017,1137.514
ATNI,139.844,147.989,148.477,124.224,108.866
ADSK,262.7,117.8,-281.2,-316.5,124.2
ADP,2291.9,2536.7,2734.4,2955.5,3413.6
AN,998,971.3,925.8,887.5,963.2
AZO,2222.992,2357.852,2403.191,2479.193,2578.943
AVB,1158.79,1279.549,1372.822,1451.467,1481.803
AVNS,220.8,210.9,24,68.4,31.5
AVY,717.6,779.1,929.4,990.1,998.8
AVNT,396.7,364.2,361.3,270,277
CAR,2953,3015,3040,2996,3908
AVA,401.049,454.728,482.452,452.149,436.058
AVT,1065.797,697.263,754.175,770.655,792.293
ACLS,25.605,21.163,52.844,65.731,32.085
AAXN,38.626,35.809,21.064,37.456,6.267
AX,#N/A,#N/A,#N/A,#N/A,#N/A
AZZ,156.914,168.612,157.225,98.774,128.502
BGS,210.023,316.566,288.691,244.27,284.089
BMI,62.968,73.207,80.02,81.184,86.294
BKR,1627,1758,1604,2773,3044
BCPC,133.642,138.013,143.409,153.523,150.406
BLL,1106.8,1144,1913,1625,1680
BANC,#N/A,#N/A,#N/A,#N/A,#N/A
BANF,#N/A,#N/A,#N/A,#N/A,#N/A
BXS,#N/A,#N/A,#N/A,#N/A,#N/A
BAC,#N/A,#N/A,#N/A,#N/A,#N/A
BOH,#N/A,#N/A,#N/A,#N/A,#N/A
OZK,#N/A,#N/A,#N/A,#N/A,#N/A
BKU,#N/A,#N/A,#N/A,#N/A,#N/A
BANR,#N/A,#N/A,#N/A,#N/A,#N/A
BNED,83.976,80.589,78.291,123.487,104.942
B,258.985,277.586,296.825,332.434,342.058
BAX,1372,1901,2335,2523,2697
BDX,2328,3208,3182,4104,5024
BBBY,1793.486,1688.85,1426.124,1091.328,761.595
BELF.B,#N/A,,,,
BDC,338.065,428.947,427.847,388.011,349.285
BHE,155.952,142.56,133.265,117.025,97.293
BRK.B,45414,44473,33260,41889,42746
BHLB,#N/A,#N/A,#N/A,#N/A,#N/A
BBY,2099,2141,2389,2548,2734
BIG,347.722,372.555,368.463,418.446,347.12
BIIB,4172.3,5148.9,5457.3,5813.2,6293.9
BIO,292.908,258.399,261.856,320.872,428.461
TECH,189.749,196.118,206.409,225.446,207.716
BEAT,28.069,40.92,58.234,104.641,110.731
BJRI,122.477,129.256,116.545,134.355,123.148
BJ,#N/A,370.737,397.093,387.337,475.756
BKH,420.313,556.728,605.3,593.495,615.845
BLKB,102.709,132.291,142.92,143.573,118.646
BLK,5015,4918,5671,5803,6256
BLMN,465.451,425.291,383.108,385.263,469.055
BCOR,28.78627,80.145,89.277,106.555,125.305
BCC,157.162,155,222.169,255.747,215.817
BCEI,117.128,38.669,62.792,159.548,194.052
BKNG,3531.401,4156.148,5142.758,5767,5986
BOOT,44.643,51.541,55.728,65.066,83.679
BWA,1355.9,1507.1,1620.5,1718.9,1671
BPFH,#N/A,#N/A,#N/A,#N/A,#N/A
BXP,1488.254,1524.103,1529.335,1569.281,1732.23
BSX,1559,2051,2369,2631,2722
EPAY,44.259,40.507,33.258,51.243,53.855
BYD,496.885,507.855,563.63,604.466,784.061
BRC,137.127,150.509,158.804,174.023,185.179
BDN,336.082,301.786,362.181,296.291,314.328
BHF,#N/A,#N/A,#N/A,#N/A,#N/A
BSIG,195.2,167.6,104.8,86.8,312
EAT,461.208,491.024,435.242,410.022,365.9
BMY,4621,5805,6111,7097,8248
VTOL,67.544,41.159,21.783,25.027,33.235
BRX,787.943,823.235,843.182,778.48,744.881
AVGO,2812,3821,7412,9448,10111
BR,605.4,672.8,786.2,887.4,810.4
BRKL,#N/A,#N/A,#N/A,#N/A,#N/A
BRKS,47.463,47.523,45.363,71.123,109.582
BRO,551.902,577.24,583.225,613.214,927.817
BF.B,1033,1034,987,1112,1189
BC,499.4,568.5,615.9,542.7,617.9
BLDR,173.311,347.829,382.296,466.874,492.344
CHRW,924.719,912.2,868.096,1008.812,890.425
CABO,302.377,339.024,418.532,479.81,543.925
CBT,454,475,505,517,512
COG,583.209,512.597,999.313,1257.779,1203.877
CACI,302.464,341.402,369.721,412.905,478.744
CADE,#N/A,#N/A,#N/A,#N/A,#N/A
CDNS,408.806,406.544,448.885,526.019,623.206
CZR,129.125,162.574,312.18,498.024,673.076
CAMP,34.326,43.193,35.305,38.327,48.626
CVGW,51.707,69.906,70.184,70.477,82.602
CAL,182.873,189.484,192.608,200.085,181.095
CWT,158.863,166.201,220.954,214.836,206.98
ELY,42.531,63.268,107.893,151.815,212.062
CPE,73.201,126.014,263.09,450.218,492.957
CALM,276.282,514.906,-79.317,237.924,102.714
CPT,468.184,497.77,507.678,539.891,589.75
CPB,1478,1446,1987,1398,1555
CMD,104.728,121.648,143.597,156.5,125.991
COF,#N/A,#N/A,#N/A,#N/A,#N/A
CFFN,#N/A,#N/A,#N/A,#N/A,#N/A
CPRI,1394.161,1358.3,1119.8,1096.5,1109
CMO,172.935,180.257,230.515,301.156,239.581
CAH,2821,3544,3198,3556,2806
CSII,-30.316,-41.796,2.593,6.168,2.621
CATM,311.094,326.065,354.278,280.901,288.887
CTRE,59.423,84.782,108.878,129.498,142.297
CSL,631.3,730,658.1,716,861.9
KMX,641.775,702.985,713.065,754.15,778.763
CCL,4200,4809,5048,5342,5437
CRS,281.3,244.3,238.5,303.1,346.6
CARR,#N/A,#N/A,2916,3055,2911
CRI,419.076,459.537,463.338,447.056,465.589
CASY,481.465,561.441,509.538,486.854,564.612
CTLT,418.8,370.1,407.5,477.9,541.4
CAT,7731,5148,8556,11434,11070
CATY,#N/A,#N/A,#N/A,#N/A,#N/A
CVCO,42.234,50.264,60.493,77.799,88.836
CBOE,366.202,342.577,649.5,833.5,762.3
CBRE,1139.269,1166.552,1492.319,1578.327,1833.926
CDK,436.5,526.4,659.2,588.7,691.5
CDW,976.1,1073.7,1127.4,1252.9,1393.6
CE,1079,1193,1223,1672,1381
CNC,#N/A,#N/A,#N/A,#N/A,#N/A
CNP,1880,2032,2029,2120,2377
CENT,132.41,173.587,200.831,214.535,202.196
CENT.A,#N/A,,,,
CPF,#N/A,#N/A,#N/A,#N/A,#N/A
CENX,72.065,29.802,168.8,26.8,11.3
CCS,61.327,77.452,80.629,127.054,164.839
CDAY,91.3,60.5,94.1,118.1,135.6
CERN,1325.361,1455.249,1541.194,1417.376,1374.635
CEVA,8.564,8.965,12.962,-2.309,-10.298
CF,2121,1153,1187,1566,1808
CHX,230.138,117.136,221.701,282.15,233.305
CRL,312.974,392.754,428.319,519.913,590.685
GTLS,121.499,107.188,87.3,147.3,175.3
CHTR,3400,10348,15040,15774,16540
CLDT,108.08,107.711,105.993,106.321,108.785
CHE,223.293,220.753,252.026,284.552,316.551
CPK,113.034,125.295,135.203,142.834,158.812
CVX,19329,14113,22141,33890,29381
CHS,285.457,268.372,283.48,247.48,159.001
CMG,907.722,204.226,459.828,591.873,863.962
CHH,236.861,255.197,316.685,356.608,369.694
CB,#N/A,#N/A,#N/A,#N/A,#N/A
CHD,770.3,834.7,857.2,927.3,1022.6
CHDN,268.92,227,241.6,263.1,324.8
CHUY,35.936,40.939,45.952,39.79,42.935
CIEN,258.228,307.407,359.972,363.216,497.386
CI,#N/A,#N/A,#N/A,#N/A,#N/A
XEC,753.734,642.463,1192.473,1574.124,1490.281
CBB,305,288.2,299.6,366.1,397.7
CINF,#N/A,#N/A,#N/A,#N/A,#N/A
CNK,629.302,655.301,667.691,720.587,668.551
CTAS,850.731,932.832,1047.28,1268.407,1508.037
CIR,76.355,56.717,64.656,115.874,130.189
CRUS,163.216,227.069,390.744,343.885,175.682
CSCO,14034,15123,15046,14909,16435
CIT,#N/A,#N/A,#N/A,#N/A,#N/A
C,#N/A,#N/A,#N/A,#N/A,#N/A
CFG,#N/A,#N/A,#N/A,#N/A,#N/A
CTXS,850.327,808.513,814.645,875.424,792.666
CHCO,#N/A,#N/A,#N/A,#N/A,#N/A
CLH,504.767,402.054,425.657,492.405,540.317
CLW,213.035,198.352,176.175,170.971,164.9
CLF,278.3,281.9,333.1,360.9,509.4
CCMP,93.759,99.599,136.978,188.729,325.491
CME,2206.9,2455.7,2517.3,2892.6,3073.4
CMS,1914,2107,2219,2095,2231
CNO,#N/A,#N/A,#N/A,#N/A,#N/A
CNX,629.286,97.835,391.704,1044.814,766.163
COKE,188.287,245.865,274.018,259.902,350.532
CCOI,116.621,135.225,147.982,166.809,179.445
CGNX,135.868,176.251,275.833,242.691,167.502
CTSH,2543,2651,3005,3247,3309
COHR,136.019,171.827,444.84,507.764,199.48
CHRS,-216.816,-112.935,-224.58,-197.32,111.137
COHU,15.634,16.677,48.743,44.48,23.156
CFX,505.232,382.796,444.303,322.49,561.171
CL,4419,4403,4484,4361,4281
COLB,#N/A,#N/A,#N/A,#N/A,#N/A
COLM,401.129,424.482,306.226,396.012,488.976
CMCS.A,#N/A,,,,
CMA,#N/A,#N/A,#N/A,#N/A,#N/A
FIX,120.88,127.074,137.151,191.982,230.397
CBSH,#N/A,#N/A,#N/A,#N/A,#N/A
CMC,399.31,333.666,290.085,350.169,497.715
CBU,#N/A,#N/A,#N/A,#N/A,#N/A
CYH,2422,2110,1049,1586,1511
CHCT,4.06,17.252,24.717,33.415,41.391
CVLT,47.67,12.983,9.382,10.948,32.717
CMP,302.8,272.5,282,272.5,300.6
CPSI,33.25052,35.819,36.065,37.164,37.596
CMTL,46.813,43.586,62.199,69.805,82.045
CAG,1783.9,1019.5,1391,1212.1,1737.4
CNXC,#N/A,,,,
CXO,1016.37,947.286,1703,2860,2885
CNMD,129.267,127.358,131.731,148.179,139.98
CONN,142.907,141.313,99.321,158.028,200.619
COP,7111,5876,9849,15183,13549
CEIX,632.472,250.796,348.066,473.936,391.181
CNSL,276.31,263.274,364.435,453.797,462.518
ED,3743,3892,4106,3971,4336
STZ,1778.7,2125.6,2542.5,2830,3100
CTB,541.242,592.254,471.826,366.337,370.648
CPS,359.109,416.832,451.821,369.122,189.93
CPRT,391.691,455.045,539.564,732.674,801.37
CORT,-3.288,10.266,52.961,89.732,113.777
CLB,215.139,112.707,135.124,140.972,124.608
CXW,436.023,467.172,408.139,413.651,430.842
CLGX,357.201,454.067,420.924,426.535,430.965
CORE,126.4,135.2,111,134,153.5
COR,163.918,204.468,254.088,283.006,293.699
GLW,2480,2695,2799,2873,2798
OFC,279.423,282.668,281.884,284.418,294.895
CTVA,#N/A,4249,2792,2331,2187
CRVL,63.559,66.012,68.52,70.847,84.497
COST,4816,5005,5563,5985,6315
COTY,735.9,742.2,896.4,1375.5,980.2
CUZ,203.957,127.564,269.457,284.156,393.249
CVET,162.452,186.545,194.375,209.743,117
CBRL,331.335,358.694,399.477,387.284,390.381
CR,461.7,468.6,481.9,588.3,592.6
CREE,188.33,168.93,121.857,113.5,137.9
CROX,-12.297,31.033,71.95,99.176,152.662
CCRN,35.091,41.322,39.323,27.129,20.042
CCI,2106.824,2116.44,2388,2915,3105
CRY,20.017,30.189,28.603,35.807,42.687
CSGS,160.271,174.287,157.362,174.494,196.388
CSX,4792,4575,5063,5974,6094
CTS,47.406,74.572,65.046,92.382,84.867
CUB,119.028,55.822,51.855,79.029,143.555
CFR,#N/A,#N/A,#N/A,#N/A,#N/A
CMI,2600,2314,2484,2986,3174
CW,414.169,406.716,419.369,478.718,511.493
CUBI,#N/A,#N/A,#N/A,#N/A,#N/A
CUTR,-3.335,3.379,8.092,-10.349,-7.601
CVBF,#N/A,#N/A,#N/A,#N/A,#N/A
CVS,11785,13126,12525,13490,17040
CONE,191.9,264,352.9,438.7,619
CYTK,-36.818,14.928,-111.496,-87.677,-97.574
DHI,1199.8,1445.1,1719.1,2102.8,2126.8
DAKT,45.426,19.646,34.813,30.063,13.993
DAN,618,612,780,920,918
DHR,3298.5,4115.4,4387.8,4247.8,4551.9
DRI,773.7,906.9,927.8,1098.8,1161.7
DAR,424.901,429.488,437.326,436.519,415.158
PLAY,144.729,188.696,238.821,294.834,298.142
DVA,2495.628,2191.367,2182.636,2092.184,2370.682
DECK,262.598,245.43,205.87,284.979,360.75
DE,4355.5,4467.5,5764.8,7069.4,7686
DAL,10215,9183,8259,7596,9239
DLX,437.733,467.075,526.883,470.921,443.503
XRAY,561.2,774.7,833.2,688.4,763.4
DBI,298.17,288.09,251.662,262.612,203.115
DVN,-2044,2292,2479.9999,2630,1811
DXCM,-46.3,-48.9,-17.2,-151.8,191
FANG,293.059,355.998,933.17,1672.79,2939
DRH,256.378,255.214,238.431,217.298,244.135
DKS,733.49,736.686,723.974,769.548,684.16
DBD,198.4,195.3,387.6,311.2,461.1
DGII,17.151,23.006,13.315,18.944,21.271
DLR,916.205,1183.291,1318.092,1705.414,1739.102
DCOM,#N/A,#N/A,#N/A,#N/A,#N/A
DIN,271.018,252.708,193.671,209.574,250.79
DIOD,122.202,137.021,188.389,259.722,286.363
DFS,#N/A,#N/A,#N/A,#N/A,#N/A
DISC.A,#N/A,,,,
DISC.K,#N/A,,,,
DISH,2980.351,3271.611,2834.942,2869.645,2516.453
DHC,567.451,604.647,551.791,552.993,452.266
BOOM,2.125,6.695,20.173,56.058,88.549
DG,2127.646,2304.725,2456.18,2455.449,2588.84
DLTR,1276.1,1578.1,2346,2634.4,2427.6
D,5018,5169,5928,5980,7358
DPZ,438.073,492.182,565.601,619.454,689.637
UFS,670,610,569,705,544
DCI,387.908,365.2,403.8,453.7,469.3
DFIN,218.8,154.5,147.3,117.5,148.7
LPG,45.52104,200.18713,76.64027,66.62201,64.78226
DORM,162.343,187.508,198.464,198.843,137.128
DEI,344.155,425.505,485.274,550.699,610.183
DOV,1303.055,1115.351,1142.424,1230.579,1326.28
DOW,#N/A,5944,7328,8314,6272
DRQ,275.412,119.116,32.638,3.978,39.708
DSPG,3.135,6.235,-1.317,-4.009,-2.863
DTE,2286,2595,2707,2871,2990
DUK,8186,8949,9517,9522,10269
DRE,527.205,417.53,461.346,536.584,579.183
DNKN,402.949,433.467,422.073,445.278,475.274
DD,8688,8762,11158,4320,4854
DXC,704,872,1116,4104,4304
DXPE,81.41,49.326,61.276,94.615,91.296
DY,250.362,372.514,372.514,289.876,296.168
EGBN,#N/A,#N/A,#N/A,#N/A,#N/A
EXP,299.681,326.528,354.996,411.566,411.732
EGRX,2.672,54.046,79.545,50.138,26.466
EWBC,#N/A,#N/A,#N/A,#N/A,#N/A
DEA,29.288,52.404,68.926,87.924,121.735
EGP,147.628,160.778,176.625,199.752,221.986
EMN,2293,2122,2111,2074,1933
ETN,3427,3396,3589,3885,3945
EV,414.673,441.044,499.952,558.027,548.724
EBAY,2797,2979,2957,2919,3000
EBIX,98.172,110.799,158.59,165.113,163.438
ECHO,53.75051,47.6403,52.80401,90.904,73.954
ECL,2842.4,2858.1,3092.8,2919.8,3152.3
EPC,407.2,448.9,451.5,382.1,391.3
EIX,4018,4211,4300,4128,4012
EW,641.7,886.7,1099.1,1169.7,1312.5
EHTH,4.818,-0.637,-3.49,23.563,114.479
LOCO,62.635,58.687,56.63,46.194,60.038
EA,1306,1061,1417,1575,1147
LLY,5019.8,5367.9,6498.5,7394.3,7022.1
EME,362.095,392.113,478.459,487.211,554.502
EBS,175.792,145.281,165.1,129.2,249.8
EMR,3776,3317,3276,3697,3953
EIG,#N/A,#N/A,#N/A,#N/A,#N/A
ENTA,124.787,32.502,26.751,90.846,39.996
EHC,693.9,821.4,833.2,881.3,911.2
ECPG,316.052,275.814,366.053,429.691,492.719
WIRE,88.292,67.577,95.133,116.023,89.236
ENDP,1036.268,1438.01,1474.396,1291.024,1194.736
ENR,317.4,285.1,350.9,370.4,523.4
EPAC,191.146,153.734,117.081,84.153,94.716
ENS,342.531,322.148,340.028,330.959,353.502
ENVA,147.3,140.061,148.747,189.746,263.265
ENPH,-10.597,-48.285,-13.457,16.192,119.447
NPO,149.3,145.8,170.6,168.5,161
ETR,3444.689,3750.051,3873.357,3102.241,3951.837
EOG,3202.731,2857.833,4898.906,8248.258,7690.724
PLUS,76.839,76.098,86.807,103.434,86.182
EPR,364.103,415.471,496.979,559.085,492.011
EQT,1004.103,910.818,1123.334,2548.073,1633.084
EFX,912.6,1113.4,1119.5,804.5,808.1
EQIX,1110.326,1575.499,1821.129,2249.772,2487.742
ETRN,499.795,587.505,730.388,1207.837,1351.96
EQR,1757.256,1523.329,1577.883,1630.927,1730.495
ESE,82.009,101.097,116.28,138.181,142.815
ESNT,#N/A,#N/A,#N/A,#N/A,#N/A
EPRT,#N/A,10.709,44.658,80.818,115.697
WTRG,449.837,458.593,470.644,469.851,519.121
ESS,820.171,858.272,1022.176,947.738,1031.047
ETH,85.076,108.532,78.065,68.698,73.958
ETSY,16.666,40.653,56.152,101.279,140.692
EVR,219.606,310.505,507.521,591.935,529.286
RE,#N/A,#N/A,#N/A,#N/A,#N/A
EVRG,958.562,1057.316,1094.6,1744,2098.9
ES,2452.359,2647.021,2752.037,3023.886,2910.793
EVTC,168.334,166.712,150.333,188.195,218.745
EXEL,-102.173,-34.779,170.805,446.624,380.637
EXC,7373,10585,9840,10161,9738
EXLS,99.111,102.802,125.846,119.875,135.442
EXPE,914.195,1373.199,1556.832,1742,1837
EXPD,767.496,716.959,749.57,850.582,817.642
EXPO,74.412,68.042,78.336,97.748,91.917
EXTN,245.882,151.506,170.822,205.027,198.908
EXR,417.127,613.598,726.048,806.204,865.932
EXTR,5.813,29.757,54.381,74.386,49.681
XOM,30931,23244,32066,39574,30762
EZPW,45.47,58.742,77.62,93.071,80.205
FNB,#N/A,#N/A,#N/A,#N/A,#N/A
FFIV,605.482,613.204,633.965,666.325,588.263
FN,61.26,87.127,131.127,124.687,154.101
FB,8239,14769,23228,29228,34727
FDS,366.826,398.079,421.412,437.783,500.292
FICO,189.636,201.225,217.885,205.541,285.16
FARO,24.739,28.152,22.81,24.967,-4.105
FAST,913.942,899.359,1008.2,1136.9,1204.7
FBK,#N/A,#N/A,#N/A,#N/A,#N/A
FRT,475.05,521.28,554.633,600.579,598.14
FSS,115.9,79.9,106.3,159.1,191.1
FHI,286.855,350.128,360.68,316.023,376.893
FDX,4951,6146,8420,8224,8139
FOE,133.242,158.22,208.388,160.288,137.631
FIS,1939,2753,2976,3129,4204
FRGI,96.349,91.111,62.559,66.938,52.073
FITB,#N/A,#N/A,#N/A,#N/A,#N/A
FAF,#N/A,#N/A,#N/A,#N/A,#N/A
FBNC,#N/A,#N/A,#N/A,#N/A,#N/A
FBP,#N/A,#N/A,#N/A,#N/A,#N/A
FCF,#N/A,#N/A,#N/A,#N/A,#N/A
FFBC,#N/A,#N/A,#N/A,#N/A,#N/A
FFIN,#N/A,#N/A,#N/A,#N/A,#N/A
FHB,#N/A,#N/A,#N/A,#N/A,#N/A
FHN,#N/A,#N/A,#N/A,#N/A,#N/A
FR,207.355,231.458,252.926,259.447,280.533
FMBI,#N/A,#N/A,#N/A,#N/A,#N/A
FRC,#N/A,#N/A,#N/A,#N/A,#N/A
FSLR,754.776,481.581,377.175,267.058,450.891
FCFS,131.729,180.252,272.183,283.145,300.474
FE,3860,4144,3802,3495,3659
FISV,1728,1866,1955,2081,3362
FIVE,94.218,115.168,140.593,190.632,235.135
FBC,#N/A,#N/A,#N/A,#N/A,#N/A
FLT,853.494,951.554,1142.269,1373.689,1504.451
FLIR,356.659,354.662,385.184,421.93,403.491
FLO,444.476,438.043,406.025,405.844,414.171
FLS,746.968,541.755,371.184,422.309,536.01
FLR,1119.121,858.262,681.999,436.311,-440.8
FMC,623.1,492.7,614.3,1094.7,1217.5
FL,950,1091,1168,955,914
F,15852,12296,12878,11461,9039
FORM,20.235,25.083,91.677,79.956,99.515
FORR,32.343,40.443,34.978,35.329,87.256
FTNT,57.359,95.761,167.42,286.7,405.8
FTV,1470.9,1444.5,1319.9,1446.2,1589.9
FBHS,630.3,778.2,836,840.8,939.3
FWRD,128.129,140.631,149.812,164.214,160.899
FOSL,431.896,263.016,120.296,185.037,71.319
FBM,#N/A,67.958,122.325,145.832,199.295
FCPT,13.985,92.215,100.997,113.312,126.967
FOXA,#N/A,2186,2729,2439,2643
FOX,#N/A,2186,2729,2439,2643
FOXF,55.344,62.906,77.119,108.025,130.414
FELE,128.834,143.531,150.641,173.664,175.128
BEN,3169.9,2527.8,2470.3,2161.5,1667.9
FSP,131.935,126.782,541.64,144.325,141.214
FCX,3201,3270,5095,6963,2081
FDP,270.5,344.5,236.8,179,193.4
FCN,206.429,203.771,193.627,265.703,343.9
FLGT,-4.437,2.088,-1.754,-2.907,2.092
FULT,#N/A,#N/A,#N/A,#N/A,#N/A
FF,48.057,53.562,25.375,73.755,78.697
GME,789.3,809.4,773.5,574.1,417.7
GCI,135.75,142.922,151.052,157.04,181.399
GRMN,627.941,710.249,769.889,874.537,1051.761
IT,361.303,409.708,392.292,622.513,677.795
GATX,663,678.6,656.2,650.8,659
GCP,229.3,162.7,141.4,142.6,134.9
GNRC,263.114,269.981,302.245,405.463,433.072
GD,4660,4187,4618,5220,5477
GE,18645,20771,7970,17055,14355
GIS,3427.6,3373.8,3392.6,3293.1,3534.2
GM,14071,19948,20822,18027,19981
GCO,251.173,230.262,214.428,133.745,137.18
GNTX,539.36561,600.33036,622.92926,610.31236,593.24057
THRM,154.2,146.394,140.893,138.958,140.881
GPC,1266.089,1217.259,1166.233,1387.455,1400.703
GNW,#N/A,#N/A,#N/A,#N/A,#N/A
GTY,66.989,79.113,83.647,93.838,95.256
ROCK,87.356,121.309,120.427,121.21,120.258
GIII,185.269,209.876,144.225,199.492,272.346
GILD,22689,19150,15610,10536,6364
GBCI,#N/A,#N/A,#N/A,#N/A,#N/A
GLT,133.943,94.286,74.601,71.231,96.927
GKOS,-5.742,9.571,8.839,-6.738,-15.384
GNL,163.986,176.647,185.038,217.654,228.229
GPN,598.702,701.356,1023.08,1315.968,1991.438
GL,#N/A,#N/A,#N/A,#N/A,#N/A
GMED,199.424,197.894,208.702,218.514,229.487
GLUU,9.891,-31.865,-44.678,6.91,19.658
GMS,83.934,125.57,176.138,184.699,270.418
GGG,346.732,354.189,424.328,484.181,472.156
GHC,346.498,467.128,253.813,359.906,353.379
LOPE,246.036,286.409,336.982,312.192,295.713
GVA,159.219,145.071,160.878,227.96,#N/A
GPMT,0.685,46.375,95.764,154.615,207.458
GWB,#N/A,#N/A,#N/A,#N/A,#N/A
GDOT,135.143,123.439,154.558,205.977,203.735
GPRE,115.061,186.434,92.981,-17.472,-73.509
GHL,49.206,94.351,10.014,87.759,50.905
GEF,391.2,435.8,454.8,515,667.6
GFF,169.594,129.434,118.363,147.947,193.535
GO,#N/A,101.221,120.092,130.124,118.986
GPI,407.539,419.306,432.914,487.518,470.4
GRUB,91.563,121.045,147.198,177.803,111.866
GES,236.01,186.007,128.282,150.781,179.688
HRB,954.47,806.79,898.152,942.745,782.487
FUL,246.163,281.022,246.517,391.898,381.735
HAE,198.813,184.721,184.988,193.028,245.756
HAL,3671,1973,3565,4338,2780
HALO,-25.775,-80.8,83.163,-111.142,-32.583
HWC,#N/A,#N/A,#N/A,#N/A,#N/A
HBI,962.384,1001.155,1055.802,1068.973,1088.134
HNGR,82.548,58.965,75.044,94.085,102.853
HAFC,#N/A,#N/A,#N/A,#N/A,#N/A
HOG,1329.763,1240.189,1120.15,1060.701,792.339
HLIT,7.856,1.601,-30.552,20.102,37.221
HSC,244.853,197.719,304.729,236.784,244.367
HAS,830.055,951.83,1020.583,633.222,913.867
HVT,71.703,72.992,72.492,71.424,50.032
HE,506.284,542.394,560.056,572.936,593.318
HA,514.241,612.536,598.374,488.176,481.076
HWKN,43.431,49.982,59.567,49.747,58.574
HAYN,67.002,25.234,5.559,28.681,37.409
HCA,7822,8152,8188,8871,9814
HCI,#N/A,#N/A,#N/A,#N/A,#N/A
HR,221.429,229.22,231.749,247.15,256.312
HCSG,96.712,125.249,135.775,107.108,91.819
HQY,22.763,34.744,54.398,70.37,95.855
PEAK,1205.241,1276.266,1085.392,1034.177,1018.304
HSTM,31.654,28.727,33.454,39.722,42.652
HTLD,192.195,181.941,141.46,165.343,163.146
HSII,49.052,52.301,55.677,82.664,78.012
HELE,219.35,195.755,206.786,212.632,234.08
HLX,185.874,105.596,119.954,169.628,186.842
HP,1307.468,578.275,402.675,621.234,776.221
HSIC,928.03,987.245,1057.766,837.104,917.908
HFWA,#N/A,#N/A,#N/A,#N/A,#N/A
MLHR,228.1,264.5,262.2,251.5,285.8
HT,156.325,141.578,159.119,128.937,143.494
HSKA,12.744,21.178,22.973,15.389,6.908
HES,2223,1125,1979,2469,2773
HPE,7168,6230,5064,4949,4779
HXL,457.7,487.5,458.2,502.8,576.9
HIBB,134.105,129.042,115.811,80.885,64.593
HIW,351.594,391.343,423.872,439.67,453.079
HI,281.5,266.6,284.3,295.5,295.5
HRC,298.4,479.2,545.9,582,576.8
HLT,2466,1308,1468,1757,1951
HMSY,106.048,110.581,112.871,149.467,152.233
HNI,236.199,266.245,185.029,218.686,231.14
HFC,1501.264,973.546,1388.352,2054.317,1952.643
HOLX,975,1024.5,951.8,988.3,1031.2
HOMB,#N/A,#N/A,#N/A,#N/A,#N/A
HMST,#N/A,#N/A,#N/A,#N/A,#N/A
HON,8148,8378,8267,8911,8415
HOPE,#N/A,#N/A,#N/A,#N/A,#N/A
HMN,#N/A,#N/A,#N/A,#N/A,#N/A
HRL,1238.419,1428.221,1366.354,1302.382,1335.277
HST,1333,1392,1414,1467,1470
HWM,1370,1749,1918,1922,2187
HPQ,7202,3755,4550,4292,4546
HUBG,154.072,167.973,136.442,205.526,269.307
HUBB,581.8,603.7,645.1,760.2,778.9
HPP,218.432,330.675,424.664,407.376,452.496
HUM,#N/A,#N/A,#N/A,#N/A,#N/A
HBAN,#N/A,#N/A,#N/A,#N/A,#N/A
HII,1087,1023,1074,1123,970
IAA,#N/A,279.2,327.8,381.8,406.4
ICHR,22.062,34.882,62.06,85.729,36.892
ICUI,99.94,118.067,136.573,270.907,230.565
IDA,427.095,416.313,479.803,434.416,459.014
IEX,509.027,538.065,587.254,661.715,678.623
IDXX,356.402,424.836,496.141,578.118,631.197
INFO,462.2,779.8,1148.3,1320.7,1559.7
IIVI,129.882,159.776,181.678,235.833,259.633
ITW,3344,3534,3861,4045,3828
ILMN,749.525,724.082,784,1062,1181
INCY,95.534,222.445,-183.505,210.365,476.221
IRT,17.066,42.716,79.409,98.266,104.167
INDB,#N/A,#N/A,#N/A,#N/A,#N/A
IBTX,#N/A,#N/A,#N/A,#N/A,#N/A
ILPT,98.575,115.875,109.511,118.876,162.84
IR,399.747,345.369,328,640.6,527.2
NGVT,201.8,200.2,243.2,320.8,383.9
INGR,934,1069,1079,1014,959
IOSP,154.8,139.8,183.3,196.3,200.9
IIPR,#N/A,-0.712,0.805,7.967,33.534
INVA,45.513,122.942,205.686,257.823,263.334
INGN,29.063,34.296,40.362,49.187,60.156
NSIT,170.183,193.451,238.259,275.04,303.57
NSP,94.744,122.95,148.123,201.878,215.356
IBP,69.291,103.18,133.308,154.642,202.887
IIIN,44.13,70.663,45.922,54.211,18.417
ITGR,126.19,264.047,235.153,251.464,268.433
IART,197.912,233.316,266.325,350.55,360.174
INTC,23580,22603,26576,32282,33254
IPAR,75.681,77.367,90.537,105.762,113.456
IBKR,753,905,1211,1704,1912
ICE,2212,2857,3126,3313,3337
IDCC,256.342,490.059,358.548,146.503,122.435
TILE,144.396,135.357,147.404,146.679,191.7
IBOC,#N/A,#N/A,#N/A,#N/A,#N/A
IBM,19028,16704,16219,17279,16676
IFF,667.079,708.624,708.675,873.768,1105.492
IP,3726,2573,3778,4324,3783
INTU,1117,1480,1631,1813,2079
ISRG,831.5,1045.3,1183.2,1364.7,1574.7
IVC,11.36,-8.327,-12.016,0.937,23.849
IVZ,1399.8,1375,1582,1412.4,1748
IVR,397.864,426.571,562.37,#N/A,837.978
IRET,156.856,94.892,98.236,88.2675,87.093
IPGP,381.87,423.142,630.302,597.526,387.138
IQV,813.526,1136,1786,1951,2059
IRDM,212.676,225.765,223.553,259.86,307.825
IRBT,75.518,73.02,97.932,141.834,121.888
IRM,853.994,1089.347,1272.174,1419.87,1436.868
STAR,215.112,169.431,233.387,212.309,344.943
ITRI,113.376,213.619,241.649,241.988,297.778
ITT,402.7,365.7,425.5,474.5,516.2
JJSF,148.407,152.424,161.228,157.224,165.501
JBHT,1054.026,1088.02,1017.777,1129.021,1288.944
JCOM,308.795,369.507,410.049,450.398,536.849
JBL,1117.653,1235.154,1342.666,1304.058,1535.742
JKHY,436.861,471.871,504.218,602.271,618.871
JACK,301.537,340.586,284.586,265.123,268.493
J,752.011,656.476,613.47,691.77,837.09
JRVR,#N/A,#N/A,#N/A,#N/A,#N/A
JHG,379.04807,248.2,513.1,678.7,655.7
JAZZ,649.64,740.684,778.996,874.965,1012.505
JBGS,244.784,246.214,80.108,62.194,238.205
JEF,1339.699,1273.725,2121.181,-73.64229,1882.886
JBLU,1666,1696,1454,1172,1344
JBSS,68.163,67.897,73.903,71.619,75.569
JBT,120.8,162.6,195.2,252.9,270.6
JW.A,420.468,372.573,376.069,417.616,388.262
JNJ,22114,25104,24982,28182,28559
JCI,3327,2426,4340,2749,2268
JLL,657.6,613.6,722.3,917.1,1138.8
JPM,#N/A,#N/A,#N/A,#N/A,#N/A
JNPR,1092.2,1111.5,1136.1,794.5,712.8
KALU,218,204.9,234.4,186.1,220.6
KAMN,141.92,150.863,155.995,82.921,89.472
KSU,1088.4,1120.5,1242.5,1315.1,1405.8
KAR,640.1,739.6,830.6,512.5,502.8
KBH,149.364,163.924,295.028,357.614,372.594
KBR,209,25,243,353,416
K,1956,2174,2236,2400,2017
KELY.A,#N/A,,,,
KMPR,#N/A,#N/A,#N/A,#N/A,#N/A
KMT,372.076,241.296,296.218,414.886,457.786
KEY,#N/A,#N/A,#N/A,#N/A,#N/A
KEYS,546,539,469,676,1015
KRC,364.461,404.936,446.796,438.96,500.213
KMB,4000,4068,4109,4033,4213
KIM,759.635,729.709,755.621,727.46,704.991
KMI,6354,6066,5700,6365,6292
KNSL,#N/A,#N/A,#N/A,#N/A,#N/A
KEX,595.169,466.108,431.612,508.352,479.358
KRG,230.131,232.844,238.07,241.883,204.407
KREF,#N/A,#N/A,81.53,#N/A,244.836
KLAC,769.064,1058.954,1325.893,1599.817,1658.107
KNX,311.523,259.015,432.195,965.13,981.391
KN,127.2,124.8,125.2,132.3,142.5
KSS,2575,2487,2307,2407,2429
KTB,#N/A,464.749,401.246,384.477,332.618
KOP,136.2,163,180.5,186.9,187.8
KFY,151.093,172.734,195.7,260.412,294.37
KRA,87.824,295.884,351.56,389.513,255.802
KLIC,58.631,78.931,169.304,183.571,43.129
LB,2391,2649,2555,2298,1928
LHX,1124,1518,1404,1432,1753
LH,1710.7,1892.3,1909.3,1925.9,2211.2
LRCX,1140.851,1405.661,2224.071,3546.006,2771.462
LAMR,570.54,633.18,663.654,697.454,764.788
LW,487.6,474,656.2,722.8,829.4
LANC,175.333,207.589,217.422,200.313,207.937
LSTR,269.412,257.545,310.717,371.489,338.331
LCI,236.07,230.145,245.063,232.429,172.749
LNTH,69.428,69.266,71.907,78.348,65.04
LPI,189.563,225.887,411.852,565.641,513.096
LVS,3933,3813,4663,5018,4987
LZB,124.039,147.331,160.413,161.344,161.101
LCII,163.37,248.764,271.603,266.321,272.669
LEA,1696.9,1956.7,2137.5,2207.2,1723.1
LEG,591.7,601.1,576.7,574.9,699
LDOS,403,637,1021,1032,1133
LMAT,14.547,19.927,25.159,25.059,26.599
TREE,31.482,59.05,79.363,107.298,146.344
LEN,1134.669,1331.401,1450.515,2078.586,2599.435
LII,442.2,525.9,536.5,562.9,571.9
LXP,336.442,347.047,307.359,324.22,257.19
LGIH,80.557,112.56,170.592,201.622,228.181
LHCG,79.971,83.921,89.675,165.052,215.17
LSI,204.381,231.639,285.653,318.797,333.878
LGND,30.976,56.207,80.596,180.419,38.01
LECO,389.508,404.038,434.723,472.245,448.969
LNC,#N/A,#N/A,#N/A,#N/A,#N/A
LIN,3577,3437,3676,4074,7943
LNN,68.907,51.256,56.879,55.526,20.133
LQDT,20.886,-8.478,-29.544,-14.63,-9.215
LAD,395.14,404.523,483.108,516.4,582.3
LFUS,189.084,235.19,283.722,339.242,301.027
LIVN,93.045,156.978,197.185,161.578,133.613
LYV,543.556,598.715,545.963,749.521,846.764
LTHM,#N/A,73.4,126.1,181.7,106.8
LPSN,9.43,8.944,1.808,-1.634,-65.691
RAMP,105.943,113.842,115.352,-61.601,-140.013
LKQ,852.33,1007.246,1095.67,1241.913,1293.205
LMT,5530,6243,7416,8598,9323
L,#N/A,#N/A,#N/A,#N/A,#N/A
LPX,53.8,308.9,661.5,670.7,200
LOW,6406,6568,7403,8126,7712
LTC,120.473,143.826,150.642,151.373,149.95
LL,-59.93022,-76.13,19.233,33.603,41.825
LUMN,6826,6474,6340,8809,8843
LITE,39.2,73.8,120.6,224.3,198.5
LMNX,51.101,43.398,59.794,54.22,16.45
LDL,71.031,77.792,93.6,87.588,74.781
LYB,7133,6106,6675,6479,5581
MTB,#N/A,#N/A,#N/A,#N/A,#N/A
MDC,83.916,115.586,135.33,239.552,251.785
MHO,120.143,122.17,145.613,174.068,205.457
CLI,278.237,299.121,328.091,167.325,159.571
M,3831,3388,2741,2497,2447
MGLN,222.833,263.934,272.716,198.489,227.166
MANH,169.21,203.397,197.626,142.5,123.911
MAN,786.4,836.1,907.1,921.8,797.7
MANT,116.162,122.654,132.786,164.542,222.644
MRO,1765,1349,2454,3758,3044
MPC,5909,4797,5891,7761,9988
MMI,118.6495,111.888,102.495,146.485,125.849
HZO,33.19,48.216,57.641,72.416,75.229
MKTX,166.442,209.44,221.042,235.664,283.534
MAR,1517,1922,2942,2805,2341
VAC,266.144,269.697,271,375,705
MMC,2953,3144,3154,3032,4058
MRTN,126.698,130.246,136.483,151.689,162.955
MLM,758.234,963.08,995.497,1042.154,1266
MAS,1080,1263,1350,1254,1268
MASI,116.325,167.587,203.848,229.596,245.703
MTZ,238.917,443.445,586.568,682.831,813.444
MA,5454,6257,7315,8816,10324
MTDR,138.756,136.648,334.239,562.524,632.087
MTRN,79.031,74.938,82.73,103.912,125.024
MTRX,32.282,63.523,27.061,27.866,56.154
MATX,295,233.9,217.2,218.7,300.7
MAT,990.577,946.741,42.294,156.084,363.528
MATW,204.526,216.395,215.784,242.631,218.037
MXIM,743.021,766.849,852.3,994.506,864.609
MMS,320.774,354.536,383.164,361.975,405.265
MXL,38.308,100.214,66.591,65.966,44.894
MKC,716.3,767.5,911.6,1083.9,1135.7
MCD,8910.6,9336.7,9752.9,10067.8,10432
MCK,4548,4736,4267,3872,4027
MDU,546.922,622.038,622.234,625.528,737.237
MPW,333.105,443.241,610.69,702.691,738.056
MED,37.899,39.547,43.841,73.498,95.663
MD,640.196,676.251,582.955,515.649,487.355
MEDP,99.396,110.604,111.332,139.849,150.452
MDT,6061,8933,9489,9290,9758
MERC,234.017,185.727,253.848,367.244,210.662
MRK,13812,15932,12165,14292,16985
MCY,#N/A,#N/A,#N/A,#N/A,#N/A
MRCY,34.987,45.179,73.555,113.78,124.992
MDP,330.134,324.417,420.295,423.1,668.3
VIVO,62.669,61.254,53.862,53.323,48.893
MMSI,76.048,80.758,101.55,133.569,143.473
MTH,212.916,217.337,252.412,291.152,319.192
MTOR,272,264,315,433,447
MLAB,21.52,25.206,25.978,26.584,27.341
CASH,#N/A,#N/A,#N/A,#N/A,#N/A
MEI,146.7,143.5,149.9,161.3,169
MET,#N/A,#N/A,#N/A,#N/A,#N/A
MTD,577.723,608.984,686.04,767.672,817.069
MTG,#N/A,#N/A,#N/A,#N/A,#N/A
MGM,1909.71,2127.993,2569.435,2508.987,2887.072
MGPI,45.776,49.843,54.217,61.51,58.814
MCHP,706.758,684.373,1030.333,1569.7,1990.1
MU,5623,3209,9743,19696,12849
MSFT,33043,26614,36631,44827,54218
MSTR,155.501,125.627,90.62,17.08,15.697
MAA,575.484,631.513,876.748,893.701,946.673
MTX,358.4,351.6,349.7,350.6,339.4
MKSI,178.687,257.528,508.338,585.337,372.998
MHK,1399.317,1787.938,1849.785,1751.329,1546.667
MOH,#N/A,#N/A,#N/A,#N/A,#N/A
TAP,665.5,859.8,2380.5,2350.3,2355.9
MCRI,48.497,54.06,55.802,57.455,57.562
MDLZ,5098,4784,5210,4687,5274
MPWR,53.346,68.892,94.768,127.721,119.893
MNRO,146.61,161.058,162.013,182.281,186.074
MNST,962.778,1204.704,1282.499,1367.198,1474.939
MCO,1586.9,1641.2,2001.6,2117.1,2275
MOG.A,338.11,325.903,326.124,358.372,372.912
MS,#N/A,#N/A,#N/A,#N/A,#N/A
MPAA,36.107,49.36,67.063,55.342,25.11
MSI,1261,1541,1679,1763,2085
MOV,83.956,86.44,65.488,67.987,91.962
COOP,-65.976,204.193,27.164,-471,-464
MSA,176.387,207.225,100.213,227.329,262.31
MSM,456.008,447.49,441.579,484.045,496.21
MSCI,481.697,569.457,659.757,772.433,857.599
MTSC,78.303,68.43,93.971,102.793,122.023
MLI,161.445,191.655,192.612,204.928,229.618
MUR,1354.522,961.194,1267.107,1114.077,1662.512
MUSA,342.853,400.125,405.894,411.8,422.6
MYE,69.551,60.645,58.933,32.483,62.644
MYRG,81.213,76.935,64.47,86.693,98.751
MYGN,159.2,193.5,96.2,115.1,111.6
NBR,1112.02,622.32,543.963,758.676,804.962
NDAQ,1040,1126,1223,1377,1276
NBHC,#N/A,#N/A,#N/A,#N/A,#N/A
FIZZ,85.315,112.096,178.06,214.845,193.274
NFG,650.108,559.895,702.182,772.175,794.974
NATI,193.156,197.309,239.03,257.59,231.933
NOV,2322,-550,425,897,88
NPK,78.125,77.195,71.592,56.649,50.069
NNN,426.298,469.213,518.755,556.015,612.075
NSA,65.72,103.496,150.714,115.655,233.988
NTUS,72.253,71.793,41.221,54.713,59.172
NAVI,4596,4136,4224,4607,4461
NBTB,#N/A,#N/A,#N/A,#N/A,#N/A
NCR,505,966,1045,825,997
NP,137.7,154.3,138.2,123.6,123.7
NKTR,-14.971,-99.655,-26.361,696.732,-429.035
NEOG,63.767,68.568,79.636,87.252,85.718
NEO,6.207,29.247,26.551,34.072,52.107
NTAP,1009.3,693,927,1138,1381
NFLX,3852.871,5304.771,7169.064,9261.683,11924.08
NTGR,124.47,149.154,70.044,60.123,46.429
NTCT,114.924,141.799,226.679,153.952,127.874
NJR,204.343,208.52,242.379,338.927,261.942
NYCB,#N/A,#N/A,#N/A,#N/A,#N/A
NYMT,331.983,302.708,372.94,478.428,737.346
NWL,901,1607.5,903.6,1266,1253.4
NEU,397.424,406.55,404.074,394.433,453.881
NEM,1855,2331,2691,2560,3764
NWSA,995,861,895,1038,1251
NWS,995,861,895,1038,1251
NXRT,47.896,58.134,60.73,68.21,90.437
NEE,6461,6819,7637,7970,8048
NXGN,63.283,74.257,78.772,66.585,70.691
EGOV,75.67999,84.60712,85.266,85.177,75.029
NLSN,1718,1851,1940,1752,1747
NKE,4656,4653,5020,5247,5429
NI,1325.9,1404.3,1486.4,725.5,2022.6
NMIH,#N/A,#N/A,#N/A,#N/A,#N/A
NDSN,394.335,469.51,565.665,610.986,593.357
JWN,1823,1725,1635,1576,1581
NSC,3978,4131,4577,5061,5031
NTRS,#N/A,#N/A,#N/A,#N/A,#N/A
NFBK,#N/A,#N/A,#N/A,#N/A,#N/A
NOC,3543,3649,3693,4580,5234
NWBI,#N/A,#N/A,#N/A,#N/A,#N/A
NWN,281.085,253.681,291.187,252.392,274.982
NWE,410.518,405.283,437.886,440.748,449.773
NLOK,669,892,823,1159,628
NCLH,1048.365,1285.651,1540.582,1751.623,1811.086
DNOW,-73,-169,9,104,86
NRG,2981,2111,1051,1826,1642
NUS,313.967,334.4,345.57,394.531,388.536
NUE,1352.73,2151.693,2647.727,4124.536,2668.913
NUVA,176.92,201.068,241.449,232.119,256.648
NVT,345.6,437.2,463.3,460.6,456.5
NVDA,1016.469,1145,2156,3422,4112
NVR,566.352,611.244,776.559,855.163,903.771
OXY,5035,3269,5100,6896,7188
OII,615.045,321.011,224.175,224.557,132.067
OPI,123.561,141.434,176.211,231.748,376.173
OFG,#N/A,#N/A,#N/A,#N/A,#N/A
OGE,789.1,825.9,815.4,811.2,859.3
OI,962,1026,994,1134,1107
OIS,181.81,51.116,38.456,129.85,98.333
ODFL,675.961,689.677,804.16,1068.022,1100.933
ONB,#N/A,#N/A,#N/A,#N/A,#N/A
ORI,#N/A,#N/A,#N/A,#N/A,#N/A
OLN,437,861.2,906.8,1298.9,908
OLLI,71.866,89.013,112.862,155.917,187.54
ZEUS,18.608,24.233,41.464,74.66,36.158
OHI,528.961,657.676,635.934,599.356,850.832
OMCL,70.828,72.943,62.656,99.642,142.473
OMC,2211.2,2301.8,2365.9,2368.5,2353.8
OGS,372.152,412.949,468.617,448.515,475.653
OKE,1347.734,1641.524,1912.501,2293.156,2343.118
OSPN,56.755,20.376,17.02,13.562,27.92
ONTO,15.428,37.39,49.726,57.466,57.926
ORCL,17150,15613,15727,17104,16974
OSUR,13.754,20.552,34.14,45.717,16.335
ORLY,1743.277,1917.072,1959.245,2074.121,2193.501
OFIX,30.178,53.277,60.935,55.122,35.055
OSK,523.3,517.6,626.3,785.8,909.3
OSIS,160.934,105.21,144.413,159.085,167.417
OTIS,#N/A,#N/A,2087,2046,2072
OMI,286.772,272.279,230.631,201.06,201.655
OC,875,1105,1265,1300,1291
OXM,103.401,119.501,118.685,115.387,123.282
PCAR,3198.2,2922.6,3381.4,3611,3942.6
PPBI,#N/A,#N/A,#N/A,#N/A,#N/A
PCRX,20.93,-12.005,0.864,37.744,55.286
PKG,1116,1161.6,1342.3,1514.1,1468.7
PACW,#N/A,#N/A,#N/A,#N/A,#N/A
PLMR,#N/A,#N/A,#N/A,#N/A,#N/A
PZZA,176.614,195.288,196.359,80.478,76.207
PARR,72.956,59.365,144.426,124.673,263.59
PKE,28.139,24.91,13.408,3.259,9
PK,756,733,696,684,695
PRK,#N/A,#N/A,#N/A,#N/A,#N/A
PH,1785.557,1604.8,1805.357,2479.789,2559.954
PATK,86.693,115.199,155.441,233.467,217.237
PDCO,429.357,440.496,408.046,303.705,256.411
PTEN,585.219,197.943,535.226,787.91,554.061
PAYX,1160.2,1261.7,1366.5,1462.1,1558.1
PAYC,43.856,71.603,149.105,203.372,268.435
PCTY,-5.312,10.323,28.323,48.487,91.211
PYPL,1935,2191,2785,3047,3166
PBF,529.941,805.5,1110.498,863.765,1029.5
CNXN,87.515,91.448,89.366,100.716,125.989
PDCE,203.785,239.577,642.613,956.281,872.488
PDFS,23.559,17.356,5.848,-3.399,-0.332
PEB,228.907,260.387,234.461,240.841,482.382
PENN,763.849,815.804,724.673,1011.089,1263.6
PVAC,139.128,41.943,105.388,389.144,356.321
PMT,206.825,209.938,274.601,333.505,488.315
PNR,806.7,919.5,496,561.9,526.5
PEN,5.931,0.947,4.946,37.101,55.325
PBCT,#N/A,#N/A,#N/A,#N/A,#N/A
PEP,12479,12516,12667,12799,13080
PRDO,-6.715,24.074,48.126,97.19,132.707
PRFT,55.247,50.016,53.321,60.06,77.127
PKI,372.156,405.645,409.633,551.556,619.507
PRGO,986.8,1113.1,1114.5,908.3,832.9
PRSP,#N/A,#N/A,#N/A,482,687
PETS,29.987,33.158,38.852,54.262,48.399
PFE,18453,20031,20660,21673,20127
PGTI,61.489,72.676,79.709,121.047,124.518
PAHC,109.272,112.38,118.411,124.804,114.709
PM,11479,11867,12451,12363,12851
PSX,5252,2723,3354,6421,4589
PLAB,154.045,135.445,118.57,150.008,136
DOC,71.25,144.985,210.481,277.381,262.995
PPC,1187.671,1027,1346.544,801.935,1008.158
PNFP,#N/A,#N/A,#N/A,#N/A,#N/A
PNW,1540.653,1398.439,1613.094,1442.15,1422.565
PXD,875,1194,2259,3838,3648
PIPR,142.994,113.242,131.987,105.754,158.691
PBI,807.873,891.473,638.438,541.645,381.551
PLT,155.933,140.084,148.751,153.017,188.932
PLXS,170.945,157.498,178.596,160.284,197.618
PNM,340.348,536.29,610.504,577.388,596.363
PII,797.419,436.135,591.304,610.332,636.403
POOL,233.61,277.836,310.096,341.804,370.52
POST,608.4,896.9,944.1,1131.5,1129.2
PCH,98.546,118.856,184.086,271.748,156.14
POWL,38.2,36.729,-5.461,4.768,22.199
POWI,62.696,72.349,82.094,79.833,72.456
PPG,2459,2445,2441,2252,2398
PPL,3813,4078,4027,4044,4139
PRAA,330.218,245.365,235.522,207.114,251.05
PRAH,242.902,276.915,344.419,429.496,481.716
PFBC,#N/A,#N/A,#N/A,#N/A,#N/A
PBH,241.399,287.791,304.425,355.424,331.959
PSMT,182.816,177.679,185.882,182.96,173.93
PRI,#N/A,#N/A,#N/A,#N/A,#N/A
PFG,#N/A,#N/A,#N/A,#N/A,#N/A
PRA,#N/A,#N/A,#N/A,#N/A,#N/A
PRG,317.468,338.826,354.73,382.747,418.257
PRGS,70.951,107.011,134.955,118.386,127.86
PLD,1260.545,1599.363,1650.206,1794.216,2131.827
PUMP,60.75668,8.01316,120.673,380.642,476.882
PB,#N/A,#N/A,#N/A,#N/A,#N/A
PRLB,81.275,79.252,90.7,115.652,110.72
PFS,#N/A,#N/A,#N/A,#N/A,#N/A
PRU,#N/A,#N/A,#N/A,#N/A,#N/A
PSB,237.569,149.933,173.396,277.221,288.029
PTC,272.89,131.749,137.706,164.837,194.453
PEG,3945,3030,3545,3842,3316
PSA,1658.017,1807.81,1877.668,2047.454,1978.057
PHM,838.508,1031.171,1038.037,1397.018,1415.468
PVH,1030.4,1035.4,1056.5,991.7,1287.3
QEP,562.8,464.5,742.7,1186.9,742
QRVO,393.854,737.719,821.33,882.668,956.833
KWR,97.256,103.678,112.648,124.156,153.184
QCOM,8641,8240,6546,5317,9482
QLYS,39.166,47.101,57.879,79.265,105.893
NX,59.895,102.63,96.412,89.005,98.129
PWR,497.247,537.002,647.748,832.909,862.368
DGX,1508,1478,1553,1533,1549
QDEL,26.736,27.915,56.74,157.506,157.641
QNST,-0.31,-3.787,3.154,23.403,19.702
RCM,-118.239,328.921,-6.5,66.9,146.9
RDNT,101.339,108.734,119.809,107.599,221.329
RL,1343,1040,787.1,959.6,994
RMBS,106.723,97.721,112.211,-44.664,-43.914
RRC,354.361,264.41,1067.45,1338.414,655.593
RAVN,61.17,37.56,43.776,74.231,70.964
RJF,950.764,1003.984,1175.42,1518.807,1603
RYAM,243.981,231.605,159.644,306.303,83.98
RYN,192.169,371.359,340.128,319.787,237.1
RTX,9922,9706,8753,9497,11875
RMAX,75.469,79.593,76.952,79.107,79.116
RC,120.68,138.538,129.634,167.143,228.041
RLGY,749,757,729,624,508
O,923.492,999.28,1105.092,1196.997,1346.571
RRGB,145,136.591,144.061,126.109,100.58
RWT,188.952,227.953,262.851,370.734,674.867
RBC,569.8,519.3,478.1,509.9,504.8
REG,345.268,286.346,658.765,746.246,709.165
REGN,1326.825,1435.486,2225.058,2682.6,2420.1
RGNX,-23.026,-64.898,-73.199,92.082,-141.846
RF,#N/A,#N/A,#N/A,#N/A,#N/A
RGS,86.394,85.084,66.169,45.977,37.545
RGA,#N/A,#N/A,#N/A,#N/A,#N/A
RS,809.8,799.2,884.9,1173.1,1233.1
RNR,#N/A,#N/A,#N/A,#N/A,#N/A
RNST,#N/A,#N/A,#N/A,#N/A,#N/A
REGI,10.421,133.75,47.007,332.416,478.684
RCII,298.181,185.479,70.799,184.407,254.235
RGEN,22.441,26.764,24.888,44.666,60.951
RSG,2637.3,2682.4,2774.4,2878,2956.6
REZI,477,559,512,564,375
RMD,487.16,522.715,568.889,680.223,786.781
RGP,54.565,57.36,37.854,51.013,58.047
ROIC,118.263,149.21,170.923,190.18,185.431
RPAI,378.89,374.411,334.864,296.45,302.437
REX,139.372,49.403,67.039,42.746,31.794
REXR,53.047,72.862,93.995,136.833,175.679
RH,208.189,249.156,141.631,209.529,420.381
RLI,#N/A,#N/A,#N/A,#N/A,#N/A
RHI,633.945,617.537,581.21,653.169,686.015
ROK,1323,1160.3,1206.4,1474.2,1496.3
ROG,118.309,126.233,171.476,160.223,164.807
ROL,285.587,311.031,350.914,375.94,398.505
ROP,1236.003,1301.362,1553.757,1762.4,1912.3
ROST,1721.309,1899.199,2105.159,2361.559,2371.071
RCL,2361.921,2665.163,2806.037,2925.971,3298.751
RGLD,209.06,242.042,305.578,328.525,303.763
RES,121.117,-29.604,385.224,369.806,125.61
RPM,602.401,677.11,642.541,656.268,637.472
RPT,159.622,157.987,158.464,160.629,137.299
RUTH,57.286,60.993,67.594,73.572,76.175
R,1652.831,1738.308,1741.212,2153.829,2407.201
SPGI,2102,2541,2974,3036,3412
STBA,#N/A,#N/A,#N/A,#N/A,#N/A
SBRA,194.498,234.681,346.016,511.837,506.669
SABR,823.603,871.567,972.422,975.038,824.389
SAFE,16.006,17.999,16.576,39.567,79.341
SAFT,#N/A,#N/A,#N/A,#N/A,#N/A
SAIA,155.305,156.092,181.629,243.709,271.318
SAIL,1.591,12.7,20.163,21.649,6.559
CRM,302.663,600.42,709.482,1706,2157
SBH,591.486,613.605,616.39,567.467,566.164
SAFM,410.659,378.694,530.001,153.99,212.775
SANM,309.998,332.796,349.706,298.017,416.819
BFS,140.47,145.501,152.8335,153.179,152.363
SBAC,1079.124,1068.879,1150.665,1254.374,1350.997
SCSC,119.359,116.188,119.674,139.822,144.786
SLB,9798,6625,6786,6708,6521
SCHL,133.9,157.7,151.6,137.5,120.1
SWM,171.5,182.5,195.7,197.5,196
SAIC,262,312,313,313,347
SGMS,961.3,995.3,1121.8,1208.7,1221
SBCF,#N/A,#N/A,#N/A,#N/A,#N/A
CKH,149.52,78.848,113.904,140.995,110.816
STX,2324,1491,2047,2334,2003
SEE,1088.8,737.1,741.6,849.4,828.4
SEIC,424.431,447.638,473.799,519.35,545.021
SEM,384.471,448.358,518.689,621.834,684.457
SIGI,#N/A,#N/A,#N/A,#N/A,#N/A
SRE,3337,3001,3780,3248,4314
SMTC,118.948,66.495,107.432,128.368,138.414
SENE.A,#N/A,,,,
SXT,259.083,259.779,264.44,255.485,224.125
SCI,785.876,806.738,842.905,863.308,887.073
SVC,665.711,744.201,766.986,780.582,799.969
NOW,-106.009,-68.908,50.904,106.774,412.637
SFBS,#N/A,#N/A,#N/A,#N/A,#N/A
SHAK,16.992,42.341,65.728,73.907,82.575
SHEN,148.334,235.201,236.075,259.993,258.601
SCVL,62.916,72.511,67.211,65.905,74.611
SSTK,56.159,67.432,62.639,78.104,70.07
SBNY,#N/A,#N/A,#N/A,#N/A,#N/A
SIG,588.6,708.5,693.6,528.6,413.4
SLGN,477.611,464.149,531.137,573.124,606.324
SLAB,73.981,104.395,126.391,144.02,113.864
SFNC,#N/A,#N/A,#N/A,#N/A,#N/A
SPG,3855.678,3973.99,4082.477,4198.152,4167.052
SSD,144.256,167.569,172.731,207.832,213.632
SLP,7.84612,9.16413,10.39936,13.01909,13.39898
SITC,655.096,652.221,591.413,434.871,308.587
SIX,526,491.418,641.457,703.412,550.294
SKX,392.726,435.815,462.724,526.863,607.465
SKYW,499.022,577.934,680.967,808.869,902.225
SWKS,1222.3,1371.3,1507.9,1607.4,1330.4
SLG,1006.781,980.918,839.535,1049.694,845.225
SNBR,119.226,130.322,153.206,154.394,173.961
SLM,555.662,621.839,773.261,949.663,1274.755
SM,527.142,388.654,566.835,962.79,902.549
SGH,44.578,38.8,87.569,193.403,115.587
SNA,842.6,939.9,974.4,1052.3,1051.7
SEDG,31.02,72.594,97.201,152.544,239.836
SAH,306.696,319.453,310.352,301.617,351.487
SON,645.575,652.959,677.74,728.458,775.755
SJI,244.604,266.502,235.438,274.633,334.262
SBSI,#N/A,#N/A,#N/A,#N/A,#N/A
LUV,5585,4743,5177,4374,4224
SWX,555.043,584.846,589.875,611.845,675.048
SWN,1027,640,1229,1559,776
SPTN,225.015,227.025,214.275,197.185,162.026
SPPI,-1.703,-36.394,-68.688,-137.647,-136.883
SR,419,410.2,479.6,445.9,489.9
SRC,582.182,592.232,573.518,212.797,426.321
SPOK,41.771,36.562,22.33,7.596,2.289
SFM,299.894,293.883,325.199,346.689,429.266
SPSC,16.595,18.953,21.763,39.417,54.844
SPXC,-77.7,101.5,75.1,146.2,146.1
FLOW,272.7,201.6,199.6,175.7,174.5
STMP,64.17,140.472,184.947,220.991,121.431
SMP,92.338,121.286,126.335,129.955,144.894
SXI,97.849,114.233,98.319,125.22,121.028
SWK,1942.2,2073,2332.7,2391.5,2510.4
SBUX,4300.6,4939.5,5018.3,5165.6,5353.9
STT,#N/A,#N/A,#N/A,#N/A,#N/A
STLD,628.868,1159.463,1374.079,2017.054,1308.84
SCL,186.904,208.215,229.277,232.958,208.696
SRCL,789.391,852.47,787.2,777.7,591.3
STE,328.592,471.496,505.9,609.467,684.114
STL,#N/A,#N/A,#N/A,#N/A,#N/A
SHOO,182.829,177.303,165.781,198.933,212.092
STC,#N/A,#N/A,#N/A,#N/A,#N/A
SF,380.07,435.175,625.853,743.935,813.462
SNEX,104.9,103,67.2,191.8,274.2
STOR,254.998,338.603,408.019,493.897,603.269
STRA,87.802,75.489,70.942,97.457,237.316
SYK,2649,3123,3409,3827,4166
RGR,130.667,169.759,110.644,98.971,68.76
INN,143.25,154.28,169.088,185.663,175.223
SXC,197.9,227.4,233.4,261.2,252.8
RUN,-147.827,-98.498,-45.946,42.726,-19.048
SUPN,21.765,56.615,107.673,151.507,158.796
SRDX,24.394,26.411,12.531,7.195,15.169
SIVB,#N/A,#N/A,#N/A,#N/A,#N/A
SYKE,149.953,166.144,171.438,157.557,156.084
SYNA,242.4,195.2,175.2,74,125
SYF,7158,8251,9359,10113,10093
SYNH,215.727,231.318,338.2,549.501,583.629
SNX,468.171,514.376,673.632,811.55,1232.995
SNPS,523.198,558.97,627.721,609.645,786.236
SNV,#N/A,#N/A,#N/A,#N/A,#N/A
SYY,2327.63,2655.2,3090.671,3118.797,3241.461
TROW,2079.7,2006.8,2353.9,2461.1,2746.8
TRHC,8.039,9.383,8.494,17.719,8.79
TCMD,4.278,5.071,5.747,6.625,15.136
TTWO,-103.609,223.906,352.576,310.731,462.14
TALO,146.893,134.22,221.947,609.692,615.295
SKT,250.403,269.481,291.106,294.129,269.973
TPR,947.6,908.2,1031.6,1252.2,1176.7
TGT,6304,6748,6678,6791,6676
TCO,294.771,319.636,162.416,205.761,199.164
TMHC,278.404,322.488,352.442,347.641,365.243
TCF,#N/A,#N/A,#N/A,#N/A,#N/A
TEL,2572,2511,2698,3117,2884
TISI,42.71,64.652,13.751,32.426,48.589
FTI,#N/A,#N/A,1905.2,1508.1,1600
TTGT,17.568,11.684,15.046,21.169,27.738
TGNA,1059.388,818.914,626.969,773.562,701.432
TDY,381.1,345.8,456.6,529.1,607.9
TFX,438.824,504.485,562.512,675.533,716.443
TDS,980.837,967,996,1079,1122
TPX,391.7,450.9,354.2,325.8,456.4
THC,2105,2250,2250,2416,2529
TNC,86.145,87.102,97.565,119.472,129.1
TDC,492,497,234,195,169
TER,388.822,420.221,635.28,595.553,657.229
TEX,455,309.5,232.1,457.4,386.2
TTEK,187.021,213.914,236.887,241.611,238.797
TCBI,#N/A,#N/A,#N/A,#N/A,#N/A
TXN,5346,5739,6937,7670,6737
TXRH,215.233,262.343,314.533,309.834,346.824
TXT,1584,1607,1468,1527,1459
AAN,#N/A,,,,
AES,3749,3308,3405,3393,3211
ALL,#N/A,#N/A,#N/A,#N/A,#N/A
ANDE,53.639,126.448,111.864,136.694,225.277
BK,#N/A,#N/A,#N/A,#N/A,#N/A
BA,9003,7448,12166,13915,335
SAM,199.832,186.981,169.382,168.501,212.094
BCO,292.1,342.5,448.7,442.8,463.7
BKE,288.652,261.73,185.547,164.823,147.776
CATO,112.36,120.815,78.526,38.317,46.167
SCHW,2509,3319,4079,5112,5224
CAKE,256.82,289.117,258.852,243.722,229.43
CHEF,56.371,55.723,61.097,72.412,82.638
CC,493,741,1345,1512,737
PLCE,151.614,169.234,215.85,235.669,185.153
CLX,1171,1233,1285,1292,1289
KO,11774,11151,10038,11194,11869
COO,551.074,610.2,670,771.6,849.6
SSP,32.164,170.135,80.651,197.404,173.552
ENSG,121.193,119.441,139.078,137.58,185.119
EL,1981,2221,2397,2964,3072
GPS,2610,2148,2063,2063,1905
GEO,342.485,380.5,372.582,391.099,431.238
GS,#N/A,#N/A,#N/A,#N/A,#N/A
GT,2349,2520,2184,1988,1616
GBX,427.418,457.977,322.06,281.096,234.591
HAIN,292.959,341.704,210.234,200.591,85.148
THG,#N/A,#N/A,#N/A,#N/A,#N/A
HIG,#N/A,#N/A,#N/A,#N/A,#N/A
HSY,1664.938,1770.313,1882.973,1975.532,1949.082
HD,12288,13765,15437,16913,17929
IPG,1028.1,1098.2,1095.5,1211.7,1398.4
SJM,1112.8,1721,1697.4,1674.9,1708.7
KHC,4474,8435,8006,6779,5999
KR,5209,5711,5775,5413,5168
MAC,776.462,601.163,574.991,541.118,606.447
MCS,114.69727,114.69727,129.36,144.865,142.342
MIK,768,835.36,838.481,857.301,796.538
MIDD,391.757,512.849,514.296,562.536,611.536
MOS,2169.1,1190.2,1291.7,2121.8,1448.6
NYT,205.182,196.931,272.452,260.382,249.59
ODP,691,647,584,549,586
PNTG,#N/A,15.837,17.946,23.595,24.116
PNC,#N/A,#N/A,#N/A,#N/A,#N/A
PG,17873,17559,17353,17254,17336
PGR,#N/A,#N/A,#N/A,#N/A,#N/A
PRSC,36.421,66.227,51.428,62.625,45.574
SMG,422.6,465.3,501.2,423,514.5
SHW,1813.68,1977.543,2206.156,2662.951,3402.9
SO,7071,8019,9435,8880,8475
JOE,3.351,10.931,13.176,38.501,41.61
TKR,436.8,329.5,441.5,605.4,691.8
TJX,4162.666,4303.781,4524.721,4753.158,4958.782
TTC,350.872,398.997,419.274,435.69,417.488
TRV,#N/A,#N/A,#N/A,#N/A,#N/A
DIS,15197,16786,16591,17925,15877
WEN,429.671,377.088,397.54,385.686,405.535
WU,1426.2,1358.2,1208.4,1381.9,1308.1
WMB,3291,3513,3583,3795,4115
TMO,4182.7,4616.9,5300,6138,6536
TPRE,#N/A,#N/A,#N/A,#N/A,#N/A
THO,322.02,444.669,658.069,725.327,510.06
TIF,1071.043,996.1,977.7,1026.1,1015.1
TMST,14.5,12.6,52.2,101.4,10.7
TWI,43.221,33.049,56.066,98.444,24.668
TVTY,98.486,104.4,126.976,138.472,216.956
TMUS,6762,9334,10245,11794,13088
TOL,470.227,513.182,672.544,811.475,752.949
TMP,#N/A,#N/A,#N/A,#N/A,#N/A
TR,113.093,111.194,91.716,91.974,88.985
BLD,95.657,134.499,185.775,269.342,342.309
TSCO,774.077,837.038,852.216,879.088,939.198
TT,1853.9,1952,2079.4,2373.1,2519.4
TDG,1192.465,1423.73,1630.489,1804.812,2238.307
TG,93.681,70.632,81.081,100.185,84.303
THS,379.168,642.895,598.8,459.3,453.8
TREX,92.49,118.453,159.74,193.266,202.23
TPH,329.244,300.662,348.762,383.457,283.362
TRMB,376.9,387.3,454.7,606.6,652.7
TRN,1527.6,1007.4,512.6,525.6,660.2
TSE,360.009,456.9,556.9,403.8,190.2
TRIP,326,268,235,299,313
TBK,#N/A,#N/A,#N/A,#N/A,#N/A
TGI,468.984,34.393,561.434,173.617,74.31
TBI,143.485,141.141,123.679,117.668,117.313
TFC,#N/A,#N/A,#N/A,#N/A,#N/A
TRUP,-14.233,-2.852,16.49,21.467,25.764
TRST,#N/A,#N/A,#N/A,#N/A,#N/A
TRMK,#N/A,#N/A,#N/A,#N/A,#N/A
TTEC,176.312,185.894,209.453,189.379,202.505
TTMI,253.063,367.919,390.659,403.616,353.874
TUP,365,379.1,415,369.2,246
TWTR,-124.313,136.26,441.305,874.523,831.922
TYL,133.517,181.606,216.058,213.292,233.039
TSN,3049,3585,4018,4217,4034
USB,#N/A,#N/A,#N/A,#N/A,#N/A
USCR,119.405,145.803,160.2,168.4,161.1
USPH,55.457,58.443,65.037,70.06,77.545
SLCA,85.146,19.003,266.975,281.498,199.436
UDR,540.918,597.332,667.287,794.466,732.224
UFPI,176.88,208.056,234.002,262.001,313.29
UGI,1548.7,1416.5,1228.2,1416.1,1390.5
ULTA,556.545,686.028,883.69,1062.29,1153.319
UCTT,17.881,34.13,100.364,82.783,75.3
UMBF,#N/A,#N/A,#N/A,#N/A,#N/A
UMPQ,#N/A,#N/A,#N/A,#N/A,#N/A
UA,512.287,578.941,325.239,341.2,399.703
UAA,512.287,578.941,325.239,341.2,399.703
UFI,57.588,61.416,63.322,52.608,36.024
UNF,278.208,268.582,256.595,280.711,315.708
UNP,10064,9281,10211,10708,10770
UIS,243.5,285.3,388.6,467.9,414.3
UAL,7808,7133,5882,5840,6819
UBSI,#N/A,#N/A,#N/A,#N/A,#N/A
UCBI,#N/A,#N/A,#N/A,#N/A,#N/A
UFCS,#N/A,#N/A,#N/A,#N/A,#N/A
UIHC,#N/A,#N/A,#N/A,#N/A,#N/A
UNFI,306.86,302.767,317.889,329.738,490.594
UPS,9429,7295,9776,9281,10236
URI,2778,2703,3008,3689,4209
X,18,383,1065,1559,587
UTHR,731.936,1093.3,1055.9,846.7,667.1
UNH,#N/A,#N/A,#N/A,#N/A,#N/A
UNIT,446.153,661.548,762.441,792.747,827.006
UNVR,592.6,470.4,567.2,612.1,654.6
UVV,191.978,224.266,227.99,207.099,230.582
OLED,46.361,89.731,173.149,87.309,192.761
UEIC,61.771,58.164,52.371,37.037,47.741
UHT,42.745,45.07,49.153,51.681,51.62
UHS,1640.798,1691.68,1725.343,1680.344,1803.931
UVE,#N/A,#N/A,#N/A,#N/A,#N/A
UNM,#N/A,#N/A,#N/A,#N/A,#N/A
UE,147.422,181.387,241.925,186.238,193.282
URBN,496.799,505.229,475.998,397.122,501.148
UBA,65.262,68.509,74.001,82.959,82.631
ECOL,124.353,109.861,109.877,120.313,154.413
USNA,151.64,152.104,148.464,205.08,168.984
VFC,2593.877,1897.895,1897.895,1565.6,1532.691
VLO,7729,5592,5867,6743,6173
VLY,#N/A,#N/A,#N/A,#N/A,#N/A
VMI,304.661,338.327,352.037,334.918,322.114
VVV,353.2,490,560,430,436
VNDA,-26.631,-6.703,-13.919,24.694,25.702
VREX,142.3,126.4,116.1,103.4,103.8
VAR,602.515,515.3,452.7,569.8,580.5
VGR,252.752,275.282,260.589,240.577,283.964
VECO,20.726,-12.369,8.611,21.551,5.202
VTR,1730.201,1864.586,1932.144,1835.762,1913.836
VRA,78.95,72.461,59.113,40.067,43.143
VRSN,667.437,744.739,757.6,815.759,852.457
VRSK,898,980.8,1045.4,1131.7,1154.8
VBTX,#N/A,#N/A,#N/A,#N/A,#N/A
VRTV,194.3,176.6,133.9,122.8,120.7
VZ,48823,41838,43473,47410,47189
VRTX,-402.33,72.596,459.326,737.638,1276.42
VIAC,2799,2875,3128,17722,17496
VVI,80.964,119.206,139.091,133.955,139.468
VSAT,253.277,262.995,255.581,163.465,250.493
VTRS,2798.1,3091.1,3418.6,3353.1,0
VIAV,83.2,87.6,92.9,93.6,189.1
VICR,8.875,2.124,7.533,41.715,24.155
VRTS,59.797,68.61,119.57,120.143,168.09
VRTU,67.991,61.024,28.608,57.771,102.648
V,9572,10526,12719,14174,16057
VSH,356.757,277.784,498.159,644.767,450.873
VSTO,303.899,335.576,305.927,157.628,88.4
VC,265,323,356,296,205
VG,117.435,121.939,137.015,122.891,104.631
VNT,#N/A,#N/A,566.9,586,647.6
VNO,1535.967,1075.064,985.85,1158.527,4117.312
VMC,846.912,970.771,974.506,1113.82,1295.293
WRB,#N/A,#N/A,#N/A,#N/A,#N/A
GWW,1605.287,1407.967,1410,1598,1615
WNC,219.454,240.965,175.474,176.563,187.483
WAB,700.501,572.456,565.827,659.934,1332.5
WDR,417.352,251.501,204.463,263.271,127.515
WBA,6663,8087,7914,7908,7165
WD,272.592,306.447,374.409,365.922,404.455
WMT,36320,33559,32115,31732,33835
HCC,#N/A,-3.757,513.521,616.515,483.891
WAFD,#N/A,#N/A,#N/A,#N/A,#N/A
WRE,171.88,185.689,188.656,164.049,167.532
WM,3477,3804,4088,4307,4426
WAT,670.091,733.596,779.366,854.545,828.597
WSO,350.583,366.446,373.341,384.551,381.198
WTS,115.9,208.9,225.4,240.3,248
WDFC,71.854,77.813,76.178,86.404,89.975
WBS,#N/A,#N/A,#N/A,#N/A,#N/A
WEC,1965.6,2486.8,2570,2272.1,2468.5
WRI,331.398,407.007,361.575,345.887,300.306
WFC,#N/A,#N/A,#N/A,#N/A,#N/A
WELL,2045.563,2205.342,1946.822,2052.329,2287.898
WERN,392.685,335.798,361.459,429.466,453.399
WST,215.6,306.2,326.4,359.2,400.6
WABC,#N/A,#N/A,#N/A,#N/A,#N/A
WDC,2923,2064,4350,5879,2065
WRK,1703.5,1883.3,2194.2,2587.5,2971.1
WEX,320.007,363.433,467.499,586.364,642.47
WY,1234,1563,1998,1904,1186
WHR,2155,2146,2144,1810,1702
WSR,40.822,44.038,58.325,59.777,61.722
WSM,671.62,656.889,665.679,657.013,658.659
WLTW,787,1647,1880,1724,2089
WING,25.7,32.211,37.249,42.84,48.385
WGO,64.394,74.886,138.877,181.746,180.527
WTFC,#N/A,#N/A,#N/A,#N/A,#N/A
WETF,140.376,65.281,55.315,86.254,47.362
WWW,268.4,245.7,254.6,298.7,287.2
WWD,342.541,322.665,351.626,393.246,443.556
WRLD,183.29205,295.36835,271.48186,241.89072,264.37521
INT,245.5,243,269.5,308.2,329.3
WWE,107.031,118.632,146.122,186.328,200.73
WOR,276.498,268.968,290.174,280.006,238.527
WPX,349,178,577,1325,1339
WW,229.641,253.444,331.508,433.073,339.64
WYND,1291,1241,819,894,978
WH,330,364,372,495,573
WYNN,1059.066,1081.109,1634.625,1803.187,1605.192
XEL,3385.405,3643.769,3812,3719,3983
XNCR,-15.979,24.006,-41.093,-76.119,18.322
XHR,279.092,274.45,265.185,282.281,287.401
XRX,1759,1553,1682,1637,1573
XLNX,854.483,738.322,762.02,816.127,1061.159
XPER,198.551,168.371,124.127,165.205,43.086
XPO,472.9,1155.3,1308.5,1430,1603
XYL,625,660,849,976,966
YELP,8.48,33.822,57.411,68.704,97.072
YETI,135.441,99.877,84.736,126.933,118.73
YUM,1774,1847,1959,1954,2059
ZBRA,513,597,659,791,857
ZBH,1896.9,2382.6,2463.5,2211.9,2214
ZION,#N/A,#N/A,#N/A,#N/A,#N/A
ZTS,1281,1644,1969,2189,2430
ZUMZ,107.138,81.475,69.559,77.648,89.006
ZYXI,0.143,1.075,9.23,10.818,11.844
