,Q3 2019 Market Value,Q4 2019 Market Value,Q3 2020 Market Value,Q2 2020 Market Value,Q3 2020 Market Value
DDD,962.9409969,1036.183729,913.7429441,830.9584078,594.773329
MMM,94575.87276,101450.5008,78528.87408,89724.88181,92266.78474
EGHT,2057.247334,1834.13415,1420.071125,1660.561279,1620.842534
AOS,6600.699048,6529.491677,5140.648041,6365.706511,7147.804731
AAON,2393.795437,2574.162151,2517.085378,2824.791936,3148.766026
AIR,1562.809307,1206.278724,707.9810524,712.4238168,
ABT,147878.1832,153516.1869,139152.5032,161725.5297,192686.7863
ABBV,111950.8017,130934.8167,112507.7175,173026.7661,154581.7381
ANF,1017.705976,1026.557336,651.7033599,600.6795961,
ABMD,8072.114307,7702.991076,6541.345205,10859.80377,12480.79382
ABM,2421.527313,2533.106213,2298.103188,2393.314171,
ACHC,2751.357041,2942.295498,1629.101812,2234.235606,2622.633172
AKR,2476.291102,2257.218673,1076.009122,1117.446033,905.7787285
ACN,127745.3687,114682.5176,128437.3761,152642.6588,
ACIW,3656.080859,4379.467884,2804.539389,3129.351603,3041.243474
ATVI,40591.01457,45650.00837,45753.32331,58479.84399,62483.04174
AYI,5181.896035,4075.313114,3415.072111,4331.969987,
ADUS,1221.556881,1512.646,1051.788377,1440.141003,1493.200728
ADNT,2149.538125,1988.999968,850.7024747,1541.492525,1627.01637
ADBE,149836.9754,168323.9572,186264.2676,246255.3511,
ATGE,2092.017091,1888.205179,1417.565841,1613.646006,1273.044563
ADTN,542.5859852,472.9991585,369.3081656,524.1758282,491.8088279
AAP,11807.40827,11092.58566,8353.550867,10374.85701,10612.80019
AEIS,2199.319576,2727.600548,1862.355567,2594.026237,2412.543084
AMD,31469.97889,51070.98313,53250.35073,61616.32922,96260.91147
ASIX,715.421908,557.1235075,266.3091077,328.770824,361.0299005
ACM,5924.226525,6775.119285,4734.896643,6016.026384,6710.665248
AEGN,660.521953,688.0788732,552.3157447,486.9480542,434.7994876
AJRD,3973.924754,3593.076769,3285.411996,3112.840492,3136.20299
AVAV,1390.360362,1598.040473,1445.93871,1842.068841,
AMG,4220.806671,4175.322697,2830.899731,3522.099218,3183.299586
AFL,38736.8381,38829.5536,24739.12012,25851.81001,25574.9129
AGCO,5771.367606,5834.074745,3565.721077,4152.166308,5562.55881
A,23442.1769,25608.70887,23737.84687,29744.52797,
AGYS,606.3167449,601.1751965,395.0719112,419.8106509,569.9227415
ADC,3102.498326,3197.900821,2909.430651,3538.555291,3427.07966
APD,48887.95949,51812.00457,44049.53447,53327.56401,65795.59639
AKAM,14803.55956,13959.09376,14810.58418,17377.97294,17985.39587
ALG,1391.214956,1484.754363,1050.977652,1217.334339,1281.686279
ALRM,2261.433628,2087.138839,1896.745827,3159.886906,2705.358411
ALK,8001.586177,8338.466986,3489.99484,4444.945416,4528.923249
AIN,2767.912181,2330.744002,1453.031092,1802.397017,1520.882711
ALB,7368.146368,7744.650208,5993.20193,8208.889912,9495.641582
ALEX,1770.651357,1514.527682,811.2845504,881.42229,811.0235582
ARE,17470.90785,18606.05457,17296.26544,20475.11394,20178.3313
ALXN,21960.79342,23932.62203,19942.35975,24785.67121,25079.96519
ALGN,14450.26157,21991.98118,13699.08382,21615.70758,25791.60711
Y,11511.67718,11508.21083,7923.460547,6999.43801,7448.680718
ATI,2553.099798,2604.916062,1076.332474,1290.357675,1104.211947
ABTX,665.4503175,782.4786822,490.7349546,518.0312828,477.4867899
ALGT,2440.355983,2834.763429,1339.066119,1769.209359,1945.831478
ALLE,9678.422486,11571.88324,8521.143518,9426.752034,9122.80955
ALE,4515.250994,4193.891406,3141.889048,2828.110532,2684.305685
ADS,6547.137079,5167.505717,1602.669124,2148.973514,2003.076485
LNT,12961.69572,13386.02224,12048.53649,11936.25961,12894.13175
MDRX,1792.144481,1593.622196,1145.415062,1100.4661,1326.569904
GOOG.L,#N/A,,,,
GOOG,789296.4036,858935.736,740932.5477,900688.9223,930674.8325
MO,76405.12709,93238.21595,71863.0463,72940.94565,71808.46732
AMZN,858678.324,920224.303,970679.7615,1376033.325,1577166.253
AMBC,890.5219896,982.5997845,562.432516,655.5552564,584.9827292
AMCX,2170.872018,1740.923052,1071.536135,948.6103415,1002.17152
AMCR,15745.84058,17562.33918,13024.86342,16075.00569,17331.72027
AMED,4215.246473,5384.004719,5930.911192,6428.559331,7676.092079
AEE,19676.55727,18895.10466,17969.85613,17371.25351,19539.04959
AAL,12008.95846,12280.77648,5193.655939,6640.990972,6250.223354
AAT,2791.413696,2752.026425,1501.70002,1672.290602,1447.180679
AXL,924.5512906,1210.239875,408.0671754,859.4546218,653.585179
ACC,6606.288065,6462.145443,3818.511108,4810.651321,4806.112517
AEO,2598.651859,2404.566147,1315.728365,1655.004272,
AEP,46263.65601,46703.95711,39576.74563,39468.24016,40550.78463
AEL,2201.691779,2725.006737,1716.289527,2261.606269,2022.080571
AXP,97107.879,100836.8983,68982.65637,76633.28402,80717.40356
AFG,9700.244708,9887.798812,6330.957067,5626.299842,5845.143838
AIG,48453.87738,44654.63911,20886.28493,26855.04271,23715.27583
APEI,358.5041062,421.7577344,357.194763,437.5244693,417.1277317
AWR,3309.723608,3191.730998,3012.936371,2900.18873,2764.446454
AMT,97890.93567,101796.4746,96444.08524,114612.4474,107224.3235
AVD,474.13791,587.7408746,436.0991469,415.0537276,396.5538861
AWK,22442.52278,22208.33144,21637.37129,23290.40938,26252.84449
AMWD,1677.78727,1855.497423,870.1142082,1365.909865,
CRMT,597.4695243,725.096894,436.1932695,649.4024824,
AMP,18741.28957,21104.95114,12601.86371,18355.48013,18534.63524
ABCB,2797.484782,2963.379136,1647.447088,1638.07473,1582.92641
AMSF,1275.808089,1274.378926,1244.464401,1180.558264,1108.829527
ABC,17022.60475,17507.50307,18221.44185,20496.89655,19785.42288
AME,20966.72901,22799.86556,16506.26321,20504.34726,22825.26075
AMGN,116048.1823,143239.9463,119571.572,138744.0263,148859.9194
AMN,2685.864712,2910.562383,2708.62981,2125.205615,2746.896076
AMPH,936.5014448,905.4340577,686.1719117,1037.613848,890.3539896
APH,28703.73181,32089.33063,21725.60102,28349.6397,32305.2618
ADI,39389.76139,40492.7026,40356.91157,42374.41656,
ANGO,578.2193793,432.3227251,384.8659483,354.6472084,
ANIP,879.953113,744.9735732,492.8318053,398.7484367,347.1012873
ANIK,756.5448828,739.847631,409.5968842,535.8517677,502.8005637
ANSS,18616.59695,22029.48048,19972.42803,24970.75751,28072.81329
AM,3751.037872,3673.878795,1016.577475,2430.129721,2559.326246
ANTM,61421.66358,76583.93321,57245.18129,66301.49182,67552.11768
AON,45651.91607,48334.00505,38175.73286,44507.32343,47789.46685
APA,9624.550925,9622.761572,1577.180855,5095.251343,3574.533504
AIV,7762.811461,7689.910731,5234.889886,5603.246483,5019.729208
APOG,1015.463256,800.2765167,543.5138129,551.6451191,
ARI,2943.200802,2808.191917,1142.984234,1509.00158,1330.426565
AAPL,1012160.789,1304764.78,1112640.775,1562780.882,1966078.959
AIT,2195.433595,2577.968616,1768.403966,2414.929752,2135.616995
AMAT,50122.87547,53270.02116,45621.39232,58957.11563,
AAOI,224.7253778,239.0256123,153.5532999,221.0908856,256.2070727
ATR,7585.684313,7391.2397,6474.690054,7187.633595,7298.434902
APTV,22396.39099,24244.70114,12566.9837,21040.37557,24755.9251
ARCB,777.0840334,703.9932089,443.8867394,669.708092,790.3197812
ADM,22874.92197,25802.39405,19602.57788,22164.29986,25832.02302
AROC,1515.204239,1525.176431,574.8250303,992.4877902,822.8675532
ARNC,#N/A,#N/A,#N/A,1519.106536,2077.764662
ACA,1655.319261,2155.774436,1918.607514,2034.496609,2131.306914
ANET,18311.85658,15539.55656,15490.86729,15900.21889,15731.97773
ARLO,255.2828329,319.0588512,186.3512975,201.3094977,410.999319
AHH,992.6784072,1032.701319,604.4537013,562.0959643,536.4650207
ARR,990.6284714,1052.846836,519.1468783,606.4653424,615.1987456
ARW,6200.608619,6901.987874,4080.500332,5403.693532,6106.113012
ARWR,2685.58228,6362.536385,2924.585607,4395.587377,4404.685111
AJG,16666.2905,17762.58544,15454.86654,18486.1511,20218.57035
ABG,1979.880832,2162.91289,1064.779124,1491.681057,1879.754583
ASGN,3325.294128,3747.21601,1852.303883,3500.700016,3336.900072
ASH,4663.251979,4609.248816,3016.567354,4177.512232,4288.567816
ASB,3225.642757,3511.895703,1965.695125,2102.254467,1939.499452
AIZ,7691.489508,7948.145198,6227.054268,6161.481184,7235.908308
AGO,4290.173839,4676.065311,2379.643298,2121.634082,1794.327743
ASTE,700.8385039,946.9319801,788.6434691,1045.949055,1226.21175
T,276496.8811,283508.0296,209089.5597,215388.7467,203133.7516
AAWW,652.2964105,713.2634701,666.3162108,1124.225772,1591.684627
ATO,13461.87665,13675.9254,12136.52394,12179.78097,11791.50286
ATNI,934.2117839,886.1292183,939.4186631,967.9719346,800.6567139
ADSK,32358.48744,43313.49833,41078.96507,51821.56825,
ADP,70007.69261,73775.00867,59012.13326,63989.1077,59959.23057
AN,4516.102413,4338.379557,2510.640365,3277.544883,4616.297052
AZO,28066.30049,24360.00909,23826.51208,27945.05756,
AVB,30072.34157,29287.12151,20711.96978,21762.6941,21018.64285
AVNS,1787.216522,1615.207365,1286.069109,1403.567213,1588.964296
AVY,9561.799074,10923.86286,8485.363506,9503.236582,10669.802
AVNT,2509.823642,2829.702954,1733.806008,2397.350155,2419.414768
CAR,2147.223157,2380.130324,966.6417246,1592.132601,1833.671157
AVA,3202.416752,3208.083866,2855.710507,2448.805251,2317.251429
AVT,4534.343229,4284.827056,2505.864452,2753.551015,2552.42294
ACLS,552.5550057,781.1840073,605.8630775,915.5726934,736.2337799
AAXN,3364.498888,4348.505863,4212.796352,6227.950185,5757.234759
AX,1693.949575,1855.831006,1112.257301,1317.197024,1391.679634
AZZ,995.6053413,967.9935755,828.1925597,909.7540497,
BGS,1211.084269,1148.320544,1158.567678,1563.257703,1781.854478
BMI,1563.421839,1890.177243,1560.456802,1832.065625,1903.413569
BKR,15060.05167,16656.1424,6864.280792,10080.98564,8722.561821
BCPC,3209.490755,3269.335251,3184.213745,3065.575569,3158.176821
BLL,24173.13694,21155.46524,21065.25953,22653.8623,27144.24117
BANC,712.6984356,865.9923011,398.4017639,538.0419185,503.5138107
BANF,1809.020543,2039.665018,1091.065457,1324.488754,1333.944388
BXS,3055.053018,3240.770444,1977.575218,2376.853056,2025.655703
BAC,264842.1505,316807.6944,185306.6937,206045.769,208718.1139
BOH,3490.992145,3832.473822,2212.527865,2457.059672,2023.290134
OZK,3506.949272,3922.973334,2147.636763,3018.265333,2741.773237
BKU,3196.186085,3471.189319,1727.861267,1870.890226,2024.526812
BANR,1919.52265,2020.376166,1165.733999,1335.910973,1134.215265
BNED,195.66477,166.1435886,86.45261985,102.7897,
B,2608.941618,3142.239437,2123.416403,1995.503752,1805.94115
BAX,44658.33392,42692.6941,41180.05586,43810.79709,40711.15399
BDX,68287.56818,73557.00421,62446.05705,69356.85178,67446.6146
BBBY,1845.332298,1372.448447,920.0407615,1535.09867,
BELF.B,#N/A,,,,
BDC,2424.435917,2500.19001,1640.19685,1449.043533,1385.383626
BHE,1093.454092,1292.863705,734.7353607,786.5793596,734.6880304
BRK.B,509781.2423,553773.2278,442863.4282,433463.3255,508935.4215
BHLB,1476.040336,1630.359589,745.9743182,553.0440769,509.3091276
BBY,18932.46647,21915.86421,19758.23344,25724.99749,
BIG,845.4766978,1056.503539,918.4661756,1543.261066,
BIIB,42943.00308,53542.52082,55070.37253,43660.80955,44910.36154
BIO,9920.091163,11081.76869,10490.62975,13388.74381,15286.25401
TECH,7414.327236,8365.964803,7272.306278,10093.54979,9551.594837
BEAT,1380.298952,1573.783326,1312.343689,1543.00356,1558.174855
BJRI,794.7137797,727.4145788,266.9797059,466.150138,655.9226144
BJ,3651.839071,2816.698516,3631.08905,5551.204529,
BKH,4685.381736,4826.597104,4017.345062,3555.399428,3356.248054
BLKB,4442.28867,3915.205591,2729.837968,2832.375606,2767.779837
BLK,68884.36191,78005.47108,68119.67664,82952.09368,85932.11192
BLMN,1643.733844,1917.110476,621.3941797,932.60091,1336.837792
BCOR,1057.157276,1248.263348,576.4479242,546.4425863,452.5173718
BCC,1270.195206,1423.793296,932.1046535,1474.199141,1564.744112
BCEI,461.9952648,481.6209085,232.2900081,307.8544227,391.6797151
BKNG,83434.28308,85060.16467,55241.27654,65175.92704,70050.00677
BOOT,993.831409,1271.954848,372.0219605,621.1353897,812.0053251
BWA,7574.970241,8957.666396,5037.376526,7318.040601,8029.027316
BPFH,977.8777926,1001.401199,584.8734663,562.7873372,453.7264621
BXP,20041.28656,21316.18819,14306.90203,14042.2625,12497.39496
BSX,56680.07037,63028.72183,45655.8959,50162.80478,54666.07831
EPAY,1725.969614,2356.577512,1612.893246,2230.042793,1883.746118
BYD,2661.80307,3328.280187,1609.372981,2325.160197,3418.463609
BRC,2786.576356,2755.543303,2168.771021,2225.940501,
BDN,2669.354294,2775.071365,1798.562274,1856.697202,1763.726404
BHF,4421.926561,4159.45115,2540.170344,2610.74095,2453.086736
BSIG,899.1397631,880.0216952,547.5591042,999.8120506,1033.479505
EAT,1600.124931,1569.581932,449.2580965,885.7544861,1925.181196
BMY,82949.74144,150473.229,126109.6853,133046.1525,136240.4179
VTOL,224.1991237,216.5089067,430.1928316,643.4490418,
BRX,6043.295781,6436.452421,2831.151917,3800.481633,3465.865474
AVGO,116165.1018,121390.2896,108591.2254,127392.185,
BR,14220.23337,14163.3674,10886.76883,14488.81737,15201.31787
BRKL,1175.954778,1312.98117,899.7829932,794.7760633,682.2571545
BRKS,2674.469569,3089.00113,2245.410084,3263.097728,3412.148516
BRO,10142.77667,11123.33204,10269.3121,11551.53379,12802.98417
BF.B,30718.67325,31751.82122,28813.96924,32141.1929,
BC,4295.00054,4772.548598,2810.866002,5065.012645,4663.419626
BLDR,2377.001244,2942.147717,1420.269813,2413.844316,3807.493171
CHRW,11477.34718,10576.54959,8694.688164,10642.26511,13777.6046
CABO,7159.317735,8500.651952,9410.313258,10679.1821,11350.92811
CBT,2586.892289,2707.594617,1480.481656,2091.601382,2034.309363
COG,7351.123154,6927.868664,6851.513066,6847.52722,6919.346691
CACI,5754.211176,6260.249672,5293.952753,5440.725945,5349.628663
CADE,2257.591032,2320.911831,824.6307918,1115.735433,1082.020201
CDNS,18512.51175,19461.92975,18502.29493,26790.78539,29727.80413
CZR,3100.609987,4638.202552,1120.276728,3840.190877,11179.88741
CAMP,357.9215021,328.6095799,264.3077278,280.7582329,
CVGW,1526.01435,1347.952908,1021.612019,1018.976937,
CAL,876.1934714,711.3892164,326.28963,244.6527098,
CWT,2548.050182,2482.35629,2442.381762,2356.284581,2146.343086
ELY,1826.36456,1995.06852,961.7838026,1647.831131,1802.290169
CPE,990.8394151,1885.960532,217.343417,456.546236,191.5837725
CALM,1910.677083,1531.438643,1955.887338,1686.410711,
CPT,10748.76586,10273.87513,7894.645101,8883.108557,8666.284519
CPB,13947.97093,14597.08521,15081.21472,14978.29064,
CMD,3099.465488,2770.207412,1559.234035,1991.790527,
COF,42790.89863,47927.35067,23063.16548,28497.85855,32813.84471
CFFN,1948.960561,1942.849825,1642.954195,1558.044056,1287.430156
CPRI,5026.359443,5784.875272,1611.648404,2334.575053,2706.204529
CMO,695.3541116,749.2795495,404.0135009,529.2069597,542.1542353
CAH,13798.55405,14794.04391,13988.1244,15238.77243,13774.82618
CSII,1675.939801,1710.368042,1241.082086,1246.300071,1579.05919
CATM,1369.804944,1991.568672,929.9841175,1066.223573,880.6427014
CTRE,2246.067186,1971.340813,1411.986533,1642.406612,1703.633668
CSL,8238.436713,9171.958167,6976.84296,6571.424699,6678.931634
KMX,15992.46144,14265.14347,14329.73628,17437.9048,
CCL,23750.43363,17655.47567,9439.167575,9898.932411,
CRS,2462.322308,2375.501603,932.0804958,1160.706644,870.7131229
CARR,#N/A,#N/A,14942.35451,19246.05095,26452.67736
CRI,4080.644004,4827.032748,2887.453374,3519.031384,3777.925501
CASY,6282.904302,5918.361113,5570.979481,5875.189222,
CTLT,6970.560781,8237.196911,8110.901555,12016.2289,14091.93065
CAT,69806.27942,81616.58643,63831.63273,68466.77383,80765.70486
CATY,2772.478306,3032.851317,1827.944658,2092.310292,1726.161684
CVCO,1750.900273,1784.60093,1325.041531,1769.059885,1655.28693
CBOE,12833.37894,13293.24005,9856.323532,10234.71289,9542.416261
CBRE,17829.17072,20516.95125,12624.96774,15156.24352,15747.99875
CDK,5828.459808,6638.042821,3991.011908,5033.669624,5297.953933
CDW,17834.67584,20523.39348,13316.34426,16534.5169,17053.30458
CE,15132.20737,14882.00728,8774.948806,10207.88254,12710.33156
CNC,17892.55208,26015.35345,34862.43988,36803.67646,33800.45953
CNP,15156.9694,13696.13969,7765.903647,10169.40797,10542.24727
CENT,1573.794426,1599.034832,1380.446434,1816.180599,1960.041097
CENT.A,#N/A,,,,
CPF,811.0187666,839.3916818,449.3975882,450.689122,382.0519106
CENX,589.8116917,668.038377,322.853299,637.8567122,637.131999
CCS,932.3465192,857.3404653,483.3635524,1021.974459,1411.732302
CDAY,7067.372299,9773.226029,7143.350007,11309.23376,12192.62569
CERN,21704.91509,23051.57753,19164.43697,20863.09762,22076.03334
CEVA,655.874918,592.9312607,553.2465527,823.4010485,872.392538
CF,10741.63131,10380.20437,5815.278068,6016.255525,6568.25288
CHX,2095.292916,2616.73372,445.5847282,2001.827784,1596.473057
CRL,6460.582247,7460.645479,6245.47155,8628.135153,11249.71716
GTLS,2231.802153,2416.074419,1019.786024,1706.60356,2529.362289
CHTR,88515.18236,101855.1395,90079.49316,104506.7744,124790.0391
CLDT,851.5979489,860.6044932,278.9305238,287.4142393,357.8589071
CHE,6684.986093,7032.226944,6875.33074,7160.074329,7646.785041
CPK,1563.629211,1571.995286,1406.24392,1380.610291,1390.40819
CVX,225152.3682,227868.9825,136175.8842,166590.5428,134447.2822
CHS,405.4865686,461.4318231,180.4244385,151.8490042,
CMG,23300.34864,23267.47211,18171.37965,29351.09815,34783.61338
CHH,4954.804944,5764.257243,3412.176228,4367.659135,4759.168935
CB,73576.11853,70545.42433,50473.60445,57150.85095,52412.61022
CHD,18591.50199,17261.57527,15773.90382,19007.50766,23275.43694
CHDN,4942.644367,5464.950379,4072.702021,5250.735653,6460.102231
CHUY,411.1645861,430.6607953,167.3130426,292.9227278,385.5280802
CIEN,5742.315323,6265.375933,7099.514027,9143.376716,
CI,57317.26891,76361.75893,65896.78526,69103.61063,62207.45881
XEC,4863.848476,5344.006943,1718.948899,2806.748649,2482.835358
CBB,255.6293994,527.9078985,740.2569653,750.8754071,760.2091026
CINF,19056.41065,17178.7756,12241.46037,10388.61035,12541.74762
CNK,4526.753225,3965.493541,1193.768651,1358.160427,1176.740036
CTAS,26605.70975,27674.54058,25800.23946,34490.01102,
CIR,747.4327606,920.6384264,231.6696032,509.3026121,546.9239496
CRUS,3115.194824,4763.215784,3847.762631,3606.466111,3938.597485
CSCO,201624.3599,195016.8437,179728.494,198870.1304,
CIT,4290.630566,4322.216838,1692.032302,2039.142262,1743.504632
C,150815.4566,174415.3747,88376.51905,106380.391,89749.201
CFG,15813.44964,17589.04788,8040.041169,10767.8647,10790.22918
CTXS,12634.65991,14441.38141,17319.79819,18259.58429,17011.59013
CHCO,1250.271201,1335.948854,1073.79414,1052.417011,923.4986783
CLH,4312.546192,4785.621588,2866.312303,3333.640893,3117.405863
CLW,348.796801,352.7817861,360.4320309,598.705324,628.7340057
CLF,1949.749838,2268.705622,1574.524409,2200.326775,2562.85157
CCMP,4100.173656,4200.289506,3335.96968,4055.486983,4149.382657
CME,75679.16419,71930.21884,61984.08875,58284.43187,60001.33853
CMS,18148.17805,17836.63198,16697.22046,16721.05752,17580.49779
CNO,2469.369118,2684.765832,1795.06331,2206.558043,2228.459237
CNX,1361.710218,1651.295071,995.0315281,1618.056501,2119.30713
COKE,2169.935573,2028.400904,1489.112678,1636.64576,1718.695778
CCOI,2579.561633,3082.013854,3869.803683,3647.53418,2839.746422
CGNX,8396.184192,9577.084461,7295.073257,10253.20778,11265.37911
CTSH,33283.8214,33960.04227,25495.16317,30715.75987,37417.37901
COHR,3686.513123,4017.685418,2570.227157,3176.649876,2690.753479
CHRS,1413.418655,1262.672547,1145.52124,1266.499582,1310.767809
COHU,555.0014938,942.9280892,513.2871666,723.1347736,719.2050242
CFX,3419.402952,4283.999923,2339.290784,3301.323352,3712.679589
CL,63072.02153,58998.90626,56900.18487,62749.27552,66148.42732
COLB,2691.449322,2934.853324,1933.512845,2028.648132,1708.104522
COLM,6545.622006,6765.430203,4702.707075,5327.87371,5753.604588
CMCS.A,#N/A,,,,
CMA,9509.159095,10343.05,4117.69281,5297.222382,5318.254646
FIX,1630.052407,1828.298479,1334.765694,1486.193277,1879.024981
CBSH,6511.67116,7655.479304,5655.160783,6632.860649,6278.210544
CMC,2534.364105,2166.549055,2043.103841,2461.09348,
CBU,3182.895554,3667.739982,3047.310005,3048.200644,2915.222286
CYH,424.9871958,341.7476164,399.7253044,360.1923635,504.7921044
CHCT,864.572045,831.7840142,838.575093,906.5016869,1062.685195
CVLT,2030.236366,2040.556316,1886.410228,1786.792694,1892.788826
CMP,1914.107153,2065.56854,1303.825216,1652.84935,2014.594928
CPSI,324.5665484,378.9983931,322.8920019,330.7309077,400.6792539
CMTL,848.1666062,705.2883536,457.5561778,406.0984455,
CAG,14049.70115,12993.0658,16945.3741,18738.0982,
CNXC,#N/A,#N/A,#N/A,#N/A,#N/A
CXO,13653.26405,17604.08202,8428.894681,10130.41054,8678.727473
CNMD,2720.371923,3173.62359,1631.736886,2054.27989,2247.710911
CONN,699.1723488,251.385731,196.0884353,289.0466906,
COP,62522.3687,70548.99126,33298.87476,45063.30104,35223.07694
CEIX,426.1796984,375.8275154,96.04700901,131.9670311,115.3314876
CNSL,343.0817594,279.6471185,332.3401064,494.4928395,415.6981933
ED,31377.66544,30074.94184,26034.44952,24031.95842,26023.8351
STZ,35503.64608,32790.20989,33012.90356,35292.38815,
CTB,1310.597128,1442.789946,819.3357427,1388.296835,1594.703133
CPS,690.941086,558.3812607,172.9776219,223.726253,223.2021561
CPRT,19193.15121,23584.78209,18722.10784,21893.00438,
CORT,1606.991711,1382.800122,1362.534604,1927.600684,2011.28107
CLB,2068.202964,1671.606169,459.5509693,903.3605052,678.8297099
CXW,2057.978973,2069.888392,1330.302337,1119.724522,957.0464478
CLGX,3707.800341,3475.775294,2413.118154,5338.034394,5382.80988
CORE,1473.436311,1238.966791,1294.792377,1125.12109,1304.519823
COR,4495.168152,4225.467857,4393.189416,4588.579559,5056.306256
GLW,22270.29947,22388.79214,15664.2154,19708.55286,24662.3245
OFC,3333.870986,3292.29327,2480.374582,2842.374238,2660.985356
CTVA,20969.00415,22122.73319,17608.15097,20048.83285,21566.27162
CRVL,1398.439653,1596.94387,986.9034947,1276.462267,1531.954162
COST,131813.568,124195.8494,136214.179,153500.1354,
COTY,7927.241443,8526.285324,3924.974481,3411.035996,2065.84314
CUZ,5516.821211,6046.59424,4297.480189,4430.938885,4247.562437
CVET,1331.444365,1480.018457,909.3031598,2002.737469,2752.956875
CBRL,3741.329917,3661.640856,2332.072465,2617.474129,
CR,4833.607225,5180.985863,2851.381915,3447.400671,2908.81844
CREE,5244.371994,4970.816622,3832.197531,6401.994081,6993.307968
CROX,1904.424079,2873.779495,1159.873266,2480.746075,2882.653099
CCRN,379.9670007,428.510723,248.4363957,230.7569724,243.8017592
CCI,57794.10094,59101.41943,60178.12017,69743.31933,71761.5
CRY,1018.016342,1015.975452,637.5452208,723.4839522,699.2374065
CSGS,1705.85342,1705.995547,1374.8562,1368.61364,1354.786686
CSX,54192.45004,56269.81553,44161.73963,53383.58893,59421.63026
CTS,1057.168818,978.3860632,807.8298521,646.4885612,710.8535917
CUB,2195.866514,1988.088181,1292.837783,1503.26866,1822.408344
CFR,5548.188834,6117.605489,3494.685623,4673.364032,4009.721205
CMI,24921.62901,27417.38793,20043.91887,25560.36998,31183.16373
CW,5527.979832,6014.453068,3929.458116,3718.610171,3877.469654
CUBI,647.6894548,745.729176,342.9943452,378.5236362,352.9622193
CUTR,414.13064,512.6411575,188.2792731,212.5250283,333.7543662
CVBF,2924.805339,3023.508933,2724.40409,2539.472707,2253.683093
CVS,82022.34213,96648.61595,77375.81722,84921.69219,76428.28588
CONE,8953.487133,7511.946292,7101.991064,8501.047749,8184.627879
CYTK,667.7658209,626.8600075,701.0216034,1401.696672,1526.426722
DHI,19493.20742,19455.88804,12456.37646,20158.17191,27506.8248
DAKT,308.3652544,266.3731973,203.7423649,186.0459125,
DAN,2078.204713,2619.471545,1128.154468,1761.233966,1780.034485
DHR,103609.4522,106745.337,96457.24221,124933.904,152757.0011
DRI,14520.98087,11847.22521,9982.518615,11274.08642,
DAR,3151.648096,4597.004826,3144.627671,3984.943387,5835.461177
PLAY,1226.468954,1350.015318,448.0841501,585.5667212,
DVA,7641.036913,9441.988862,9553.135577,9639.252167,10449.30019
DECK,4255.952317,4724.042808,3750.392117,5498.815474,6164.979347
DE,54831.98156,49922.25542,45493.71573,55160.10113,
DAL,37252.38769,37821.52209,18261.88209,17889.93478,19505.65938
DLX,2110.505944,2101.731822,1093.934846,984.7186007,1077.012352
XRAY,11951.22118,12586.40838,8504.785351,9652.684678,9554.846758
DBI,1071.042,911.5840063,406.4998909,380.4535799,
DVN,9311.219793,9975.076895,2645.985459,4343.220058,3619.457565
DXCM,13608.59869,19946.02549,24663.51585,37418.42067,39467.8093
FANG,14488.30647,14767.96503,4147.040831,6599.858451,4753.661924
DRH,2052.019314,2218.182814,1015.080506,1101.815752,1011.548353
DKS,2565.004731,2812.8445,1841.209175,2972.424575,
DBD,859.5557227,810.9405498,272.7705918,470.5117535,593.4338654
DGII,383.2259249,507.9392338,275.6105931,337.3240271,453.8306451
DLR,27045.00462,25007.97152,36016.48808,38129.96327,39477.67265
DCOM,769.9035749,734.3804123,466.6442731,457.2799959,373.8795071
DIN,1302.940886,1379.9108,472.8578181,691.2165342,896.3170992
DIOD,2047.495846,2877.237475,2080.796389,2610.374668,2925.886333
DFS,25543.34885,26294.19991,10923.50805,15342.60618,17705.01324
DISC.A,#N/A,,,,
DISC.K,#N/A,,,,
DISH,8669.652651,10089.83738,5689.393805,9860.276803,8347.01821
DHC,2200.265278,2007.867478,863.5588927,1052.680983,837.5862943
BOOM,644.1339633,658.194173,337.1655305,407.1343024,486.4994803
DG,41218.28108,39058.18787,44090.58016,47927.83533,
DLTR,26123.40036,20606.16049,18900.18627,22145.64337,
D,66607.95595,68168.56346,60495.24408,68130.39453,66311.92402
DPZ,12015.6024,12647.15642,14451.70893,16091.4362,
UFS,2241.10989,2175.126054,1194.318636,1165.096901,1449.910135
DCI,6655.524496,6562.187502,5556.373325,6097.081305,
DFIN,422.5759801,359.1210012,180.5185879,283.3608865,451.9576007
LPG,570.4630126,845.1460654,442.7114755,393.4083472,408.6817349
DORM,2607.798414,2482.025869,1799.314882,2175.970219,2931.864928
DEI,7505.97808,7697.821325,5350.660564,5376.994198,4401.909886
DOV,14479.80728,16743.36022,12094.41128,13899.52404,15597.72594
DOW,35414.05175,40582.07419,21715.96282,30192.18759,34869.76413
DRQ,1816.867308,1697.250693,1079.201494,1044.458042,868.1027378
DSPG,322.8563833,363.7613115,313.941804,371.751194,309.9352156
DTE,24371.79889,24948.67486,18289.50705,20705.77682,22162.54149
DUK,69843.69357,66856.92933,59368.26283,58707.3689,65129.86754
DRE,12278.25313,12743.67476,11926.94631,13037.04375,13673.72979
DNKN,6564.421398,6257.960471,4384.785283,5356.128181,6739.098182
DD,53160.31922,47559.80758,25213.12969,38986.64821,40712.75356
DXC,7727.89357,9622.947119,3311.059008,4186.903954,4537.373624
DXPE,611.3150737,700.7754797,216.3644928,352.8463868,286.7724754
DY,1435.765876,1274.200029,1030.225128,1354.909146,
EGBN,1504.609737,1616.581898,973.0276264,1055.373697,863.4052334
EXP,3782.474761,3774.266659,2432.842463,2932.154356,3604.436894
EGRX,840.7433618,892.9090152,683.6520214,652.7184997,573.4799938
EWBC,6446.276633,7091.937611,3655.253961,5127.463663,4632.277607
DEA,1517.034723,1775.058352,1849.232029,1736.697091,1785.777201
EGP,4695.684001,5164.306101,4064.481135,4632.31361,5086.935999
EMN,10114.26751,10777.69614,6329.942638,9463.657882,10573.52258
ETN,34374.21012,39157.24793,31076.00098,34992.00134,40822.20313
EV,5154.715019,5176.337872,4193.232126,4117.422697,
EBAY,32695.00517,29376.39133,23930.18874,36855.49892,36463.80443
EBIX,1283.586867,1018.871365,462.6256868,682.1434896,636.7987377
ECHO,617.9456181,565.0065224,457.9057974,575.4088123,685.7315195
ECL,57083.91602,55628.2854,45060.73599,56550.7777,57031.29662
EPC,1759.690958,1681.127927,1307.61627,1693.19945,1515.422447
EIX,27007.11465,27042.10372,19867.62214,20526.00161,19228.75612
EW,45734.46385,48657.29879,39105.83162,42824.99639,49627.32968
EHTH,1523.215929,2219.2749,3556.831663,2516.319524,2034.24337
LOCO,403.7402306,528.1262553,296.5104946,518.1288558,581.9379867
EA,28828.23872,31390.66333,29016.64517,38124.73555,37661.99357
LLY,107964.3655,126190.0079,132760.316,157126.5661,141576.7524
EME,4834.34621,4846.004061,3449.801794,3627.530851,3717.680182
EBS,2697.647857,2785.114869,3008.720032,4145.98714,5468.729231
EMR,41125.65412,46588.22858,28469.70095,37061.39472,39184.10194
EIG,1390.855798,1328.276272,1234.079078,915.763166,885.4475741
ENTA,1182.494548,1218.672246,1024.691315,1004.413736,918.9027947
EHC,6242.255267,6830.021563,6302.664784,6156.15822,6461.997888
ECPG,1034.974522,1098.246259,727.0712039,1067.592512,1209.364313
WIRE,1176.589662,1203.218826,865.5799859,1003.603031,957.7227033
ENDP,726.7183232,1063.579458,839.2858095,787.8876482,758.3927701
ENR,3002.750635,3474.119315,2100.348209,3251.035761,2681.773785
EPAC,1486.788657,1283.311251,1069.489197,1243.195096,
ENS,2801.263081,3164.261405,2095.141606,2733.06306,2851.082297
ENVA,705.5,793.3716538,449.3044397,468.4402791,493.4957953
ENPH,2711.50416,3197.946119,3999.148836,5956.314382,10406.95012
NPO,1413.742114,1390.033889,823.1453331,1011.206902,1157.276935
ETR,23334.65869,23852.42081,18870.67923,18777.19125,19726.82252
EOG,43074.09685,48728.55196,20907.41427,29486.44822,20925.83387
PLUS,1027.671457,1138.420716,845.7456783,954.1518959,992.1105868
EPR,5961.006964,5542.273085,1903.256004,2603.620439,2051.82642
EQT,2718.509372,2786.508661,1806.059787,3040.735527,3304.9488
EFX,17004.75244,16966.14939,14569.43566,20863.67836,19056.6733
EQIX,48923.59831,49777.35295,53365.75986,62163.76686,67314.91923
ETRN,3710.686531,3403.379797,1155.339302,3593.493421,3658.696227
EQR,31989.75661,30049.96532,22954.76184,21888.42829,19105.54581
ESE,2067.048368,2403.242583,1972.825109,2200.928593,2097.598177
ESNT,4690.012872,5115.504079,2593.172935,4077.593204,4160.786207
EPRT,1825.307639,2010.421423,1200.865106,1365.168832,1916.419817
WTRG,9673.282982,10362.41367,9970.237006,10350.54387,9867.477032
ESS,21470.04976,19881.42977,14406.3398,14991.6959,13093.50456
ETH,507.8117081,506.7863392,264.9988401,296.3779524,339.2187227
ETSY,6692.40543,5249.062539,4533.959302,12607.16044,14513.81641
EVR,3193.745743,2928.798601,1871.927625,2388.359652,2657.076309
RE,10840.5069,11290.08914,8762.979388,8245.322324,7896.028697
EVRG,15672.71513,14834.21735,12477.68763,13443.44227,11527.37578
ES,27658.26246,27542.34701,25835.26547,28523.69417,28629.89964
EVTC,2245.65456,2448.361191,1636.559967,2019.406467,2494.359861
EXEL,5356.892552,5353.766921,5258.867343,7280.079437,7554.948013
EXC,46937.22362,44318.44986,35850.36437,35361.26351,34848.25587
EXLS,2288.357918,2368.238754,1788.010995,2175.64207,2254.607536
EXPE,18949.38426,15070.694,7566.383184,11134.76197,12442.63106
EXPD,12682.79925,13286.88305,11208.21498,12637.31535,15176.51114
EXPO,3629.158888,3576.719302,3726.232627,4171.610502,3718.361017
EXTN,460.9301225,262.2699013,159.1920107,178.6813207,137.8848948
EXR,15113.93862,13678.95234,12411.74179,11923.7276,13809.19001
EXTR,882.9740526,895.948786,365.8559946,521.7092952,494.126705
XOM,298758.4287,295246.5685,160696.2943,189085.6201,145155.2603
EZPW,338.726579,358.4932997,219.5554575,328.2148358,262.0508957
FNB,3745.78544,4126.547283,2411.861926,2422.952957,2191.336291
FFIV,8443.457318,8489.88155,6483.530444,8493.848829,7510.222627
FN,1927.725733,2399.274278,2021.611807,2292.187418,2315.990592
FB,428411.182,493927.5606,401278.4558,546512.5482,629681.4365
FDS,9852.418939,10082.6161,11646.0196,13312.91807,
FICO,8770.816928,10851.48191,8968.548412,12124.6186,12335.76294
FARO,838.3406575,876.2913396,783.2889681,949.7561543,1084.358888
FAST,18733.95681,21191.82226,17949.87488,24539.55952,25864.81188
FBK,1160.482752,1224.597853,632.3682405,794.6660704,1185.454968
FRT,10204.23784,9722.075805,5418.372556,6444.691387,5554.91041
FSS,1976.022786,1951.382981,1656.441675,1791.013136,1767.386149
FHI,3279.503179,3295.826626,1926.297751,2392.219912,2155.025435
FDX,41758.64688,36862.16706,34108.79936,57597.51549,
FOE,971.7253359,1215.585468,769.7757066,981.9792451,1019.910186
FIS,81440.81805,85484.70835,74969.41032,82845.33215,91211.8377
FRGI,286.3103346,271.7376478,104.6550749,178.4767941,243.2124472
FITB,19674.80215,21815.17443,10560.32526,13725.66007,15184.9785
FAF,6614.961744,6551.4354,4771.379303,5350.440387,5677.436403
FBNC,1066.840311,1181.535527,674.0975747,728.3439339,606.4819371
FBP,2168.813523,2301.831775,1156.349883,1219.501233,1138.782827
FCF,1308.079974,1426.56521,897.9867638,812.5552646,759.5470605
FFBC,2476.195124,2528.284828,1468.500755,1360.722282,1176.443575
FFIN,4526.51441,4768.146482,3817.238505,4103.866821,3964.207577
FHB,3558.816441,3778.686644,2154.702085,2238.234215,1879.452465
FHN,5062.143787,5153.140513,2513.612274,3106.150998,5217.370987
FR,5003.825874,5269.777451,4221.439537,4889.861862,5062.867379
FMBI,2152.013981,2535.931217,1516.734979,1525.35885,1232.213712
FRC,16289.15846,19792.91234,14093.57597,18240.1984,18771.18825
FSLR,6113.963578,5898.575494,3802.815631,5242.403183,7015.059712
FCFS,3938.418246,3441.246169,3012.869187,2796.40471,2370.810655
FE,26043.56685,26259.16295,21666.40938,21009.20636,15563.9877
FISV,70408.61699,78616.25924,64507.61247,65355.05461,69007.43077
FIVE,6964.498381,6303.297166,5013.166741,6070.017691,
FBC,2109.677357,2161.58404,1123.528154,1669.557954,1687.250114
FLT,24825.97116,24554.64507,15626.58554,21078.77502,20012.76765
FLIR,7131.519708,6985.349841,4287.801556,5308.274564,4700.722191
FLO,4892.318818,4598.314476,4713.623864,4813.303062,5148.295699
FLS,6126.950494,6512.90229,3127.224833,3711.191606,3552.058707
FLR,2676.809268,2646.484926,968.6022908,1693.301861,1238.377865
FMC,11436.36536,12938.16981,10574.03514,12895.52936,13722.37371
FL,4657.274409,3970.346017,2670.415291,3063.435212,
F,35897.95666,36214.61852,18808.39587,23749.62119,26024.19655
FORM,1401.824314,1965.928869,1529.813384,2233.82683,1921.073619
FORR,596.2612701,776.5374034,548.2086169,601.0704245,619.5014758
FTNT,13125.26932,18259.58984,17453.34217,22189.49637,19065.37728
FTV,23004.14094,25652.06625,18566.74386,22791.68768,25688.21891
FBHS,7651.490626,9092.125894,6042.284225,8818.949224,11952.59311
FWRD,1804.104863,1970.631376,1425.24039,1393.698927,1605.534102
FOSL,631.4008676,398.0660766,166.3884624,238.4836267,294.4571886
FBM,665.9151162,831.8565489,442.6243421,674.3954667,679.1969724
FCPT,1934.861066,1973.882239,1313.16124,1715.901789,1799.933746
FOXA,19573.50552,22830.45883,14142.94804,16197.00912,16655.8343
FOX,19573.50552,22830.45883,14142.94804,16197.00912,16655.8343
FOXF,2391.572017,2680.114547,1621.326027,3419.769272,3080.062778
FELE,2215.419903,2657.469798,2189.47139,2424.542394,2717.397201
BEN,14535.8297,12968.28053,8293.228057,10386.57223,10080.50758
FSP,907.1742878,917.897429,614.651356,545.9992121,392.821198
FCX,13885.02634,19035.99073,9794.06131,16799.30059,22712.69984
FDP,1649.423155,1681.908364,1324.396468,1174.864873,1085.057988
FCN,3978.885237,4164.246655,4490.656192,4249.6083,3877.95575
FLGT,192.069547,271.3560911,232.0394107,347.1661682,885.4703298
FULT,2654.102457,2860.646406,1854.888085,1703.690844,1512.141059
FF,522.291402,541.9757854,492.9836304,522.728842,497.3606378
GME,492.089368,253.1415471,370.0549091,259.6832485,
GCI,532.8294935,822.9660823,193.8888776,182.2945334,177.1969204
GRMN,16099.73927,18546.44791,14293.89708,18624.23916,18140.78387
IT,12888.69027,13784.7083,8871.885851,10819.61717,11149.61277
GATX,2721.302839,2908.03482,2185.47097,2128.202077,2231.25
GCP,1398.916704,1650.698926,1297.085993,1354.883187,1528.818122
GNRC,4886.300678,6291.099533,5829.460519,7642.754321,12158.59221
GD,52780.46182,51019.11482,37955.04559,42874.77495,39720.05475
GE,78020.02239,97466.40359,69451.90937,59742.63631,54532.99103
GIS,32226.28693,29636.03381,38211.00167,39068.20066,
GM,53511.28241,52293.49433,29694.66157,36206.23532,42346.14736
GCO,582.7057021,578.003988,278.1006342,228.8534311,
GNTX,7015.257148,7331.128448,5469.036295,6310.349039,6328.82436
THRM,1355.106595,1453.417386,1030.014232,1268.117138,1335.583883
GPC,14547.90778,15434.4758,9788.570581,12544.8742,13729.62276
GNW,2215.246032,2217.600048,1675.829744,1166.841047,1693.74249
GTY,1318.307222,1354.276833,982.5273952,1228.495274,1113.392596
ROCK,1480.370471,1627.799603,1388.848271,1555.950377,2112.048634
GIII,1198.878198,1301.318227,543.9419535,475.2268458,
GILD,80267.91647,82209.19107,94123.96518,96511.49347,79222.84092
GBCI,3729.627731,4239.680122,3241.217114,3366.711912,3057.860468
GLT,679.7917272,808.3292925,541.4437554,711.2021827,610.945122
GKOS,2302.493255,2359.808743,1349.939851,1711.610889,2212.301638
GNL,1744.437698,1814.215268,1196.066815,1496.649023,1422.772657
GPN,47707.51135,54868.0429,43287.45882,50734.30956,53139.6233
GL,10447.6075,11397.31221,7729.36245,7900.894493,8510.363908
GMED,3918.19472,4532.170297,3291.609113,3573.154682,3775.484824
GLUU,727.9660892,882.0053005,943.6993401,1544.310418,1311.300531
GMS,1247.515257,1126.761733,777.8599288,998.204853,
GGG,7679.702016,8672.559937,8210.07919,7995.043039,10227.69704
GHC,2886.670892,2779.606397,1461.672685,1464.501761,1654.455707
LOPE,4747.086014,4619.472648,3674.320816,4283.289321,3779.697394
GVA,1504.969255,1293.323505,709.5284114,894.6227331,823.1090584
GPMT,1027.949008,1008.201822,279.615449,395.8828363,391.4040394
GWB,1857.360809,1958.745494,1126.685287,756.9917069,684.9248587
GDOT,1308.454992,1207.103042,1340.200557,2600.216723,2701.162442
GPRE,404.5821035,555.9727346,169.9876456,362.5721064,551.9140907
GHL,259.2482979,325.9008291,184.714337,187.6430517,215.2364794
GEF,2063.561975,2104.648765,1764.80324,1784.600246,
GFF,981.4169103,953.6599745,600.0038178,878.3200505,1096.776024
GO,3064.151543,2884.577845,3087.185454,3707.643278,3601.747911
GPI,1714.314416,1857.127571,801.5008153,1199.042219,1613.564591
GRUB,5134.951868,4448.079182,3740.643009,6484.04359,6674.448034
GES,1099.006998,1397.454369,632.4737536,699.0122364,
HRB,5015.992785,4465.397278,3204.713351,2790.892014,
FUL,2542.982137,2016.068861,1934.081739,2483.978318,
HAE,6404.127827,5823.476623,5012.698898,4512.630992,4423.497849
HAL,16511.31866,21479.86367,6027.39034,11387.06427,10585.56846
HALO,2269.283715,2423.690883,2483.861283,3641.198507,3601.061044
HWC,3473.930326,3826.950277,1684.088069,1829.199767,1624.28863
HBI,5538.838638,5371.200454,2739.037841,3929.318624,5483.532074
HNGR,760.2287623,1030.902237,583.1438305,625.8500262,602.7629655
HAFC,580.8278518,615.8384975,333.4096627,297.291725,251.6918851
HOG,5637.639061,5738.119545,2898.845493,3640.928545,3760.54058
HLIT,594.2727092,716.6250175,552.3377563,458.7525806,543.6544133
HSC,1522.089754,1808.770137,549.096575,1065.732996,1097.548888
HAS,14978.79657,14450.96627,9793.549689,10268.99931,11334.51959
HVT,399.3951378,395.7215497,225.6511962,300.7845813,394.0660884
HE,4970.258577,5106.474826,4698.692022,3935.768729,3629.180673
HA,1241.827922,1364.679695,479.7075544,645.1404726,592.9037764
HWKN,453.2624984,486.9144913,379.1043897,453.8137609,491.6455348
HAYN,448.4659052,447.7509025,258.7791626,293.3296823,214.5977819
HCA,41061.17244,50133.90069,30411.43861,32769.28927,42145.99509
HCI,343.8945171,354.4523602,320.4871742,363.7673426,393.5604981
HR,4329.707336,4462.77298,3768.287888,3952.166202,4097.772893
HCSG,1800.229089,1802.574138,1778.999613,1820.215301,1602.327166
HQY,4010.566779,4682.266422,3999.784214,3954.103195,
PEAK,17498.26126,17061.04745,12059.31147,14834.72818,14615.36977
HSTM,838.1628545,880.6815799,766.4790525,708.1045941,642.1897662
HTLD,1763.318176,1726.520867,1523.761331,1693.730611,1513.491732
HSII,522.3035846,623.0250025,431.3250017,416.7238172,380.0731974
HELE,4061.972762,4142.982166,4592.33421,5237.290807,
HLX,1199.062069,1433.030742,245.9376871,520.5189597,361.6427683
HP,4385.020271,4926.728809,1725.692809,2095.730995,1574.555071
HSIC,9414.446671,9564.542665,7244.088274,8335.52256,8391.888831
HFWA,994.3386854,1036.289373,729.6600342,717.7698517,660.3647416
MLHR,2821.791104,2022.282989,1352.885437,1402.797347,
HT,574.5153377,561.7900583,138.4501986,222.994982,214.8931166
HSKA,552.5734065,751.0183457,433.4413841,875.0454441,932.9449056
HES,18415.00999,20357.40669,10163.65915,15913.13171,12571.42201
HPE,21424.91143,18010.45993,12960.72147,12680.55223,
HXL,6987.866571,6185.759802,3099.563311,3775.45265,2801.618959
HIBB,420.6418697,429.5456921,267.4693291,383.3853948,
HIW,4661.356374,5074.119185,3679.181509,3878.061781,3487.796497
HI,1935.156902,2488.669716,1427.880169,2022.634887,2119.376262
HRC,7030.979059,7579.489896,6739.294228,7306.462293,5562.266162
HLT,26709.02478,31294.69874,18933.03205,20364.85671,23660.03423
HMSY,3010.621049,2607.700821,2226.438731,2863.738103,2120.001911
HNI,1522.050989,1604.18705,1071.96048,1303.731002,1339.155805
HFC,8827.97298,8184.072793,3967.776943,4727.074043,3193.324512
HOLX,13496.28038,13999.87194,9270.857794,14717.7225,17214.74852
HOMB,3147.561116,3280.015505,1990.855523,2539.974774,2504.523301
HMST,666.5347172,812.2890968,526.5397875,566.2121407,566.5706889
HON,120899.0674,126472.3445,94627.92128,101480.1765,115520.5335
HOPE,1816.677216,1882.747059,1021.673812,1135.827753,934.8642173
HMN,1908.703502,1799.665247,1509.959474,1516.648969,1380.907942
HRL,21834.02928,25271.6697,25194.80483,27411.08797,
HST,12422.86566,13303.65095,7792.934768,7606.507415,7609.789724
HWM,11444.8877,13321.59694,7000.859009,6912.238954,7292.285748
HPQ,25740.84003,30558.92995,22175.64056,24146.07195,
HUBG,1553.871689,1711.803781,1527.201013,1605.429492,1682.351444
HUBB,7149.34232,8039.339153,6239.331415,6794.646506,7420.582899
HPP,5166.707664,5834.244489,3923.445865,3856.925165,3363.162106
HUM,33857.36557,48536.79096,41489.57481,51262.90362,54754.56826
HBAN,14737.41613,15381.65239,8398.633107,9163.460737,9328.728837
HII,8754.339179,10261.08159,7420.320135,7062.352909,5699.270558
IAA,5570.036746,6283.121986,4012.422684,5166.397197,6974.703204
ICHR,542.7200995,748.4086882,436.9438024,606.2487192,495.0214709
ICUI,3298.293785,3868.331722,4191.771762,3839.620531,3826.602571
IDA,5678.229826,5382.399685,4425.493933,4408.160661,4031.844528
IEX,12429.80675,13082.31958,10529.36812,11914.93161,13773.85353
IDXX,23410.45207,22400.51446,20644.9041,28041.46907,33435.84396
INFO,29131.77929,28479.76752,27708.70396,31713.02745,
IIVI,3178.158821,3058.885631,2595.20993,4356.255144,4212.125136
ITW,50621.0735,57734.1624,45125.51425,55240.724,61085.90144
ILMN,44720.34018,48765.77856,40148.63928,54441.4509,45237.06493
INCY,15964.42423,18808.46625,15874.50728,22600.31878,19626.0551
IRT,1290.618973,1282.274612,846.5446789,1088.197969,1098.097514
INDB,2565.496646,2861.635546,2159.5276,2209.586088,1725.968631
IBTX,2259.546985,2381.203393,1019.210902,1744.052887,1901.556634
ILPT,1383.119946,1461.358019,1143.257265,1339.572189,1426.133224
IR,5773.978568,7505.938341,10306.3054,11714.58656,14847.30268
NGVT,3551.232712,3654.58112,1472.486458,2166.352285,2040.665629
INGR,5454.428013,6205.713591,5049.591286,5558.760864,5069.579608
IOSP,2182.68203,2533.86633,1724.786922,1897.324053,1555.191695
IIPR,1044.16627,899.3469566,1293.517653,1638.453604,2752.068153
INVA,1067.491183,1434.110615,1191.817238,1416.456856,1059.550907
INGN,1050.857937,1503.123325,1138.689707,783.1310257,639.9154377
NSIT,1993.033571,2478.14699,1485.672355,1724.490957,1984.341585
NSP,4061.763514,3441.428051,1444.94526,2509.326198,2541.073324
IBP,1721.174796,2067.270886,1182.63633,2049.192364,3032.067247
IIIN,395.2435898,413.9188787,255.2082458,367.307258,360.1807087
ITGR,2466.731673,2628.372049,2062.185165,2398.523216,1938.416451
IART,5138.027149,5004.270219,3772.05983,3986.775331,3979.275458
INTC,224155.4947,260347.4934,229144.0755,253320.2278,212194.435
IPAR,2200.626523,2287.820132,1461.461808,1518.263808,1177.74101
IBKR,4127.529562,3578.038324,3313.340506,3205.973095,3820.701024
ICE,51709.48814,51536.46694,44342.89354,50125.51621,56152.89934
IDCC,1633.248082,1696.437191,1371.162822,1741.458511,1757.788647
TILE,843.7726413,969.1711976,440.740435,476.0048592,358.3122379
IBOC,2535.711779,2807.948617,1752.79099,2025.929262,1648.752058
IBM,128789.3965,118908.2737,98493.85626,107555.1909,108356.7131
IFF,13100.2252,13776.88485,10902.34855,13094.87944,13093.89117
IP,16428.41538,18056.94138,12206.85092,13838.98347,15935.98387
INTU,66968.96202,72984.87985,70282.54014,79892.51165,
ISRG,62228.55056,68321.57144,57815.7665,66452.31305,83034.54496
IVC,252.5549984,303.7394935,251.9661449,219.252031,258.7866638
IVZ,7688.962228,8161.014136,4166.801657,4937.717411,5239.083124
IVR,2186.303148,2377.658105,562.5352432,678.1643929,491.3971995
IRET,868.008108,842.7827692,665.4437923,857.5740124,835.9164643
IPGP,7213.920428,7690.904259,5851.346247,8505.09173,9052.085866
IQV,28979.72095,29980.80945,20797.24188,27093.93925,30150.04324
IRDM,2783.870952,3230.155936,2952.405494,3363.880698,3390.035001
IRBT,1734.407062,1431.360756,1139.961711,2339.495392,2116.420746
IRM,9299.395381,9151.247822,6837.73949,7513.742313,7719.493634
STAR,811.2701001,1141.45265,822.185526,942.4123009,887.4382041
ITRI,2918.387577,3321.733546,2242.188664,2663.522487,2449.791743
ITT,5384.719879,6481.907096,3982.608192,5069.262324,5101.920024
JJSF,3617.471924,3482.518842,2289.199076,2401.212779,2463.707161
JBHT,11813.87911,12446.17905,9800.268174,12691.13211,13334.00281
JCOM,4442.641908,4566.488212,3647.5152,3015.97397,3295.318467
JBL,5929.159291,4874.484267,4509.452509,5142.103547,
JKHY,11239.69009,11207.41213,11910.01341,14099.5394,12461.19617
JACK,2353.082897,1848.297071,1364.649314,1679.757299,1798.577563
J,12158.4646,11969.79292,10546.8733,11032.70606,12079.39928
JRVR,1556.517572,1252.99005,1106.044868,1373.419247,1360.532929
JHG,4304.397342,4584.057281,2832.889926,3912.790575,3993.283982
JAZZ,7255.414698,8445.217649,5598.705242,6106.972217,7907.846337
JBGS,5259.119504,5350.325904,4293.32574,3950.538152,3577.534189
JEF,6267.34529,5516.361257,3938.358307,4546.368451,
JBLU,4835.625015,5404.351486,2413.881702,2969.44191,3086.585118
JBSS,849.3071689,802.5337326,799.1814107,762.7980993,665.018261
JBT,3148.25211,3567.604315,2351.90797,2723.995218,2915.527322
JW.A,2602.073975,2447.289304,2106.304988,1888.371883,
JNJ,341455.312,383911.166,345704.8573,370503.0349,391974.7735
JCI,34128.86245,31404.5068,20054.5287,25395.46071,29665.26939
JLL,7164.596588,8971.727935,5207.033734,5341.69788,4953.351505
JPM,369132.9399,437226.0048,276750.1062,286602.9712,293392.8742
JNPR,8558.946236,8243.83465,6326.290237,7574.715059,7132.632874
KALU,1583.816955,1760.822268,1098.365107,1162.429931,847.3741431
KAMN,1657.388047,1836.597073,1070.697102,1149.992939,1078.047291
KSU,13289.56079,15181.21998,12083.97272,14185.56883,17061.17795
KAR,3276.818415,2805.973986,1546.367981,1777.9946,1860.876074
KBH,3056.813909,2920.277547,2992.019941,3237.247839,
KBR,3473.75965,4322.277138,2935.298467,3208.795111,3183.107263
K,21919.66401,23590.06188,20546.51516,22636.78227,22149.15313
KELY.A,#N/A,,,,
KMPR,5192.924342,5165.142746,4970.073091,4731.980683,4366.059208
KMT,2546.132791,3056.594763,1543.560878,2380.459811,2409.165843
KEY,17635.51852,19935.54985,10057.75934,11880.44025,11643.6803
KEYS,18928.49696,17523.77894,18134.21393,18683.12912,
KRC,7864.709028,8894.407049,7329.826878,6754.805226,5984.729321
KMB,48893.61278,47152.96631,43662.49005,48136.33737,50359.02337
KIM,8815.911215,8942.887041,4182.371827,5553.626473,4869.990991
KMI,46657.02102,47949.31108,31529.67697,34306.75888,27909.39432
KNSL,2284.449927,2252.582457,2323.388208,3454.132256,4293.017122
KEX,4921.548574,5367.054711,2608.069735,3215.635266,2171.574285
KRG,1356.309304,1640.090336,795.7262517,970.6836385,975.216454
KREF,1121.275894,1173.876044,862.8736346,919.8347335,981.7453585
KLAC,25266.92446,28114.15782,22534.4086,30153.9073,30051.13653
KNX,6189.574153,6115.952526,5568.61967,7083.326003,6927.284706
KN,1853.27907,1936.176676,1235.910647,1396.669332,1365.452439
KSS,8156.8364,6693.277794,2865.859367,3003.309129,
KTB,1996.45287,2391.120633,1093.495141,1017.037973,1382.001407
KOP,604.1504276,791.0775835,257.3578514,395.2949606,440.0661437
KFY,2053.753549,2266.808618,1593.088119,1580.993551,
KRA,1023.819083,802.7452823,257.1831077,550.4450866,567.7959806
KLIC,1488.819833,1724.697674,1332.006961,1300.369464,1385.218458
LB,4709.719904,6403.161099,3287.981332,6781.812796,
LHX,46438.04723,43742.13095,39067.34149,36800.77692,36718.62404
LH,16413.59949,16426.40656,12297.74733,16145.89155,18337.4987
LRCX,33472.58574,41655.88957,34931.63086,46954.17414,48132.9229
LAMR,7042.375211,7677.342185,4414.951558,5764.007915,5716.412976
LW,12266.37153,12693.93338,8771.102629,9132.954657,
LANC,3811.765713,4400.348765,3979.480374,4264.705107,4921.291314
LSTR,4461.511236,4493.652061,3678.196756,4309.391467,4816.238276
LCI,452.5434127,355.6841247,280.3908046,292.9472018,245.7482451
LNTH,973.0233131,804.9765115,506.788917,955.0386571,846.5255932
LPI,572.3027028,680.5745496,90.92487204,165.9029703,117.5610762
LVS,44463.01143,53025.27431,32433.70278,34780.25011,35639.0611
LZB,1655.937731,1421.175074,1079.473907,1317.612277,
LCII,2298.646035,2681.249558,1673.824194,2890.082939,2673.569956
LEA,7197.458588,8296.483983,4843.566704,6532.435996,6536.847234
LEG,5382.381669,6689.38057,3525.415024,4650.345309,5450.616648
LDOS,12350.23053,13857.69942,13000.27778,13305.23895,12676.55453
LMAT,678.3704702,718.6764373,502.8607028,532.7968154,657.9900943
TREE,4032.175274,3944.416469,2392.505845,3782.398681,4024.910763
LEN,18475.00413,18388.78275,18291.92505,22777.99945,
LII,9409.342888,9400.652452,7016.911773,8911.218007,10428.4093
LXP,2539.556366,2632.411243,2531.57006,2914.499047,2892.352848
LGIH,1911.360837,1791.642173,1144.074349,2207.303427,2914.606449
LHCG,3578.048337,4340.955143,4419.944973,5506.531993,6714.815358
LSI,4918.103037,5052.008086,4415.485215,4454.906265,4939.104609
LGND,1748.25974,1831.685837,1200.257984,1795.159323,1532.568506
LECO,5305.257433,5861.073866,4097.700703,5002.757948,5464.097357
LNC,12075.62288,11703.5116,5142.179979,7108.727381,6054.463684
LIN,104723.2898,114364.7725,92202.0838,111434.1198,125103.9904
LNN,975.5488484,1070.81135,1017.623184,1082.741557,
LQDT,249.0174104,201.9605708,131.8773177,202.7634556,253.9763991
LAD,2967.349692,3328.815067,1860.886167,3353.96437,5115.188983
LFUS,4359.698104,4659.685436,3258.916955,4142.357689,4316.736285
LIVN,3570.845598,3650.81213,2192.136236,2338.37935,2200.227601
LYV,14164.18646,15259.48868,9752.57933,9542.480686,11705.68756
LTHM,976.6061798,1248.137602,767.4292603,900.5306747,1311.876774
LPSN,2357.453222,2449.337502,1458.468668,2742.596039,3440.395285
RAMP,2905.816934,3254.146658,2217.563682,2786.212171,3410.479121
LKQ,9693.048023,10940.69383,6233.873989,7963.961493,8438.033729
LMT,110152.1672,109832.813,95539.16593,102336.4544,107142.8778
L,15566.52408,15274.59049,9861.646055,9650.25145,9745.435371
LPX,3038.407505,3321.408829,1924.506853,2879.462945,3314.170341
LOW,86140.48811,89095.04952,79080.90509,112427.4618,
LTC,2036.082192,1779.683688,1209.298662,1477.336184,1368.001563
LL,283.2788688,280.4967042,134.7202534,399.3765848,636.2086001
LUMN,13612.79716,14401.92518,10307.04881,11007.94552,11074.15699
LITE,4135.314126,6121.959994,5505.389547,6099.107147,5669.45053
LMNX,930.2205511,1043.40427,1243.475051,1489.544331,1217.031827
LDL,436.7968435,359.5719827,114.3073699,239.9407117,293.7632599
LYB,29994.46023,31500.67341,16554.33464,21931.17436,23532.33115
MTB,20895.79671,22167.48352,13440.79609,13336.51013,11813.30883
MDC,2697.94738,2388.815932,1462.829681,2251.045583,2986.205196
MHO,1039.780114,1107.426993,472.403236,982.3434041,1314.43408
CLI,1961.399645,2094.513964,1379.761827,1385.221246,1144.780301
M,4683.150094,4927.991633,1814.66632,1880.024548,
MGLN,1515.274289,1914.699239,1188.220793,1847.15447,1940.516667
MANH,5189.097386,5096.104828,3176.871835,5981.378552,6065.655115
MAN,5040.921485,5725.163243,3109.400354,3990.941906,4258.347593
MANT,1914.073799,2149.890211,1961.799292,1854.297639,1869.785525
MRO,9865.59711,10863.03598,2618.346389,4836.712036,3228.806735
MPC,39992.87741,39121.65179,15353.02361,24306.7518,19091.40415
MMI,1387.339642,1457.666999,1063.187173,1133.445962,1082.306974
HZO,335.1869519,358.8350115,224.3530231,480.825459,555.1944894
MKTX,12365.41749,14377.367,12611.72011,18989.98464,18286.8068
MAR,40962.35805,49508.06929,24254.52308,27798.46376,30025.08917
VAC,4509.866532,5413.293283,2300.724236,3374.850233,3728.489575
MMC,50656.41756,56225.06365,43567.02151,54782.68337,58098.91231
MRTN,1135.315381,1175.266633,1125.329483,1386.512429,1349.058549
MLM,17114.804,17477.7804,11769.91675,12857.19971,14655.598
MAS,11923.53664,13633.95977,9118.023098,13074.68346,14355.85194
MASI,7934.375214,8428.707464,9584.921129,12527.61786,12971.0486
MTZ,4954.873059,4897.461447,2456.753639,3309.26649,3115.127095
MA,272414.8678,297828.2857,240178.5173,293642.1683,335645.8335
MTDR,1928.175043,2096.038669,289.0911228,990.793766,965.1017995
MTRN,1251.682663,1212.958358,714.3790398,1248.852401,1057.365272
MTRX,465.0329496,621.4665522,252.6311976,254.0784836,220.9426429
MATX,1607.490961,1748.973591,1317.915467,1252.500898,1726.902633
MAT,3935.64381,4697.988267,3055.933675,3354.506146,4058.698799
MATW,1114.376532,1196.247748,756.9051389,597.2445251,699.0833157
MXIM,15699.1698,16645.15968,13095.24311,16160.16361,18079.01692
MMS,4930.03806,4759.397778,3721.482695,4319.473769,4194.396439
MXL,1593.903568,1518.630511,839.6214791,1552.774981,1717.89418
MKC,22491.05857,19417.13949,23282.61423,27452.89901,
MCD,161696.6724,148818.772,123259.609,137163.8156,163323.057
MCK,24624.48071,24473.01909,23951.97629,24871.77515,23912.85828
MDU,5611.473478,5953.408536,4311.223068,4447.578092,4511.745071
MPW,8993.257731,10923.16779,9032.901586,9938.450231,9323.264149
MED,1226.564693,1272.812348,735.3221178,1634.845204,1934.835823
MD,1904.888408,2342.6414,980.9843139,1460.498179,1391.317039
MEDP,2999.975795,3028.681609,2603.850618,3290.534477,3995.895475
MDT,146107.7502,154733.2456,130840.4044,129408.5154,
MERC,823.0001631,807.2489787,475.1611651,536.9280149,434.729373
MRK,215532.3683,231557.2267,195140.5464,195188.7596,209800.5305
MCY,3093.237434,2697.449102,2254.177897,2255.83857,2290.147689
MRCY,4502.256212,3838.162017,3965.719107,4373.396462,4337.80634
MDP,1675.142449,1508.952387,695.6175216,790.1510991,733.6376857
VIVO,405.3273663,418.4198063,359.7635716,997.5773262,727.8069015
MMSI,1680.630426,1723.624931,1725.53122,2528.281374,2413.562181
MTH,2693.068167,2340.4519,1372.683124,2861.918598,4151.052067
MTOR,1505.900028,2046.178713,979.3078518,1430.733787,1513.962103
MLAB,1036.201631,1088.630916,988.0132581,1102.761005,1300.155213
CASH,1235.234266,1372.191764,751.6848619,628.8266312,665.5424061
MEI,1275.930443,1214.730237,1113.471825,1058.338679,
MET,43368.33471,46873.59225,27996.86177,33145.14139,33737.81029
MTD,17155.09933,19319.70078,16559.12117,19258.70883,23150.24994
MTG,4386.759381,4941.206768,2164.462812,2772.863724,2999.760973
MGM,14245.689,17133.51821,5813.754006,8286.056679,10728.8652
MGPI,845.8019862,824.9581837,458.5282708,620.1501353,672.1350835
MCHP,22116.6695,25025.77612,16240.67675,26585.45714,25941.91903
MU,52595.99236,58387.5402,53284.83277,50561.54147,
MSFT,1061550.997,1203062.63,1199549.704,1543305.821,1591704.434
MSTR,1217.22751,1152.593116,912.7851003,914.2536134,1155.307361
MAA,14826.85965,15600.82716,11774.23355,13114.25772,13260.64504
MTX,1861.474003,2008.693221,1250.021199,1600.862184,1743.507137
MKSI,5027.87579,5996.645032,4469.242651,6224.158312,6021.333103
MHK,8951.964932,9767.808934,5464.349102,7293.421764,6947.924227
MOH,6880.650836,8412.780151,8500.795162,10536.41588,10854.27146
TAP,11443.91229,10745.10554,7768.818004,6895.737985,6718.609542
MCRI,752.5044434,877.8811218,509.2178855,619.7730262,811.2544305
MDLZ,79779.79293,79305.50716,71761.78772,72986.2353,82058.04096
MPWR,6730.06385,7764.520707,7469.051419,10603.3804,12558.12277
MNRO,2625.028234,2601.870248,1458.172103,1828.642427,1350.409112
MNST,31635.67713,34169.69112,30205.76784,36501.38427,42297.19154
MCO,38753.83572,44823.00942,39594.49043,51511.87706,54404.84526
MOG.A,2836.304334,3115.449108,1724.202071,1735.513805,2080.574078
MS,69296.07703,82742.72294,53584,76104.20157,76236.39128
MPAA,319.2409825,417.6447571,238.5797005,335.2419842,295.960356
MSI,28382.80853,27609.0827,22802.82362,23831.53677,26624.31381
MOV,427.5326046,282.6490611,169.3314447,159.2629045,
COOP,967.222615,1139.498366,667.8949053,1144.107156,2053.930742
MSA,4224.630307,4894.933573,3932.429654,4446.048489,5217.016923
MSM,3306.753481,2794.202247,3149.907885,3000.128088,
MSCI,18443.20671,21869.65283,24565.86075,28379.62367,29840.07173
MTSC,1068.228455,920.2067657,431.6850185,338.3602375,368.3743411
MLI,1625.180908,1808.225989,1364.460305,1509.008966,1536.789214
MUR,3476.355976,4098.667632,938.9260264,2119.307402,1370.09968
MUSA,2623.79834,3598.879189,2461.425644,3285.110269,3664.38113
MYE,626.4690773,592.4736185,384.0437336,520.4236524,473.5655383
MYRG,520.7907471,542.5583459,436.2468281,532.4438931,621.2378458
MYGN,2114.783441,2025.612434,1066.810575,845.4503407,974.2094314
NBR,679.6664853,1046.638023,163.5811166,270.2378549,178.3091629
NDAQ,16361.7529,17555.29553,15667.88827,19601.54424,20156.14905
NBHC,1064.642365,1097.842641,735.605992,825.1863155,802.4365568
FIZZ,2049.678893,1998.018311,2341.521715,2991.034199,
NFG,4049.892955,4017.565437,3227.859658,3629.498472,3691.834119
NATI,5537.851141,5549.038323,4325.508048,5055.335331,4692.269279
NOV,8180.995412,9665.091324,3793.858892,4755.732025,3517.850407
NPK,623.1845142,618.4648449,496.0948459,613.4090789,574.7708304
NNN,9680.306896,9203.229403,5535.488651,6101.288215,5988.868037
NSA,1978.707505,2005.739249,2013.605562,1953.000608,2262.80812
NTUS,1084.767419,1124.629162,788.8486108,737.5605879,580.2165124
NAVI,2829.270159,3023.782505,1465.46511,1362.512428,1574.066599
NBTB,1601.800452,1776.203573,1420.139563,1340.736185,1169.656114
NCR,4020.274211,4486.415927,2286.981567,2213.496014,2842.775786
NP,1097.98837,1184.280493,726.6542396,830.5051264,629.5779661
NKTR,3192.615975,3797.276146,3169.39264,4122.244966,2967.947129
NEOG,3489.799116,3202.193161,3768.321435,4035.85582,
NEO,1985.782585,3053.933916,2894.411604,3399.597832,4073.786004
NTAP,13294.55451,12187.27923,9680.918812,9831.666821,
NFLX,117284.8059,141804.8816,164772.0311,200128.4233,220520.9509
NTGR,1002.476351,738.9153497,672.7293317,765.033759,921.6263777
NTCT,1725.765237,1801.351677,1748.152992,1845.966399,1581.696349
NJR,4068.895862,4256.550925,3246.546958,3126.303658,2592.033806
NYCB,5865.393183,5617.559392,4387.956502,4732.157742,3836.533419
NYMT,1599.371794,1815.241539,585.0753619,985.1846363,963.2483966
NWL,7926.047595,8137.747592,5624.079887,6734.708145,7280.987726
NEU,5281.742749,5443.67222,4188.117071,4380.748536,3739.50336
NEM,31090.37829,35622.00471,36576.64078,49551.57423,50954.86229
NWSA,8221.889212,8390.827627,5282.681824,6997.42363,8244.522616
NWS,8221.889212,8390.827627,5282.681824,6997.42363,8244.522616
NXRT,1159.643463,1126.530018,637.7373692,858.985585,1077.645123
NEE,113874.0998,118361.9982,117654.9974,117551.2232,135906.6243
NXGN,1013.354368,1039.221717,685.921083,725.8336605,849.3675967
EGOV,1382.723956,1496.667694,1540.264053,1537.631867,1320.320889
NLSN,7558.072739,7222.942679,4468.867096,5297.227085,5058.771365
NKE,116491.1508,111041.772,122240.875,139288.6396,
NI,11170.54182,10399.45755,9545.115242,8704.859837,8426.506897
NMIH,1779.587636,2255.609694,794.5651976,1363.660595,1509.531793
NDSN,9015.007023,9750.145486,9309.931267,11168.6334,
JWN,5561.448495,5722.625895,2936.177857,2149.77968,
NSC,46845.74285,50618.74709,37402.15417,44977.37317,54590.83044
NTRS,19772.82853,22279.48367,15791.2875,16506.84749,16224.9819
NFBK,791.0188721,834.007942,551.5766889,567.8430694,484.5092133
NOC,63413.71913,57970.29785,50718.57031,51251.08719,52596.61891
NWBI,1747.878668,1773.971843,1237.226325,1304.437386,1175.811313
NWN,2171.803565,2244.046443,1882.386954,1703.210559,1386.541597
NWE,3785.747363,3615.536297,3021.115879,2752.982789,2460.019032
NLOK,14604.08657,15905.26396,11233.18814,11680.43881,12316.50114
NCLH,11014.45783,12446.14369,2336.70492,4211.780538,4715.838965
DNOW,1247.901585,1222.912009,563.5116108,943.3303454,496.5834861
NRG,10018.31984,10056.27326,6829.769773,7947.475225,7504.797389
NUS,2362.41388,2276.316071,1213.701991,1984.099992,2573.984062
NUE,15433.72348,17064.93962,10846.77436,12469.98933,13543.01213
NUVA,3299.974928,4027.403071,2641.868244,2852.489212,2489.344033
NVT,3727.261582,4326.856831,2859.346988,3181.281963,3006.054643
NVDA,122421.1826,144695.1555,179017.414,261122.8477,
NVR,13747.44825,13835.08477,9474.877983,11994.88224,15117.28247
OXY,39777.51497,36813.59344,10416.24527,16803.10197,9310.723143
OII,1340.501523,1475.046289,291.8449807,634.321956,349.4888506
OPI,1474.14135,1549.244362,1313.504491,1251.779942,999.2800301
OFG,1124.500453,1212.303965,574.8644214,686.4235995,639.7242096
OGE,9083.986861,8901.826736,6151.439178,6077.131155,6003.093623
OI,1598.325236,1856.677838,1108.505935,1409.463381,1664.384574
OIS,804.7564038,986.8038708,123.807665,289.4703751,166.6136162
ODFL,13598.66838,15148.99827,15691.59798,20002.83032,21227.6046
ONB,2925.383443,3109.867253,2177.787555,2267.121918,2073.568178
ORI,7146.447213,6790.861319,4632.843239,4958.12038,4481.485331
OLN,2989.047107,2720.324947,1841.817726,1813.709683,1954.332139
OLLI,4062.065433,3376.632472,4329.194861,6910.670497,
ZEUS,156.9455983,197.048326,113.8086072,129.0863075,125.8108673
OHI,9122.377279,9597.822365,6019.537543,6745.787523,6795.514851
OMCL,3010.457624,3427.181494,2784.908074,3009.802621,3192.694317
OMC,17032.10494,17640.64547,11906.05332,11699.84423,10636.00131
OGS,5068.360941,4934.601028,4420.069822,4073.291453,3652.046042
OKE,30431.61197,31258.14055,9014.487175,14749.8904,11540.36606
OSPN,584.861414,688.2411574,730.918633,1125.959674,845.6371854
ONTO,809.954571,1829.265536,1494.824775,1652.722787,1453.722394
ORCL,184280.5211,158650.3129,169568.2123,175589.9812,
OSUR,461.0857257,495.6597775,675.1694502,828.8235747,870.8663273
ORLY,30178.27962,33158.31258,22353.56336,31298.72634,33784.43013
OFIX,1009.023636,879.9599199,537.2038183,614.4827881,601.8591507
OSK,5184.35946,6460.62011,4394.382268,4875.223835,5005.80859
OSIS,1850.321582,1849.284176,1261.580588,1344.358516,1403.221224
OTIS,#N/A,#N/A,21653.97339,24624.8988,27032.81959
OMI,365.7859775,324.9448509,576.907469,480.1194659,1601.143963
OC,6875.654471,7084.209906,4200.949917,6013.226932,7432.456197
OXM,1173.0301,1182.57609,702.1768401,717.8704233,
PCAR,24249.30641,27358.63231,21174.94323,25877.6578,29519.57997
PPBI,1851.397284,1935.563141,1122.035044,2037.344749,1900.246557
PCRX,1585.044373,1890.414223,1409.36647,2210.075826,2569.659579
PKG,10043.74437,10600.7489,8235.825541,9465.30984,10341.75944
PACW,4354.665536,4584.041923,2113.068818,2333.163322,1994.08973
PLMR,925.1479316,1184.949842,1408.562496,2165.857005,2654.817711
PZZA,1663.96017,2017.389895,1723.050407,2578.144838,2699.954331
PARR,1166.062257,1189.46965,380.5599841,484.2284169,365.3444704
PKE,334.6485633,285.4192743,248.8933098,226.0300159,
PK,5992.799835,6192.94172,1898.257541,2330.027248,2353.690652
PRK,1556.211258,1673.503504,1263.202826,1146.942472,1336.010922
PH,23208.20319,26440.66649,16652.5323,23498.40477,26061.00004
PATK,1023.502723,1245.946524,664.4133167,1439.633651,1348.770658
PDCO,1636.805713,2106.797249,1751.333741,2549.095908,
PTEN,1732.288538,2042.687073,451.5566269,647.1654361,534.1073598
PAYX,30826.13828,27767.74742,25927.9195,27435.11816,
PAYC,12238.54559,15266.06212,11884.65214,17788.74812,18221.29398
PCTY,5179.741729,6465.440703,4734.746966,7832.275671,8686.571904
PYPL,121891.764,127012.3483,112298.705,204574.0466,231175.2591
PBF,3259.917848,3759.506436,848.0778168,1228.662785,683.6440519
CNXN,1023.770271,1308.292662,1085.677398,1210.34142,1072.720338
PDCE,1738.509702,1612.509023,617.4540991,1238.31392,1234.542594
PDFS,424.0300105,546.3914545,384.1999695,641.476489,683.3132278
PEB,3634.209898,3502.297542,1426.143551,1786.130438,1639.740587
PENN,2158.081501,2962.73627,1478.329535,4076.014586,11280.13512
PVAC,439.1604956,458.9830602,46.83821868,144.4557359,149.4803239
PMT,1951.959219,2233.061956,1065.61075,1750.219679,1595.353413
PNR,6352.256534,7710.425837,4931.981669,6295.900216,7593.644374
PEN,4679.310663,5735.32317,5658.005587,6426.847436,7018.564548
PBCT,6137.832154,7505.694795,4692.51032,4913.288219,4379.451761
PEP,190577.4369,166847.838,183510.7908,193931.6854,
PRDO,1114.063815,1294.232967,745.0869864,1100.149239,846.1603956
PRFT,1267.005825,1502.388763,891.0442387,1183.690188,1421.051905
PKI,9460.34241,10787.90673,8378.965048,10925.8697,14033.83991
PRGO,7604.113458,7031.442611,6546.347398,7533.301231,6265.774166
PRSP,4239.1977,4277.304701,2945.249245,3730.367301,3126.744621
PETS,363.5534955,474.5159913,580.3775044,718.7299043,641.0029285
PFE,198730.551,216826.9044,181074.9388,181643.0755,203937.4959
PGTI,1011.780222,870.8185229,491.4862355,923.9562082,1033.027866
PAHC,432.7430407,503.7510411,490.3609641,532.9545984,353.0037932
PM,118134.9291,132389.3981,113606.4492,109092.4901,116780.9753
PSX,45502.2163,49505.9266,23490.01005,31396.91254,22638.35468
PLAB,792.9245963,836.0211474,778.1808294,779.5941002,
DOC,3289.376774,3598.133942,2823.643527,3548.842161,3727.861964
PPC,7989.07436,8164.682828,4515.812163,4167.402204,3651.932717
PNFP,4366.912327,4900.160156,2868.510656,3184.85827,2699.29618
PNW,10901.34933,10109.12154,8521.75214,8244.645904,8391.122359
PXD,21021.69997,25073.98606,11624.90725,16107.13611,14126.10741
PIPR,1034.076032,1147.722658,875.7805545,1061.919334,1308.841986
PBI,781.0131409,688.5175049,349.5638112,448.829903,919.0660622
PLT,1476.976316,1091.303456,401.6757109,597.2347207,482.4047596
PLXS,1813.039973,2250.264231,1601.608815,2059.389987,2065.613935
PNM,4148.360961,4039.235276,3026.837769,3061.885254,3292.084487
PII,5379.435457,6221.293947,2964.354778,5668.624491,5786.674317
POOL,8052.267457,8503.270253,7921.173394,10857.27071,13406.98334
POST,7631.063574,7715.442985,5800.159628,5973.698512,5822.573074
PCH,2760.377688,2908.65273,2114.179157,2546.170103,2815.280975
POWL,452.8480829,567.7451171,297.694994,318.1078013,280.2606148
POWI,2652.402282,2910.130215,2623.930979,3525.008599,3311.497347
PPG,28003.08385,31565.44683,19722.07595,25022.03694,28808.11605
PPL,22743.55816,25942.42553,18949.63985,19864.84867,20918.58527
PRAA,1534.370165,1648.41924,1258.931499,1760.622736,1820.900382
PRAH,6231.184218,7030.015419,5278.271555,6190.148679,6488.206943
PFBC,802.7402408,920.8984385,505.0600062,638.5506956,478.6522378
PBH,1742.87045,2034.436569,1843.756853,1885.09372,1827.878257
PSMT,2282.335364,1704.837976,1664.082404,2015.171134,
PRI,5328.489745,5399.913268,3637.236129,4754.826367,4471.239742
PFG,15930.4027,15271.95984,8608.721595,11376.46731,11054.86724
PRA,2164.915157,1944.00672,1344.824982,779.1298958,842.8276169
PRG,4340.570176,3835.050785,1520.451208,3067.74875,3803.513051
PRGS,1881.459755,1681.816396,1809.435196,1706.408493,
PLD,53784.81656,57203.81007,59400.66749,68931.85663,74334.83873
PUMP,912.8177987,1129.724979,251.0499954,518.3681944,409.6476815
PB,4830.880146,6786.703454,4470.459021,5502.193249,4802.591885
PRLB,2744.652156,2717.376611,2039.370375,2993.136138,3458.499043
PFS,1613.104314,1626.628786,849.3386538,949.9600445,960.6503909
PRU,36159.89877,37683.47914,20649.73425,24055.5006,25090.40018
PSB,4991.070322,4523.538101,3718.804435,3638.277527,3363.582467
PTC,7852.904313,8649.270416,7069.387836,8999.947368,9605.278264
PEG,31389.88296,29863.12069,22685.25413,24856.53993,27771.03908
PSA,42823.65397,37199.85241,34684.65337,33540.98167,38932.07881
PHM,10022.69287,10514.79979,6014.795125,9125.093078,12413.94333
PVH,6462.374442,6359.776675,3489.592001,3451.799434,
QEP,880.2780906,1070.064034,81.01001247,312.4152717,218.7708614
QRVO,8732.5801,13502.9199,9327.681035,12647.27655,14737.6448
KWR,2793.870802,2917.268773,2239.323193,3296.89217,3198.767372
QCOM,92730.369,100744.9748,77326.85858,102604.6799,132774.3278
QLYS,2965.259099,3231.611349,3400.612914,4052.513027,3846.550485
NX,639.6949862,586.2307405,410.861592,460.8644355,
PWR,5374.47975,5792.788868,4367.506909,5399.876308,7339.258932
DGX,14413.72974,14384.29342,10716.44196,15240.07886,15376.30754
QDEL,2542.405403,3125.149541,4096.282802,9396.857467,9203.021499
QNST,641.6702515,784.2547481,416.1608486,543.4236244,834.2443788
RCM,1001.511334,1464.987621,1040.468734,1281.073554,1982.179323
RDNT,719.823687,1021.333567,532.7978832,799.8428726,791.6725924
RL,4949.164878,5829.95293,3265.43528,3464.802573,3273.66679
RMBS,1458.547769,1535.81598,1257.330372,1721.783365,1557.150448
RRC,960.2295758,1219.420935,580.7509497,1439.857581,1695.250492
RAVN,1253.133733,1121.433569,796.8205892,774.3873451,
RJF,11448.99384,12410.1601,8802.74869,9431.810776,9979.745506
RYAM,273.8724126,242.7302289,66.97079671,177.734651,202.7239288
RYN,3655.566237,4236.293779,3045.791876,3379.677988,3609.380406
RTX,117805.7064,129257.5551,81705.33821,93432.49681,87901.28583
RMAX,573.5143744,686.507687,397.2772572,569.6361438,601.3199755
RC,707.1953424,787.9293926,375.6349322,476.5395559,614.5752093
RLGY,763.6842837,1106.820948,346.9085156,854.908776,1089.719076
O,24990.77918,24564.37191,17154.44368,20433.25656,20961.13973
RRGB,431.3156719,427.2787921,188.4782969,112.8653775,204.5189726
RWT,1839.397324,1863.884541,578.6302495,804.5813522,841.5204825
RBC,3054.95895,3505.060436,2559.169289,3538.181445,3809.136025
REG,11643.53605,10571.61249,6445.321958,7784.275306,6449.295154
REGN,29954.48401,40531.94022,52818.81735,69021.41206,58521.31809
RGNX,1310.329116,1510.727848,1202.560858,1371.590355,1027.432002
RF,15250.47971,16553.2047,8587.815514,10671.63734,11070.71039
RGS,718.7812366,635.2427958,210.1950658,291.4057708,218.987879
RGA,10034.22924,10209.34952,5186.048963,4835.679949,6466.814649
RS,6642.837422,7982.842185,5574.294139,6041.417587,6505.8815
RNR,8543.138523,8656.635183,6575.100301,8690.106892,8693.536793
RNST,2011.510068,2027.759495,1227.036699,1398.323754,1276.467551
REGI,584.5759589,1050.079849,800.9574455,967.6261121,2098.98671
RCII,1399.62405,1579.117957,780.9603574,1496.184913,1608.850904
RGEN,3951.896582,4815.443916,5028.189372,6465.512597,7746.231803
RSG,27761.00064,28604.93987,23955.62454,26100.10647,29731.35347
REZI,1761.878687,1465.218787,595.0150816,1443.294981,1357.874855
RMD,19411.38961,22282.5159,21300.63761,27776.33789,24840.31737
RGP,494.8171505,402.7141838,353.2625637,395.0497712,
ROIC,2083.907643,2048.489381,968.2388158,1332.861616,1228.231096
RPAI,2632.22952,2862.976902,1106.121501,1567.373033,1244.807736
REX,509.2295664,474.1775571,374.3076503,421.4836432,
REXR,4881.125604,5196.939657,4770.748247,5082.832532,5664.593227
RH,3393.435836,3965.625687,2766.137645,5544.802226,
RLI,4161.160218,4036.136438,3949.90367,3688.150072,3763.881549
RHI,6543.4455,7423.977622,4345.795368,6054.436629,6068.783722
ROK,19282.85894,23442.23064,17533.32758,24670.50334,25591.59061
ROG,2537.337652,2316.485685,1762.066068,2325.295948,1831.253359
ROL,11157.44766,10857.97621,11845.86087,13894.06097,17761.24998
ROP,37087.11344,36860.46601,33086.05436,40533.03632,41372.28875
ROST,39670.92964,40262.97117,32468.15593,31915.49199,
RCL,22701.74402,27987.83322,6723.529617,10532.08425,13895.45636
RGLD,8077.647239,8018.622351,5751.407599,8153.040493,7882.076262
RES,1203.788189,1123.979951,441.7299218,662.9997327,567.92539
RPM,9561.306295,8319.36234,9683.336621,11017.73636,
RPT,1088.878024,1208.855029,486.0542138,560.8789246,440.3486472
RUTH,613.6054503,642.0901068,195.8241985,279.0570907,386.2532503
R,2761.152927,2894.288583,1426.41939,2015.635984,2273.307893
SPGI,60338.5737,66733.41535,58982.36089,79371.73264,86904.60147
STBA,1257.983578,1592.939261,1078.129182,920.2369305,694.3614707
SBRA,4447.280633,4317.454283,2241.597284,2966.216516,2833.654
SABR,6128.97403,6146.001679,1623.373466,2220.7173,2063.436835
SAFE,1233.542007,1925.605861,3226.926856,2933.987533,3173.925511
SAFT,1558.86073,1423.481485,1298.786726,1167.502265,1029.005588
SAIA,2427.392134,2415.160468,1916.673024,2898.763486,3298.413452
SAIL,1665.708938,2105.379599,1370.454473,2387.222673,3588.254076
CRM,137241.7348,161708.9678,144945.2473,175250.3718,
SBH,1738.035267,2122.956396,943.6308962,1414.269708,980.6869922
SAFM,3429.505857,3060.711077,3027.481425,2479.601412,
SANM,2234.791809,2396.012508,1927.195557,1707.920172,1833.010575
BFS,1253.729961,1219.217992,759.5680639,748.6640352,616.6560185
SBAC,27275.51189,27135.71511,30217.4725,33255.28968,35650.18911
SCSC,771.1160614,933.6156766,542.1509389,610.5800598,502.9145674
SLB,47257.27848,55652.44039,18726.30489,25521.87776,21598.86469
SCHL,1227.220726,1057.36553,958.8667936,731.8173409,
SWM,1156.746194,1297.365055,867.7614148,1042.243734,952.5624534
SAIC,4767.289259,5066.416116,4713.724216,4648.376995,
SGMS,1895.462058,2497.288595,910.5487034,1460.581593,3306.155328
SBCF,1302.477845,1574.782962,965.0625011,1081.009399,994.6902069
CKH,945.4950788,870.7239177,544.0258446,575.8312072,591.4767753
STX,14208.35099,15631.30441,12734.65229,12423.21178,12639.57598
SEE,6414.374041,6154.372821,3821.920398,5113.517599,6041.804525
SEIC,8948.927404,9838.763169,6949.887767,8133.298312,7430.560667
SEM,2247.239965,3135.168955,2014.725037,1973.482121,2789.402474
SIGI,4464.030365,3872.416553,2967.487655,3148.977698,3079.725101
SRE,40526.40945,42701.59504,33037.48505,34295.08868,34236.7752
SMTC,3357.103677,3192.394755,2976.565828,3629.808242,
SENE.A,#N/A,,,,
SXT,2905.199431,2796.862571,1841.647684,2209.377445,2445.701751
SCI,8718.679299,8413.501486,7226.73572,6928.012821,7432.91787
SVC,4238.94767,4003.866497,888.6347966,1166.772924,1308.550851
NOW,47587.18091,53245.5551,54392.88233,77246.46076,94623.50296
SFBS,1774.718458,2019.346541,1574.894484,1925.461686,1833.616596
SHAK,2995.926973,2010.588612,1299.096161,2022.409987,2465.523087
SHEN,1583.956863,2074.549736,2454.078179,2456.712179,2215.181539
SCVL,486.95834,508.9700456,330.8939842,345.92827,
SSTK,1274.855296,1520.396229,1141.840829,1246.017065,1884.643728
SBNY,6568.523892,7526.640192,4429.153047,5890.845121,4572.402099
SIG,838.2985757,1272.555545,526.6007887,561.9473073,
SLGN,3339.171218,3442.669361,3214.835615,3591.118119,4077.271877
SLAB,4826.354531,5030.400813,3747.534637,4380.524441,4285.396121
SFNC,2405.339925,3053.091698,2004.634419,1864.459687,1728.45466
SPG,47762.90685,45710.01095,16834.39256,20906.99009,19784.78464
SSD,3099.10482,3556.355332,2749.80473,3666.621839,4224.006549
SLP,588.9606007,574.4560928,900.3062493,1170.04631,
SITC,2728.291705,2717.132181,1009.859484,1564.508968,1390.97622
SIX,4284.44146,3812.877785,1061.598748,1626.827598,1720.667472
SKX,4995.59991,5783.745539,3192.982515,4273.132697,4119.055628
SKYW,2922.750604,3258.709184,1316.230856,1635.572326,1498.415163
SWKS,13607.46298,20594.92953,15155.54079,21331.63917,24303.75066
SLG,6663.8512,7277.171692,3359.01965,3631.440968,3386.864764
SNBR,1174.603633,1376.799709,529.5057496,1150.76301,1356.029764
SLM,3725.640862,3761.525782,2696.889635,2636.928235,3035.657508
SM,1093.584305,1268.51268,137.845362,423.708744,181.9896434
SGH,588.1038535,904.4287142,583.0298824,652.1297482,660.5156788
SNA,8642.572886,9290.912179,5951.039353,7528.605013,8013.604677
SEDG,4016.136387,4622.419818,4031.361715,6887.728781,11945.75563
SAH,977.0080309,964.2549858,407.4038251,985.7124746,1228.208917
SON,5825.482281,6178.048656,4650.666028,5246.219983,5126.227587
SJI,3040.554866,3047.121023,2311.199951,2310.630838,1938.329139
SBSI,1151.178429,1254.180677,1003.234691,915.0926461,807.0040514
LUV,29031.29712,28408.38488,18117.25398,20145.1965,22120.20493
SWX,4945.683176,4149.937245,3834.007948,3805.89807,3528.205903
SWN,1044.741814,1309.938774,914.3880229,1386.722782,1422.904288
SPTN,429.8312129,517.5812734,614.6716902,750.1901991,585.8737455
SPPI,936.1405519,411.2217303,267.4816696,388.0206453,594.5929393
SR,4432.576886,4246.893845,3803.544871,3366.661368,2738.865086
SRC,4312.577415,4904.721596,2680.970893,3591.237252,3477.704573
SPOK,229.594253,230.5844125,202.5220388,177.8724828,180.916287
SFM,2284.305418,2285.989694,2185.142954,3014.159261,2468.577382
SPSC,1641.942772,1930.777355,1628.733678,2623.773795,2735.433666
SPXC,1761.800282,2246.09767,1443.569292,1833.620264,2072.734215
FLOW,1679.53593,2080.24931,1211.828786,1596.724164,1816.701342
STMP,1277.859715,1426.020373,2218.644479,3138.35018,4234.861368
SMP,1083.733107,1195.108314,933.7453287,919.3036211,997.8503933
SXI,907.3735998,988.8596725,610.4460691,714.1626063,732.9493686
SWK,21913.20664,25442.15302,15402.54669,21482.23462,25900.37895
SBUX,104742.3277,103833.5178,77159.03228,85960.47293,100440.4779
STT,21522.8621,28269.50133,18875.79906,22366.8264,20906.89826
STLD,6544.471521,7333.992369,4793.784874,5487.565116,6022.744252
SCL,2189.382288,2305.412169,1993.623057,2182.093591,2443.101627
SRCL,4640.79267,5814.8777,4433.945528,5117.52617,5768.910997
STE,12236.42458,12922.62427,11871.27621,13034.94314,14985.506
STL,4060.001131,4183.438178,2068.797796,2279.017681,2129.173225
SHOO,3037.147145,3617.011834,1946.650815,2053.077562,1621.452404
STC,919.7884976,967.0085816,631.5456099,769.9313942,1168.783093
SF,3992.755364,4144.095333,2833.962682,3248.252285,3466.298292
SNEX,786.8738481,933.190168,699.8904893,1056.974077,990.8821011
STOR,8784.021632,8931.00544,4424.165647,6031.0337,7168.788055
STRA,2984.537203,3490.159893,3103.705214,3413.272801,2232.591851
SYK,80702.61501,78601.53563,62405.11627,67540.25876,78264.97964
RGR,730.1735961,822.3195574,888.4813002,1328.719727,1070.046276
INN,1219.473227,1297.736127,443.8342731,626.2258888,547.5081029
SXC,514.4156046,540.4848704,322.3951359,244.9730873,283.0668456
RUN,1964.632866,1630.381011,1205.794038,2372.910563,9779.737377
SUPN,1441.298532,1244.422354,945.0866551,1247.793221,1097.519548
SRDX,617.0783707,562.9508565,452.8188009,588.4286558,530.9337193
SIVB,10769.0742,12945.63057,7787.720988,11102.64544,12454.71634
SYKE,1274.345514,1532.64366,1126.808909,1120.332554,1353.536184
SYNA,1318.477277,2200.939006,1964.131305,2046.226582,2755.419393
SYF,22284.63352,23269.4086,9448.572704,12934.96531,15276.86852
SYNH,5506.436788,6173.2668,4109.416614,6067.850842,5553.865757
SNX,6272.520719,6431.721822,5489.909968,6547.55427,
SNPS,20401.4606,22205.41756,23603.66629,30040.12426,
SNV,5277.960983,5744.56404,2586.517774,3023.779082,3118.615004
SYY,40746.25474,43644.81717,23203.26634,27723.46418,31641.08652
TROW,26913.30153,28471.20506,22788.07377,28102.28781,29104.09727
TRHC,1213.514654,1080.939403,1170.354799,1259.933155,936.0957366
TCMD,802.7257716,1284.580312,769.2648247,796.8250051,710.3218165
TTWO,14185.73028,13877.07326,13453.22114,15902.99138,18891.05139
TALO,1101.723383,1634.039487,375.7180519,601.1488706,470.9899382
SKT,1448.061057,1368.313814,464.4599915,666.4126695,563.6377905
TPR,7497.970931,7441.984802,3574.57539,3666.588149,4335.348386
TGT,54623.41972,56116.05424,54851.18426,62941.94629,
TCO,2499.163567,1903.329847,2564.647462,2326.332301,2054.504603
TMHC,2731.71428,2313.673392,1478.931839,2499.983648,3189.195372
TCF,5843.098409,7179.447374,3451.208636,4475.044806,3556.185469
TEL,31302.42318,32056.08336,21044.2629,26899.09479,32257.96059
TISI,546.7886137,484.9130932,198.3734941,170.5959482,168.4520082
FTI,10778.07508,9585.073891,3015.792617,3066.395364,2835.285669
TTGT,622.8629317,734.5197566,577.6662932,826.9296762,1235.219143
TGNA,3364.63667,3620.127992,2371.313471,2434.425791,2572.722347
TDY,11713.67438,12638.31453,10893.16178,11400.54953,11435.40076
TFX,15707.66233,17427.66689,13580.20991,16897.92585,15834.98734
TDS,2772.872988,2733.107093,1802.430794,2127.85366,1973.723555
TPX,4231.486254,4709.098529,2277.226357,3708.182417,4599.195991
THC,2288.269804,3951.126596,1501.761581,1896.392102,2583.089836
TNC,1287.1641,1423.364622,1063.382536,1198.947034,1114.394531
TDC,3537.099953,3011.625051,2265.374325,2256.799917,2474.300083
TER,9841.572785,11427.12154,9025.534542,14009.07899,13192.92906
TEX,1849.063872,2123.31414,996.8422265,1300.761089,1341.648101
TTEK,4741.347206,4703.302388,3861.784097,4274.542778,5146.334284
TCBI,2748.785795,2857.120533,1117.30148,1556.652506,1570.440674
TXN,120661.0533,119922.2816,93303.14209,116529.5937,130787.5984
TXRH,3654.017565,3909.114666,2866.467674,3643.669065,4219.067328
TXT,11266.85031,10180.52947,6071.292281,7491.797056,8229.799287
AAN,#N/A,#N/A,#N/A,#N/A,#N/A
AES,10847.3087,13211.47055,9040.845127,9634.509098,12045.52469
ALL,35776.56193,35871.54903,29070.52242,30466.11879,29401.44331
ANDE,731.2179757,824.1279838,628.7357569,452.7040285,632.6100025
BK,41692.6148,45331.3762,29808.51881,34222.36596,30420.49072
BA,214094.2827,183334.8067,84148.66726,103440.8436,93280.7941
SAM,3344.074829,3482.265506,3484.99581,5181.653704,8746.811076
BCO,4147.416943,4536.267154,2625.193804,2297.615,2075.893944
BKE,1029.766063,1201.582205,756.4365152,792.0102891,
CATO,402.3159642,366.882928,246.3872656,159.9921477,
SCHW,54679.4717,61094.57803,43242.57861,43436.3518,46687.49348
CAKE,1860.241898,1734.477223,776.4795852,1041.992057,1261.123644
CHEF,1221.347737,1155.990655,306.7825422,511.511172,549.576323
CC,2442.420931,2957.733243,1454.733172,2520.966802,3434.263914
PLCE,1275.417394,898.9155798,429.9343796,356.0374012,
CLX,19054.67311,19269.72952,21673.57474,27443.18605,26476.59333
KO,232786.8961,237146.582,189983.0321,191895.7581,212065.8171
COO,14426.03438,17055.54129,15289.84014,15089.53125,
SSP,915.523214,1083.707258,523.2232003,607.746954,796.3450984
ENSG,2532.114717,2420.625582,2013.300876,2246.178423,3068.155045
EL,44139.24377,45965.68099,35424.30868,42408.31871,49354.90501
GPS,6110.312875,6499.135729,3025.828699,4993.30285,
GEO,2102.509679,2014.377849,1474.254049,1435.712445,1375.926969
GS,74512.35036,79864.61959,53437.55542,67958.86756,69148.99481
GT,3349.464887,3617.533019,1354.244221,2081.394121,1787.191006
GBX,917.251439,789.8010813,693.214922,889.13845,
HAIN,2238.103103,2707.976477,2710.878434,3212.576168,3459.28964
THG,5361.143323,5248.128138,3457.438504,3850.331723,3514.681123
HIG,21915.42425,21902.78373,12624.80158,13803.79027,13203.11993
HSY,23088.0856,21798.30901,19627.99797,19105.44852,21129.56566
HD,256900.982,248818.5702,236122.9149,285540.5449,
IPG,8348.527499,8956.609224,6278.87085,6685.775368,6500.014983
SJM,12052.59231,11817.3422,13104.10723,12477.68562,
KHC,34080.44701,39235.89281,30226.26686,38964.25777,36616.2304
KR,19751.94025,21503.76664,25378.35917,27756.39429,
MAC,4462.561352,3802.853794,795.5021097,1269.568884,1014.858306
MCS,850.6377738,730.3287982,283.6433618,306.9593975,178.8350708
MIK,1355.547562,723.6500429,446.4138079,1057.900382,
MIDD,6507.940153,6148.562005,3196.087182,4387.489094,4989.460275
MOS,7910.27359,8196.462138,4098.231069,4741.546639,6925.974407
NYT,4705.095305,5315.609667,5093.345381,6971.125766,7101.136982
ODP,958.8933856,1466.399494,867.7043331,1236.895208,1024.333343
PNTG,#N/A,920.9002855,394.851599,630.7335052,1078.9339
PNC,61530.24161,69119.79211,40585.28052,44636.44019,46657.10849
PG,311277.4927,311477.1241,271639.8169,296012.5823,346032.5174
PGR,45160.34811,42319.19188,43218.40023,46888.26014,55438.74862
PRSC,767.282052,763.3628339,714.8668952,1087.475779,1305.411176
SMG,5650.704691,5926.967585,5693.030554,7463.360529,8527.610733
SHW,50728.80446,53865.99073,41724.4164,52468.77955,63437.93903
SO,64563.98456,66804.35716,57075.90476,54751.30717,57263.40987
JOE,1031.328751,1178.191143,996.976715,1143.817588,1214.746942
TKR,3308.587284,4241.494403,2451.792546,3414.759146,4071.828107
TJX,69910.2821,71595.88916,59481.33899,62277.63115,
TTC,8222.211765,8530.291472,6826.329899,7646.851384,
TRV,38716.79294,34990.72422,25337.33004,28835.92726,27392.7541
DIS,234755.7282,260680.8242,174405.4012,201416.8062,224220.4243
WEN,4607.447771,5109.345628,3318.720238,4850.249556,4990.021834
WU,9729.082891,11194.04029,7489.908874,8883.76246,8807.815144
WMB,29161.24801,28749.80027,17156.80372,23075.0079,23846.42351
TMO,116646.644,130269.9433,113107.6241,143106.5398,174660.6348
TPRE,939.4296341,991.2049702,698.1182966,712.5580259,659.6954008
THO,3491.88873,4444.6234,3654.173718,6292.106212,
TIF,15040.6842,16080.25635,15348.88897,15212.01888,
TMST,281.8926502,352.2852036,145.14974,174.9176541,159.8789464
TWI,162.4482039,218.2425466,93.56109636,88.47934733,176.0697264
TVTY,795.4627529,976.4378865,304.6498463,549.3470253,680.8163758
TMUS,67305.57268,67094.19089,71896.66837,129020.8744,141555.8195
TOL,5584.861428,5757.883541,3044.102752,4799.027812,
TMP,1224.900664,1367.009962,1071.615059,965.5448441,847.4607856
TR,2443.57013,2246.033719,2351.723868,2311.91015,2009.338561
BLD,3305.813415,3499.360094,2400.154781,3791.636076,5646.52717
TSCO,10786.32339,11061.98828,9809.88456,15238.89265,16659.50494
TT,29764.70144,31677.09538,19689.54032,21284.72119,29021.69147
TDG,27790.76034,29986.88019,17190.36076,23902.66797,25754.48556
TG,651.0505878,745.3724786,521.4949801,516.0650057,498.3970233
THS,3116.345505,2726.330561,2484.055683,2471.828623,2290.010331
TREX,5312.585198,5243.329562,4664.670789,7524.968003,8288.151038
TPH,2094.135024,2121.211427,1176.96682,1913.181244,2364.111142
TRMB,9771.965248,10386.39623,7962.783773,10787.21422,12185.50767
TRN,2516.566526,2717.472649,1902.19046,2508.677351,2313.89938
TSE,1726.619883,1457.880394,693.9844061,847.3756918,981.2100224
TRIP,4893.020039,3784.794124,2143.95798,2307.658434,2382.939563
TBK,808.6661116,949.1677944,626.6291199,584.8460083,773.8781756
TGI,1145.349835,1265.64795,350.5004573,467.6041776,338.9940869
TBI,845.4770088,937.2573233,460.9892272,551.6468824,558.5893853
TFC,40897.61846,75543.99834,41479.84538,50599.64156,51276.51711
TRUP,884.3618259,1309.114535,909.9827845,1498.433217,2782.690223
TRST,789.8164929,840.2703958,523.6988158,610.4187009,503.3784406
TRMK,2196.718183,2217.612566,1489.87187,1555.07971,1357.87434
TTEC,2225.606171,1841.759101,1707.149618,2169.561896,2549.317254
TTMI,1286.487057,1587.68477,1095.595404,1260.049952,1217.734218
TUP,774.3290315,419.5534013,79.3330584,232.8163185,990.2113365
TWTR,31848.32984,24882.24109,19236.30029,23374.09947,35197.22665
TYL,10127.98247,11793.37073,11683.27764,13792.51344,14026.33012
TSN,25383.39002,26890.02898,17031.70688,17573.23693,17502.05521
USB,87206.26788,90950.8614,52407.44214,55461.56732,54003.09508
USCR,920.9647712,695.6803127,302.4246538,413.4681162,484.1493266
USPH,1667.645761,1460.7069,881.4749737,1040.612481,1115.8039
SLCA,703.4248484,452.4432119,132.7607906,266.4437001,221.6715775
UDR,14196.99681,13685.57575,10765.81745,11022.83848,9622.130616
UFPI,2447.316049,2928.303018,2272.401216,3025.183773,3456.670147
UGI,10504.40352,9438.9368,5561.975287,6622.895724,6870.422431
ULTA,13720.64376,15314.09551,12270.96068,10867.59729,
UCTT,578.7410573,936.4530084,550.6200287,902.937001,869.1299629
UMBF,3168.811581,3369.674785,2269.280757,2481.458237,2353.651774
UMPQ,3624.475423,3897.840984,2402.774154,2343.091208,2338.755672
UA,7897.0701,8455.7338,3580.60262,3879.258544,4395.22516
UAA,7897.0701,8455.7338,3580.60262,3879.258544,4395.22516
UFI,405.3007964,467.2089716,213.7327438,237.5900969,236.8537585
UNF,3154.387432,2840.84897,2741.4106,2937.167991,
UNP,114119.7711,125504.4155,95703.24527,114725.5059,133642.9925
UIS,463.468517,740.004684,776.8397293,687.0027869,672.3939409
UAL,22714.42883,22290.64559,7822.857358,10052.3642,10111.69006
UBSI,3857.892594,3925.188376,2347.780733,3589.712214,2785.848711
UCBI,2241.889748,2438.964163,1437.444758,1575.200257,1463.978997
UFCS,1186.573847,1094.649331,816.9131447,693.1959476,508.6346823
UIHC,604.801666,545.1807398,397.578709,336.1299743,260.9943709
UNFI,400.7568169,385.2575856,570.4955387,1085.536068,
UPS,83674.50212,82030.37916,65589.06086,78283.71519,117820.9399
URI,9617.570849,12533.76615,7622.617979,10738.25579,12578.00825
X,1972.081639,1940.13349,1074.258523,1591.113403,1617.558582
UTHR,3497.037378,3865.038606,4161.394832,5325.49136,4485.591068
UNH,205950.0484,278521.0656,236555.1389,279724.55,296286.1677
UNIT,1499.755411,1586.795975,1165.382006,1814.753239,2452.342396
UNVR,3500.518826,4087.265791,1810.382902,2847.670208,2853.760949
UVV,1368.660581,1415.316323,1090.660681,1040.665902,1025.597842
OLED,7909.264751,9708.164128,6218.434546,7047.96966,8512.917414
UEIC,706.4411064,727.8772801,537.7555482,651.4075091,525.7767933
UHT,1414.219639,1614.521525,1386.943984,1093.627135,784.7333267
UHS,12086.20443,11526.40227,7765.863141,7217.210465,8317.360104
UVE,996.0122532,929.5892948,585.7169361,565.3907614,440.8431579
UNM,6200.510358,6014.775005,3046.594652,3374.745395,3425.863896
UE,2397.974154,2325.057169,1069.666814,1383.26242,1134.336757
URBN,2811.882531,2508.159998,1695.453202,1617.274455,
UBA,917.2667752,856.0808014,550.3482884,379.9543479,
ECOL,1411.85907,1820.513809,958.099515,1067.324138,1029.422988
USNA,1522.159215,1700.062033,1244.670191,1543.082252,1547.70543
VFC,35433.77055,39801.6136,21346.47324,23739.75038,27372.8156
VLO,35323.71212,38457.65549,18567.52682,23980.83202,17664.04584
VLY,3606.731179,4623.516772,2951.405115,3157.72194,2766.013572
VMI,2994.836845,3224.164114,2281.11361,2426.534328,2652.680998
VVV,4145.825883,4034.521658,2466.784323,3576.636056,3523.071869
VNDA,707.4786827,875.2601914,555.8036036,624.0572488,527.9324935
VREX,1095.936079,1147.506104,874.3349648,592.364962,496.8046036
VAR,10844.4538,12909.98611,9307.77193,11126.64725,15679.75159
VGR,1760.186612,1978.908061,1394.960775,1540.034157,1485.412647
VECO,571.9813028,718.1405737,469.1213894,666.7889766,579.0546626
VTR,27209.88147,21521.77683,9992.647323,13662.00208,15654.75346
VRA,365.7216307,322.2944341,182.4989997,146.459282,
VRSN,22328.51125,22622.3646,20965.71706,23897.02972,23527.77776
VRSK,25856.83822,24472.34447,22729.53424,27616.49994,30091.73259
VBTX,1270.83084,1487.494253,692.3163548,878.5041276,845.4946697
VRTV,291.0880057,316.6870087,126.9389992,269.1012907,201.2117117
VZ,249648.9625,253937.1549,222442.1981,228127.7021,246175.2332
VRTX,43546.86985,56302.99038,61693.06072,75270.61898,70878.36467
VIAC,15193.26638,25974.03511,8815.5936,14469.67664,17374.38837
VVI,1363.941244,1372.005014,432.0517171,387.9500665,425.5869805
VSAT,4621.07466,4490.700474,2231.682805,2384.585715,2321.378746
VTRS,10203.90886,10374.27341,7696.19902,8312.51101,7666.323384
VIAV,3205.114241,3446.849899,2581.136206,2904.377226,2678.172998
VICR,841.9104266,1338.341151,1284.71178,2227.436527,2433.38789
VRTS,767.9086669,845.3454294,587.873643,894.9033132,1062.651243
VRTU,1089.496945,1352.813697,848.0523903,978.4125825,1489.344769
V,297056.3681,321654.3521,274874.5863,325899.5044,337150.8379
VSH,2240.651802,2817.689195,1910.01672,2024.008084,2063.970763
VSTO,357.4972733,432.5459586,509.3176014,839.0245565,1171.695263
VC,2307.343691,2421.489261,1344.351564,1906.015688,1926.203302
VG,2735.707528,1797.866025,1756.304421,2468.403987,2511.993902
VNT,#N/A,#N/A,#N/A,#N/A,4179.686539
VNO,12149.06359,12691.52541,6915.602611,7302.531588,6443.704697
VMC,20007.08699,19057.79656,14325.21802,15342.51648,17952.01731
WRB,13230.80272,12691.94243,9569.125251,10239.11643,10884.93354
GWW,16006.35672,18234.71811,13337.74058,16797.48743,19112.78744
WNC,790.1710931,785.5274755,383.2520342,561.264628,632.8393236
WAB,13775.45883,14912.86072,9227.050564,10954.9158,11775.73607
WDR,1223.404977,1151.121795,758.5338937,1017.807555,928.8378288
WBA,53195.44317,40537.04361,37667.82434,32945.62527,
WD,1719.008594,1993.243533,1250.745945,1581.807948,1648.516958
WMT,333520.7404,324828.1653,344436.4751,366454.7803,
HCC,1006.665927,1079.151287,543.3298067,787.4708296,874.2483549
WAFD,2937.043159,2871.39139,1965.330299,2031.951748,1579.228506
WRE,2191.098279,2395.648817,1960.085068,1827.439525,1657.639514
WM,48786.67938,48346.50367,39210.9154,44696.67188,47809.93115
WAT,14902.71066,15055.0924,11315.8726,11168.32618,12117.67374
WSO,6445.74371,6872.015115,6040.179085,6819.006297,8950.660538
WTS,2590.791093,2753.575507,2336.170706,2226.617832,2748.786388
WDFC,2646.37954,2364.320467,2622.205926,2792.809099,
WBS,4319.539273,4910.827452,2064.938699,2579.755408,2381.971548
WEC,29997.96356,29092.52866,27799.24513,27647.83789,30565.60739
WRI,3748.156939,4019.74462,1860.92178,2424.993813,2172.628779
WFC,215333.4031,222430.7116,117365.7243,104959.9391,96862.30297
WELL,36735.64201,33550.81602,18795.25317,21604.55424,22989.09506
WERN,2442.583436,2518.369974,2514.667068,3007.793659,2901.384433
WST,10459.0838,11123.06676,11236.05046,16720.21934,20298.8054
WABC,1677.74079,1833.51728,1593.055485,1546.857326,1463.804704
WDC,17653.67097,18876.29564,12441.54981,13231.80046,11057.3173
WRK,9380.116479,11080.5633,7303.96644,7326.546497,9019.767323
WEX,8850.666167,9067.442382,4531.406133,7179.670191,6127.861698
WY,20634.53431,22503.28984,12636.54731,16759.78593,21283.536
WHR,10060.13583,9323.896035,5377.772712,8051.981975,11455.21042
WSR,553.6198652,565.1226538,260.6897182,306.3217975,254.0673752
WSM,5211.089663,5428.887703,4774.88244,6774.363198,
WLTW,24891.97297,25964.03154,21863.26145,25524.72081,26908.21489
WING,2569.785073,2539.732213,2347.722868,4111.149572,4044.697302
WGO,1601.047349,1747.655195,1833.116775,1819.0764,
WTFC,3663.809861,4099.572216,1885.276851,2511.178199,2306.910603
WETF,810.3922551,751.2309313,364.4981898,519.7921425,479.6023997
WWW,2409.249753,2728.747348,1232.261777,1933.080508,2115.705213
WWD,6668.854366,7344.701554,3698.118931,4830.556332,5000.677421
WRLD,1152.926203,683.8560088,433.1665336,492.0147934,783.2319145
INT,2611.351961,2839.320446,1646.923055,1631.066507,1345.351634
WWE,3383.983737,3078.535768,1567.96068,2012.435953,1889.463869
WOR,2141.882282,1782.932662,1661.974945,2216.123775,
WPX,4473.162998,5726.01995,1706.062635,3568.990911,2748.997252
WW,2545.210208,2572.373505,1140.207493,1714.033495,1283.362618
WYND,4174.208062,4688.489758,1847.425638,2399.099226,2622.323109
WH,4923.964415,5977.468141,2952.339559,3967.517981,4704.632969
WYNN,11700.01136,14908.38879,6471.387823,8035.106699,7744.562395
XEL,34027.27563,33293.40278,31637.54068,32823.17734,36253.87222
XNCR,1909.792538,1950.635178,1701.48668,1846.384907,2220.451584
XHR,2378.999098,2434.193652,1161.046917,1058.553168,998.5556958
XRX,6549.18322,7838.192938,4030.223801,3255.778438,3865.812998
XLNX,24224.81948,24585.96607,19394.32234,23927.89357,25467.29035
XPER,1020.371887,917.9330006,693.5804056,1697.569279,1246.33677
XPO,6597.394124,7356.309962,4502.452583,7039.511747,7731.628832
XYL,14333.91003,14188.42416,11737.92396,11687.29762,15138.17593
YELP,2468.206293,2445.12528,1295.268856,1662.810861,1469.22396
YETI,2401.700043,3017.999686,1694.071458,3715.495255,3943.357582
YUM,34515.16229,30466.99884,20615.33067,26158.69105,27517.78693
ZBRA,11167.91889,13773.58074,9742.732671,13588.78569,13466.17731
ZBH,28183.59126,30786.78047,20891.41763,24683.89983,28187.76444
ZION,7585.006087,8569.759493,4388.987931,5571.306427,4791.436955
ZTS,59498.9512,63038.17704,55894.9825,65085.88348,78574.67909
ZUMZ,822.1292341,804.2794963,537.170486,587.4517862,
ZYXI,308.6755892,257.6874065,363.228833,825.4979089,605.6119606
