,Q3 2019 Shareholder's Equity,Q4 2019 Shareholder's Equity,Q1 2020 Shareholder's Equity,Q2 2020 Shareholder's Equity,Q3 2020 Shareholder's Equity
DDD,514.749,522.159,488.669,463.428,428.518
MMM,10702,10063,10147,10857,11880
EGHT,238.877,219.491,190.731,178.866,174.459
AOS,1656.2,1666.8,1616.3,1658.1,1747.1
AAON,279.567,290.14,306.323,322.695,344.892
AIR,921.7,929.4,902.6,890.6,
ABT,31817,31088,30218,30578,31386
ABBV,-8226,-8172,-7415,14708,15270
ANF,983.512,1058.81,790.239,805.681,
ABMD,991.457,1046.863,1065.466,1101.848,1182.409
ABM,1542,1559.7,1395.2,1451.3,
ACHC,2420.691,2505.381,2464.167,2503.338,2606.639
AKR,1519.582,1542.308,1434.464,1455.592,1453.23
ACN,15167.138,15474.589,16014.606,17000.536,
ACIW,1058.937,1129.968,1067.798,1090.737,1122.844
ATVI,12235,12805,13021,13682,14382
AYI,1987.3,2045.1,2095.7,2127.5,
ADUS,469.988,475.592,486.808,494.861,507.6
ADNT,1848,1743,1541,1250,1213
ADBE,10530.155,10465,10881,11713,
ATGE,1327.193,1294.912,1294.559,1310.421,1330.971
ADTN,394.955,380.426,363.715,364.194,369.593
AAP,3454.942,3549.081,3537.029,3726.519,3762.664
AEIS,659.627,676.714,685.397,717.813,768.152
AMD,2176,2827,3037,3305,3867
ASIX,417.226,400.878,407.836,420.787,421.034
ACM,3690.576,3673.002,3531.502,3744.894,3292.558
AEGN,431.868,427.759,412.829,422.058,399.607
AJRD,566.7,576.7,616.8,671.3,708.9
AVAV,490.36,490.741,509.901,519.929,
AMG,3070,2937.5,2980,2854.7,2848.9
AFL,29438,28959,26402,29420,32479
AGCO,2976.6,2853.8,2642.1,2676.1,2809.7
A,4748,4848,4768,4981,
AGYS,98.365,96.936,71.757,71.35,113.383
ADC,1488.219,1689.331,1755.086,2184.101,2263.57
APD,11053.6,11556,11371.9,11659.3,12079.8
AKAM,3501.6,3657.958,3672.218,3904.295,4107.617
ALG,551.052,569.757,560.409,577.151,605.213
ALRM,336.166,355.651,366.216,393.253,438.716
ALK,4252,4331,4015,3861,3454
AIN,659.53,698.683,666.961,703.311,746.809
ALB,3836.559,3932.25,3878.004,4024.472,4124.881
ALEX,1124.8,1125.1,1107.8,1104.6,1110.2
ARE,7790.232,8865.826,9322.586,9431.44,10701.814
ALXN,10367.2,11271.8,11747.8,10490.8,11074.9
ALGN,1305.549,1346.169,2852.989,2845.045,3033.471
Y,8828.658,8776.734,7857.062,8456.239,8596.395
ATI,2168,2090.1,2087.8,1735.3,1733.7
ABTX,706.308,709.865,706.593,736.143,753.053
ALGT,826.608,883.551,809.903,736.56,711.698
ALLE,685,757.4,611.3,677.5,824.3
ALE,2207.8,2231.9,2271.1,2265.7,2281
ADS,1496.9,1588.3,1087.7,1154.6,1322.6
LNT,5169.2,5405.1,5702.4,5748.3,5909
MDRX,1281.058,1285.188,1241.78,1242.929,1208.387
GOOG.L,#N/A,,,,
GOOG,194969,201442,203659,207322,212920
MO,10545,6222,6543,5688,3139
AMZN,56508,62060,65272,73728,82775
AMBC,1568.696,1477,1002,1069,1035
AMCX,628.124,665.781,613.548,651.916,747.603
AMCR,5424.2,5339.7,4739.6,4625.9,4687
AMED,602.564,640.45,679.197,720.851,756.205
AEE,8062,8059,8085,8227,8489
AAL,160,-118,-2636,-3169,-5528
AAT,1317.27,1313.917,1304.242,1300.953,1280.939
AXL,1406.8,977.6,389.8,196.2,340.9
ACC,3330.075,3294.676,3309.811,3232.565,3152.935
AEO,1260.385,1247.853,996.983,997.9,
AEP,19716.4,19632.2,19728.4,20007.4,20365.9
AEL,4126.716,4570.119,3522.757,5062.059,6118.734
AXP,23025,23071,21006,21062,21869
AFG,6321,6269,5047,6126,6340
AIG,65603,65675,60173,62234,64108
APEI,300.778,296.733,285.349,293.611,298.044
AWR,595.947,601.53,604.583,619.288,633.82
AMT,5240.4,5055.4,3634.4,3620.3,3731.7
AVD,337.986,344.156,334.207,339.66,344.794
AWK,6190,6121,6243,6338,6512
AMWD,674.908,689.285,700.538,721.52,
CRMT,278.659,292.07,303.059,326.149,
AMP,5997,5729,6693,6500,6067
ABCB,2420.723,2469.582,2437.15,2460.13,2564.683
AMSF,468.729,430.215,436.956,462.796,481.91
ABC,2878.917,2954.626,3590.59,3857.252,-1018.924
AME,4865.965,5115.492,5326.003,5486.44,5704.192
AMGN,10927,9673,9485,10659,10959
AMN,705.104,736.742,749.08,777.406,807.073
AMPH,389.405,381.366,377.514,397.681,405.232
APH,4155.3,4530.3,4385.8,4738.6,5040.2
ADI,11709.188,11689.517,11590.858,11777.56,
ANGO,613.81,610.475,454.872,455.054,
ANIP,213.13,212.791,201.171,191.344,195.1
ANIK,281.682,288.378,293.694,288.444,284.451
ANSS,2923.324,3453.379,3292.35,3438.048,3589.613
AM,3523.03,3143.414,2588.955,2523.182,2485.491
ANTM,31332,31728,31693,34455,33921
AON,3492,3375,3169,3601,3542
APA,6301,3255,-1246,-1635,-1641
AIV,1705.459,1780.649,1717.455,1698.012,2121.391
APOG,514.979,516.778,504.144,526.168,
ARI,2629.51,2629.975,2400.911,2365.506,2319.281
AAPL,90488,89531,78425,72282,65339
AIT,927.225,962.241,830.56,843.542,885.406
AMAT,8214,8660,9024,9569,
AAOI,302.285,273.794,257.499,257.455,265.166
ATR,1553.656,1571.916,1587.29,1645.631,1759.572
APTV,3565,3819,4971,6942,7363
ARCB,763.626,763.043,759.206,775.091,802.639
ADM,18873,19208,18952,19293,19322
AROC,1057.018,1085.963,999.472,950.873,949.685
ARNC,#N/A,2714,1613,1146,1474
ACA,1765.6,1790.4,1816,1849.1,1881.6
ANET,2656.004,2894.686,2848.826,3036.483,3083.877
ARLO,179.606,203.376,178.561,151.904,141.807
AHH,388.597,408.577,396.836,406.522,519.267
ARR,1382.94,1436.707,786.25,851.231,892.269
ARW,4690.819,4811.919,4595.125,4694.821,4781.064
ARWR,244.59144,500.083831,494.118658,493.140393,461.779132
AJG,4843.3,5155.5,5029.5,5488.6,5771.7
ABG,600,646.3,660.9,713.1,811.9
ASGN,1331.5,1376.2,1399.5,1457.1,1524.2
ASH,3571,3625,2983,3013,3036
ASB,3920.854,3922.124,3790.471,4024.458,4045.433
AIZ,5658.6,5652.8,5370,5967.8,5936.4
AGO,6652,6639,6240,6444,6549
ASTE,617.06,601.949,612.203,621.539,622.901
T,183049,184221,177779,175896,175553
AAWW,2193.292,1792.179,1832.75,1930.367,2017.423
ATO,5750.223,6127.775,6304.415,6461.471,6791.203
ATNI,688.083,676.122,665.758,668.73,667.875
ADSK,-171.5,-139.1,-139.1,67.3,
ADP,5360.7,5364.4,5490.7,5752.2,5808.9
AN,2996.7,3162.1,2846.9,3137.7,3357.9
AZO,-1776.09,-1711.119,-1632.736,-877.977,
AVB,10814.425,10989.549,10911.928,10870.19,10669.644
AVNS,1266.9,1265.2,1256.5,1261.6,1289.9
AVY,1057.4,1204,1173.4,1213.9,1334.6
AVNT,591.4,1051.9,1538.6,1551.3,1597
CAR,495,656,292,-153,-76
AVA,1893.568,1939.284,1959.095,1975.038,1982.851
AVT,3958.071,3957.333,3677.278,3726.398,3777.511
ACLS,407.847,419.427,427.172,445.024,460.663
AAXN,507.647,543.495,559.59,869.813,895.153
AX,1116.24,1160.752,1174.326,1230.846,1236.965
AZZ,653.243,634.366,635.656,631.541,
BGS,843.415,812.542,796.287,817.149,843.376
BMI,323.639,331.068,335.721,341.143,351.543
BKR,21876,21929,11470,11254,11582
BCPC,733.586,743.667,766.271,792.523,819.443
BLL,3365,2949,2630,2762,2886
BANC,900.988,907.245,835.002,846.959,874.254
BANF,979.752,1004.989,1023.38,1034.199,1043.752
BXS,2489.427,2685.017,2681.904,2732.687,2782.539
BAC,268387,264810,264918,265637,268850
BOH,1291.49,1286.832,1327.929,1352.082,1361.739
OZK,4078.324,4150.351,4083.15,4110.666,4186.285
BKU,2909.275,2980.779,2516.129,2755.053,2864.824
BANR,1530.935,1594.034,1601.7,1625.103,1646.529
BNED,457.32,457.446,417.751,372.278,
B,1210.698,1270.528,1244.96,1257.706,1307.656
BAX,7588,7882,7699,8128,8567
BDX,21081,21202,20951,24022,23765
BBBY,1848.205,1764.935,1461.09,1697.008,
BELF.B,#N/A,,,,
BDC,1138.7,959.847,947.243,823.919,792.396
BHE,1028.772,1014.832,989.622,984.36,990.327
BRK.B,397609,424791,371565,393495,415155
BHLB,1772.224,1758.564,1722.278,1164.14,1179.025
BBY,3125,3479,3410,3778,
BIG,762.324,845.464,883.933,1328.16,
BIIB,13995.9,13343.2,12546.9,11308.7,10758.5
BIO,5131.192,5755.057,6293.079,7353.402,8825.145
TECH,1174.224,1323.348,1291.268,1381.192,1439.285
BEAT,360.907,366.917,376.998,383.828,396.381
BJRI,286.565,290.287,271.904,312.594,308.911
BJ,-104.486,-54.344,32.497,119.101,
BKH,2329.478,2362.123,2523.168,2513.292,2519.046
BLKB,381.457,396.764,380.393,410.802,441.835
BLK,32407,33547,33013,32730,33873
BLMN,144.283,170.342,91.95,21.11,5.134
BCOR,634.846,643.515,326.175,380.861,359.144
BCC,731.566,701.33,708.271,739.708,778.136
BCEI,937.924,936.69,1016.419,978.038,982.952
BKNG,5951,5933,3831,3999,4913
BOOT,285.149,313.939,321.693,322.546,330.034
BWA,4457,4706,4724,4611,4757
BPFH,808.688,819.018,828.792,825.205,846.169
BXP,5671.954,5684.687,6047.866,6182.067,6129.568
BSX,9699,13877,13804,15616,15564
EPAY,374.936,395.934,382.895,392.334,422.416
BYD,1248.147,1265.242,1111.77,1005.478,1043.911
BRC,876.535,899.924,820.602,863.072,
BDN,1690.742,1677.877,1593.554,1560.628,1805.168
BHF,17695,16172,20374,20909,18266
BSIG,28.8,64.4,68.9,72.4,111.4
EAT,-585.1,-568.9,-574.7,-479.1,-465.1
BMY,17648,51598,49911,49094,50158
VTOL,456.547,456.742,1029.509,1010.515,
BRX,2759.363,2743.857,2669.353,2679.62,2713.891
AVGO,24970,24396,23970,23585,
BR,1143.4,1125.4,1202.5,1346.5,1413.8
BRKL,932.311,945.606,912.568,926.413,935.558
BRKS,1138.954,1158.695,1161.133,1174.853,1213.614
BRO,3314.523,3350.279,3479.841,3583.518,3702.01
BF.B,1942,2005,1975,2150,
BC,1418.2,1300.9,1303.7,1364.4,1458.2
BLDR,779.001,824.953,833.538,915.934,1007.865
CHRW,1673.096,1670.73,1587.118,1704.328,1873.359
CABO,774.759,841.569,810.891,1323.546,1384.399
CBT,998,1027,925,930,691
COG,2213.576,2151.487,2168.395,2165.979,2118.488
CACI,2425.116,2508.445,2563.495,2661.175,2771.634
CADE,2475.944,2460.846,2113.543,2045.48,2071.472
CDNS,1480.262,2102.894,2157.994,2256.631,2395.718
CZR,1126.778,1117.257,940.209,1616.449,3370
CAMP,190.653,137.919,125.194,118.978,
CVGW,284.181,285.386,282.754,267.97,
CAL,650.84,645.95,282.296,242.24,
CWT,757.795,779.906,755.14,782.023,890.192
ELY,777.356,767.353,759.967,624.548,688.534
CPE,2468.652,3223.308,3442.903,1881.384,1204.104
CALM,933.731,947.448,1009.675,991.945,
CPT,3584.878,3628.685,3598.553,3538.212,3494.063
CPB,1239,2494,2575,2563,
CMD,732.191,723.281,688.469,729.599,
COF,58235,58011,56830,56045,58424
CFFN,1336.326,1306.594,1287.793,1300.52,1284.859
CPRI,2405,2609,2167,2006,2199
CMO,1071.756,1073.733,843.624,912.889,913.829
CAH,900,999,1203,1789,1422
CSII,142.074,143.305,143.176,268.792,268.405
CATM,348.321,380.432,307.93,308.159,334.395
CTRE,927.486,927.591,921.793,917.446,916.036
CSL,2681,2642.8,2518.5,2516.2,2475.3
KMX,3698.053,3768.875,3578.31,3982.56,
CCL,25365,24290,20840,19503,
CRS,1577,1603.4,1618.5,1445.7,1407.5
CARR,#N/A,14102,2697,4028,5096
CRI,812.734,880.13,716.002,733.278,821.881
CASY,1561.848,1588.59,1643.205,1751.238,
CTLT,2255.9,2322.7,2794.3,3505.4,3678.7
CAT,14952,14588,14197,13734,14949
CATY,2245.061,2294.283,2313.037,2350.801,2374.723
CVCO,573.004,595.26,607.586,624.007,640.688
CBOE,3328.7,3355.6,3310.1,3286.3,3344.5
CBRE,5511.829,6232.693,6129.343,6243.994,6553.096
CDK,-684.4,-639.4,-635.5,-596.1,-531
CDW,935.1,960.3,889.7,1055.6,1238.5
CE,2747,2507,2448,2487,2508
CNC,12311,12551,23549,25056,25725
CNP,8346,8359,6970,8392,8388
CENT,996.007,973.124,993.013,1059.425,1076.803
CENT.A,#N/A,,,,
CPF,534.354,536.929,533.781,544.271,543.903
CENX,689.9,675,673.8,648.7,592.4
CCS,951.179,1061.699,1084.533,1129.488,1184.957
CDAY,1853.1,1882.3,1885.6,1985.7,2036.3
CERN,4411.267,4228.328,3863.079,4018.016,4406.287
CEVA,249.36,251.157,249.272,252.381,256.571
CF,2980,2897,2728,2873,2826
CHX,1038.801,1032.96,388.767,1598.698,1599.549
CRL,1532.313,1634.584,1651.984,1752.641,1896.94
GTLS,1198.5,1227.6,1210.1,1240.7,1286.2
CHTR,32974,31445,29628,29356,26906
CLDT,780.098,762.377,725.926,699.141,681.128
CHE,672.38,726.608,683.601,750.696,801.408
CPK,544.711,561.577,584.129,593.277,616.69
CVX,155841,144213,143930,134118,131774
CHS,543.115,530.092,340.807,296.798,
CMG,1622.447,1683.026,1672.02,1704.496,1805.586
CHH,-56.735,-23.511,-43.854,-42.752,-21.404
CB,54572,55331,52197,54760,56413
CHD,2559.3,2667.8,2817.8,2998.8,3210.3
CHDN,550.4,508.3,433,320.1,372.2
CHUY,195.293,194.936,181.396,235.115,238.95
CIEN,2172.761,2193.65,2240.576,2428.867,
CI,44696,45338,45079,47366,48032
XEC,3971.178,3657.761,2871.12,1932.467,1625.422
CBB,-127.6,-140,-188.7,-204.6,-204.5
CINF,9371,9864,8042,9258,9745
CNK,1483.703,1435.814,1253.28,1086.921,1007.033
CTAS,3104.97,3324.309,3235.202,3604.804,
CIR,375.388,391.411,290.845,273.351,220.814
CRUS,1178.625,1259.88,1229.779,1272.289,1316.831
CSCO,34423,35533,35708,37920,
CIT,6033.5,6339,5860.8,5739.3,5764
C,196373,193242,192331,191622,193876
CFG,21851,22201,21950,22418,22469
CTXS,712.911,837.656,-218.929,-93.596,68.8
CHCO,649.603,657.983,685.228,693.75,691.359
CLH,1235.795,1269.813,1205.805,1253.971,1304.715
CLW,425.145,432,444.8,470.8,496.2
CLF,359.9,357.9,903.2,792.9,810.6
CCMP,980.377,1029.999,1009.41,1025.034,1074.313
CME,26783.2,26128.9,26567.7,26807.9,26979.6
CMS,4957,5018,5185,5214,5320
CNO,4553.3,4677,3765.8,4731.2,5083.9
CNX,4434.979,4160.546,3836.331,3746.422,4270.176
COKE,378.849,346.952,359.22,397.418,448.238
CCOI,-190.501,-203.679,-222.225,-235.55,-260.691
CGNX,1239.218,1355.71,1327.493,1376.478,1505.829
CTSH,10702,11022,10613,10972,11140
COHR,1284.736,1305.975,873.43,893.506,927.224
CHRS,56.023,105.214,157.275,213.377,255.731
COHU,491.753,483.072,464.884,466.758,474.609
CFX,2982.008,3441.43,3291.14,3351.915,3412.446
CL,-324,117,-113,268,653
COLB,2161.577,2159.962,2213.602,2276.755,2301.981
COLM,1747.106,1849.447,1696.591,1652.829,1722.816
CMCS.A,#N/A,,,,
CMA,7200,7327,7402,7802,7874
FIX,557.63,585.304,593.043,628.433,668.126
CBSH,3102.6,3134.684,3251.015,3357.867,3305.663
CMC,1701.501,1757.843,1800.45,1889.201,
CBU,1840.421,1855.234,1976.631,2081.315,2098.66
CYH,-1848,-2218,-2205,-2127,-2017
CHCT,300.947,353.411,367.775,387.103,409.621
CVLT,372.114,417.633,411.904,434.235,419.476
CMP,459.5,529.6,361.5,343.6,324.1
CPSI,172.031,184.347,189.36,190.925,196.306
CMTL,537.644,551.203,545.825,549.299,
CAG,7612.1,7785,7876.1,8121.4,
CNXC,#N/A,,,,
CXO,18511,17782,8379,7920,7787
CNMD,700.922,710.467,701.635,674.898,683.141
CONN,630.377,627.18,495.809,518.586,
COP,35146,34981,31315,31493,30783
CEIX,454.486,435.199,439.405,427.181,426.079
CNSL,353.5,340.881,347.213,365.667,384.963
ED,17959,18022,18261,18225,18494
STZ,11709.4,12131.8,11066,11688,
CTB,1209.11,1264.625,1177.712,1178.782,1328.107
CPS,898.418,856.175,710.112,590.417,614.703
CPRT,1926.599,2124.729,2281.011,2489.516,
CORT,334.376,371.182,409.489,453.698,489.68
CLB,190.246,177.865,65.716,62.103,67.632
CXW,1383.201,1376.749,1355.405,1381.91,1412.721
CLGX,932.861,951.21,926.998,1002.123,1122.739
CORE,591.6,591.9,582.2,597,618.6
COR,180.196,158.162,120.514,114.373,90.266
GLW,13034,12907,12198,12049,12660
OFC,1656.389,1678.96,1624.998,1616.627,1609.248
CTVA,25015,24309,23825,24561,24106
CRVL,200.816,193.365,189.711,198.092,202.4
COST,15861,16614,16802,18284,
COTY,4455,4471.7,3732.2,3004.6,3201.1
CUZ,4284.104,4359.274,4534.707,4515.336,4499.812
CVET,1329,1256,1202,1520,1504
CBRL,605.784,629.93,392.209,418.389,
CR,1697.5,1473.7,1405.2,1421.1,1506.5
CREE,2020.6,1991.2,1939.5,2083.1,1908.7
CROX,117.524,131.905,94.029,156.884,227.987
CCRN,162.893,162.632,160.757,148.647,148.41
CCI,11325,10489,10121,9826,9502
CRY,277.501,285.696,276.609,296.556,325.766
CSGS,382.036,396.662,386.831,397.622,409.927
CSX,11864,11848,11871,12150,12713
CTS,395.194,405.219,397.466,400.892,413.966
CUB,961.649,951.619,895.804,892.863,960.777
CFR,3881.457,3911.668,3826.666,4008.801,4085.026
CMI,7810,7507,7068,7192,7700
CW,1701.14,1774.372,1669.837,1713.295,1799.463
CUBI,1019.15,1052.795,964.636,1007.847,1051.491
CUTR,43.99,45.942,33.536,52.499,52.006
CVBF,1966.893,1994.098,1941.386,1959.098,1981.957
CVS,62614,63864,65140,68022,68807
CONE,2416.9,2434.6,2363.8,2460.7,2604.4
CYTK,-19.869,-10.937,-45.711,-78.08,149.605
DHI,10020.9,10227.4,10458,11048,11840
DAKT,198.011,182.975,176.98,186.222,
DAN,1791,1873,1783,1644,1703
DHR,32502.3,30270.6,31055.1,36261.7,37961
DRI,2273.7,2341.2,2331.2,2375,
DAR,2308.493,2565.819,2543.565,2633.36,2773.92
PLAY,148.121,169.65,192.635,250.371,
DVA,2318.576,2133.409,1947.846,2153.915,1574.757
DECK,916.304,1123.747,1140.12,1136.928,1242.964
DE,11413,11926,11864,12888,
DAL,15068,15358,14309,8690,3357
DLX,525.527,570.861,473.967,485.269,511.348
XRAY,5057.3,5092.5,4687.5,4643.1,4760.5
DBI,743.181,720.914,498.106,406.627,
DVN,6542,5802,3919,3227,3023
DXCM,764.3,882.6,934.5,1353.9,1499.3
FANG,14050,13249,12826,10714,9552
DRH,1802.357,1912.49,1868.106,1798.398,1833.784
DKS,1708.902,1731.598,1672.025,1930.296,
DBD,-449.9,-530.3,-727.9,-703,-806.6
DGII,348.978,356.315,358.363,363.305,371.5
DLR,9437.29,9879.312,16460.236,16984.527,17669.845
DCOM,608.904,596.758,645.648,681.543,694.158
DIN,-239.782,-241.774,-236.377,-368.571,-356.364
DIOD,1029.853,1106.424,1125.029,1143.385,1198.573
DFS,11717,11859,9665,9643,10252
DISC.A,#N/A,,,,
DISC.K,#N/A,,,,
DISH,10169.75,11564.521,11659.779,12159.505,12691.256
DHC,2823.479,2736.519,2650.997,2622.954,2514.044
BOOM,167.076,172.141,173.689,170.283,169.951
DG,6648.295,6702.5,7209.454,7356.071,
DLTR,6121.3,6254.8,6520.6,6813.6,
D,29286,31994,30726,28871,26336
DPZ,-3415.759,-3392.19,-3282.906,-3211.531,
UFS,2439,2376,2181,2277,2211
DCI,911.6,934.8,938.8,987.1,
DFIN,266.1,268.6,267.1,270.4,277.7
LPG,954.371944,982.024776,977.052198,989.952891,989.591174
DORM,772.592,773.584,791.375,807.132,831.365
DEI,2450.87,2712.072,2541.762,2480.977,2447.525
DOV,3017.643,3032.66,2980.681,3089.527,3246.421
DOW,17399,13541,12906,12537,12354
DRQ,1092.672,1090.701,1024.201,1015.387,1037.562
DSPG,151.372,153.094,149.979,152.762,154.215
DTE,10740,11672,11822,11724,12323
DUK,46438,46822,46921,45484,46006
DRE,4957.933,5018.115,4959.843,4987.82,5018.219
DNKN,-620.859,-588.01,-636.287,-587.732,-533.345
DD,41344,40987,39551,37005,37559
DXC,8550,8749,4785,4593,4401
DXPE,341.157,343.802,351.136,356.823,322.641
DY,880.15,868.604,833.894,873.748,
EGBN,1184.594,1190.681,1162.778,1187.895,1223.402
EXP,1010.755,897.327,967.843,1067.958,1168.031
EGRX,175.765,179.174,181.83,183.964,172.787
EWBC,4881.697,5017.617,4902.985,5010.377,5126.106
DEA,1046.464,1062.621,1049.658,1134.028,1152.855
EGP,1106.482,1200.564,1190.631,1215.081,1242.92
EMN,6020,5958,6117,6021,6075
ETN,15848,16082,14245,14188,14476
EV,1192.566,1252.378,1284.175,1282.44,
EBAY,3270,2870,2115,2902,2920
EBIX,534.169,550.114,522.663,540.684,582.426
ECHO,383.049,383.312,374.197,377.417,386.473
ECL,8567.7,8685.3,8822.1,5855.2,6014.7
EPC,1303.5,1348.1,1347.3,1368.2,1432.9
EIX,13160,13303,13351,14253,13748
EW,3814.8,4148.3,3901.1,3839.1,4210.3
EHTH,431.571,527.164,791.686,792.055,775.686
LOCO,240.014,245.566,248.605,256.559,271.076
EA,7158,7237,7461,7782,8075
LLY,3382.5,2606.9,3078.8,4092.9,4826.9
EME,1975.165,2057.134,2026.948,1943.622,2007.289
EBS,1035,1088.5,1074.8,1198.8,1251.5
EMR,8233,8421,7517,7831,8405
EIG,1160.4,1165.8,1057.3,1144,1167.4
ENTA,462.492,482.287,485.991,480.557,455.58
EHC,1333.1,1352.2,1443.9,1462.8,1520.8
ECPG,920.94,1022.193,902.726,1038.851,1124.676
WIRE,768.679,779.096,777.172,792.111,813.65
ENDP,-661.477,-866.544,-737.817,-714.867,-782.482
ENR,543.8,587.5,373.7,385.8,309.1
EPAC,353.253,354.365,336.282,359.226,
ENS,1321.313,1372.702,1307.249,1368.352,1436.664
ENVA,433.971,376.613,438.214,476.22,573.695
ENPH,152.289,272.212,316.207,370.176,416.206
NPO,876.4,886.9,1071.9,1084.2,1065.9
ETR,10254.472,10443.085,10443.352,10645.398,10991.249
EOG,21124.28,21640.716,21470.675,20387.557,20148.326
PLUS,450.289,472.486,486.145,502.725,523.07
EPR,3040.799,3005.805,2936.481,2736.257,2650.069
EQT,10897.625,9803.588,9633.878,9438.827,8845.809
EFX,2515.8,2578.6,2386.5,2694.1,2929
EQIX,8761.111,8840.606,8669.364,10388.28,10555.814
ETRN,1145.081,672.716,436.868,3754.087,3854.477
EQR,10182.636,10315.506,10530.367,10597.673,10517.48
ESE,826.222,915.491,926.207,943.457,961.595
ESNT,2855.17,2984.845,3107.074,3623.329,3746.544
EPRT,1093.362,1194.45,1348.39,1351.085,1554.468
WTRG,3862.562,3880.86,4613.163,4635.534,4635.753
ESS,6225.1,6220.427,6228.165,6166.074,6082.997
ETH,370.447,362.788,339.224,328.065,332.941
ETSY,389.262,406.634,406.847,524.175,666.667
EVR,764.683,869.716,816.571,900.528,970.926
RE,8983.258,9132.925,8580.944,9286.299,9591.292
EVRG,8619.3,8571.9,8529.2,8547.8,8802.1
ES,12121.614,12629.994,13209.956,13805.258,13980.017
EVTC,245.201,267.187,259.037,274.885,306.137
EXEL,1603.717,1685.97,1747.652,1833.324,1852.031
EXC,32023,32224,32482,32703,32884
EXLS,647.683,670.001,655.904,680.928,709.928
EXPE,4184,3967,2270,2756,2654
EXPD,2207.385,2195.028,2034.806,2159.118,2502.029
EXPO,357.279,350.251,323.497,332.567,343.197
EXTN,489.099,409.538,379.628,345.12,325.976
EXR,2522.714,2539.961,2398.119,2375.69,2389.284
EXTR,93.849,50.927,16.4,5.398,9.911
XOM,189915,191650,182079,180183,177400
EZPW,744.949,751.6,677.553,679.912,#N/A
FNB,4820,4883,4842,4897,4951
FFIV,1761.497,1929.458,1998.194,2153.899,2232.268
FN,890.695,928.327,933.409,974.409,1000.703
FB,93999,101054,105304,110447,117731
FDS,691.878,716.76,792.958,896.375,
FICO,289.767,240.961,214.151,247.286,331.082
FARO,367.525,331.992,316.79,308.561,313.33
FAST,2585.7,2665.6,2656.6,2783,2885.6
FBK,744.835,762.329,782.33,805.216,1244.998
FRT,2469.928,2535.341,2502.107,2434.284,2327.859
FSS,604.2,641.6,636.2,655.4,679.8
FHI,950.497,1041.28,1042.933,1086.667,1151.576
FDX,18659,18831,18295,19462,
FOE,377.586,360.376,351.796,350.573,380.629
FIS,49195,49440,49167,49043,49031
FRGI,181.508,158.236,148.003,140.688,145.925
FITB,21404,21203,21873,22335,22951
FAF,4242.141,4420.484,4359.345,4565.4,4723.77
FBNC,834.982,857.524,862.198,867.891,880.818
FBP,2200.595,2228.073,2199.751,2214.834,2225.282
FCF,1039.03,1055.665,1057.924,1075.705,1072.831
FFBC,2261.313,2247.705,2179.383,2221.019,2247.815
FFIN,1205.098,1227.197,1526.362,1582.449,1619.501
FHB,2654.558,2640.258,2664.685,2701.897,2733.934
FHN,4700.612,4780.577,4760.149,4912.954,7848.711
FR,1692.547,1764.399,1753.466,1758.909,1845.191
FMBI,2339.599,2370.793,2435.707,2684.938,2664.171
FRC,9431.206,9851.107,10359.765,10575.928,11344.609
FSLR,5182.483,5096.767,5168.622,5226.796,5396.113
FCFS,1336.176,1350.035,1207.375,1232.78,1243.926
FE,7272,6975,6814,7143,7188
FISV,32669,32979,31843,31583,31692
FIVE,645.391,759.778,689.765,723.955,
FBC,1734,1788,1842,1971,2195
FLT,3900.31,3711.616,2796.229,2966.434,2937.75
FLIR,1869.65,1871.433,1704.58,1750.701,1808.866
FLO,1293.332,1263.43,1320.611,1336.488,1351.486
FLS,1744.335,1790.357,1659.43,1662.572,1673.421
FLR,1559.495,1487.752,1091.645,1091.722,#N/A
FMC,2649.2,2532.3,2675.4,2822.2,2944.5
FL,2427,2473,2314,2403,
F,35349,33185,29650,30824,33125
FORM,614.546,640.997,666.417,690.722,714.142
FORR,147.652,158.088,158.172,173.409,174.708
FTNT,1200.4,1321.9,536.3,543.9,713.2
FTV,7151.7,7387,7242.1,7395.3,7676.1
FBHS,2335.4,2426.6,2357,2461.8,2628.6
FWRD,561.145,577.182,565.841,566.292,552.196
FOSL,509.259,503.054,415.449,396.056,422.808
FBM,395.822,408.165,416.03,429.422,444.426
FCPT,672.829,721.05,698.051,693.52,754.241
FOXA,10320,10334,10114,10094,10791
FOX,10320,10334,10114,10094,10791
FOXF,396.62,422.2,429.706,633.064,683.927
FELE,775.194,796.545,751.179,773.864,810.569
BEN,9906.5,10081.6,9903.4,10114.2,10114.5
FSP,789.653,786.396,757.318,746.003,737.465
FCX,9444,9298,8855,8954,9236
FDP,1741,1719.2,1686.5,1695.2,1718.1
FCN,1461.234,1489.142,1468.684,1479.103,1474.497
FLGT,54.526,82.777,81.372,87.043,186.955
FULT,2324.016,2342.176,2285.748,2340.501,2390.261
FF,405.127,467.098,354.635,369.944,376.827
GME,617.1,611.5,435,352.3,
GCI,625.458,981.356,889.556,452.085,426.129
GRMN,4380.894,4793.496,4934.4,4740.861,5104.341
IT,919.657,938.593,890.275,991.219,1037.503
GATX,1786.5,1835.1,1831,1875.3,1930
GCP,513.8,538.7,506.9,513,625.6
GNRC,934.264,1032.382,1023.642,1097.73,1230.192
GD,13513,13577,13200,13890,14716
GE,27935,28316,35284,33674,33269
GIS,7712.3,7575.1,8058.5,8444.6,
GM,44554,41792,40113,39304,43341
GCO,573.448,619.343,475.822,460.864,
GNTX,1921.328263,1938.08782,1834.605633,1822.607413,1895.612299
THRM,451.593,472.65,470.381,469.321,511.796
GPC,3642.191,3674.707,3402.702,2849.275,3014.08
GNW,14387,14185,14449,14643,14756
GTY,584.921,589.439,586.475,594.508,617.786
ROCK,657.213,673.964,677.357,709.764,746.075
GIII,1260.302,1290.672,1246.234,1237.749,
GILD,20604,22525,22067,18027,17445
GBCI,1953.401,1960.733,2136.644,2203.715,2255.089
GLT,538.757,555.959,542.91,540.999,558.425
GKOS,190.116,673.272,641.299,662.424,661.563
GNL,1615.379,1697.631,1635.271,1594.511,1562.497
GPN,27774.634,27855.747,27320.811,27425.859,27745.657
GL,7312.531,7294.307,6520.282,7848.369,8224.908
GMED,1338.795,1402.452,1363.366,1336.915,1417.204
GLUU,186.33,203.087,210.54,364.974,390.371
GMS,696.039,707.326,633.981,681.871,
GGG,983.796,1024.931,1018.658,1026.968,1165.937
GHC,3052.01,3319.239,3206.055,3206.668,3239.813
LOPE,1381.83,1443.433,1448.008,1489.387,1520.983
GVA,1220.706,#N/A,#N/A,#N/A,#N/A
GPMT,1024.24,1020.136,962.059,965.336,935.462
GWB,1900.249,1920.669,1153.464,1160.644,1162.933
GDOT,927.184,927.356,988.005,1004.225,1008.873
GPRE,792.954,751.905,766.02,741.779,685.626
GHL,28.35,44.675,10.075,13.468,13.42
GEF,1133.1,1163.8,1083.2,1141.3,
GFF,477.763,494.693,476.454,508.455,700.151
GO,730.878,745.384,784.628,833.401,888.826
GPI,1186.3,1255.7,1174.6,1215.9,1356.9
GRUB,1500.711,1493.57,1477.857,1454.552,1466.025
GES,567.06,639.714,471.654,438.268,
HRB,-75.747,-318.379,71.041,135.277,
FUL,1222.347,1221.602,1218.374,1313.391,
HAE,583.754,574.58,587.109,608.569,667.923
HAL,9745,8012,6830,5189,5200
HALO,245.353,91.765,58.042,105.577,98.988
HWC,3586.38,3467.685,3421.064,3316.157,3375.644
HBI,1230.242,1236.595,873.571,1079.32,1149.533
HNGR,-14.206,9.504,-16,20.848,32.301
HAFC,574.527,563.267,552.958,547.436,563.203
HOG,1836.219,1803.999,1691.983,1623.705,1769.898
HLIT,241.05,252.446,236.322,230.282,234.457
HSC,705.74,741.58,710.853,715.179,714.292
HAS,1840.907,2995.53,2729.224,2604.007,2773.751
HVT,268.722,260.503,252.447,264.378,267.377
HE,2276.982,2314.553,2310.798,2325.691,2357.524
HA,1066.847,1081.796,924.366,825.933,717.215
HWKN,229.435,232.211,233.484,243.429,254.637
HAYN,296.275,303.626,303.612,295.124,301.501
HCA,-3565,-2808,-2962,-1786,-974
HCI,184.205,185.543,179.256,185.085,199.732
HR,1805.161,1900.009,1859.428,1929.361,1900.375
HCSG,455.299,460.305,438.179,449.687,464.75
HQY,1017.761,1030.295,1040.65,1340.336,
PEAK,5933.134,6085.058,7236.508,7098.673,6840.055
HSTM,333.893,338.168,335.416,339.424,336.265
HTLD,673.135,684.659,684.688,702.615,721.709
HSII,296.635,309.115,311.765,286.203,261.066
HELE,1161.684,1161.723,1221.752,1308.529,
HLX,1679.023,1699.591,1649.065,1654.7,1705.486
HP,4012.223,3975.537,3461.006,3396.057,3318.514
HSIC,2829.528,2998.044,2974.577,2991.087,3155.273
HFWA,804.127,809.311,798.438,793.652,803.129
MLHR,844.6,836.8,643,746.4,
HT,821.371,807.657,756.796,695.336,657.312
HSKA,153.683,154.364,270.638,270.047,274.882
HES,8908,8732,7200,6395,5916
HPE,17098,17189,16210,16155,
HXL,1417.8,1446.1,1421.1,1436.9,1499.4
HIBB,336.159,328.983,304.567,345.679,
HIW,2150.662,2152.397,2332.763,2315.717,2318.324
HI,754.1,1127.1,1009,1036.6,1059
HRC,1573.3,1619,1548.9,1652.4,1726.1
HLT,-208,-482,-914,-1299,-1324
HMSY,834.194,854.865,877.847,890.269,911.939
HNI,560.022,584.044,551.332,552.747,573.269
HFC,6020.208,5978.193,5594.161,5382.582,5336.143
HOLX,2115.7,2250.8,2086.1,2255.1,2705.2
HOMB,2469.389,2511.531,2430.271,2492.146,2540.799
HMST,691.136,679.723,677.314,694.649,696.306
HON,18109,18494,17644,18147,18074
HOPE,2031.284,2036.011,2018.088,2030.776,2040.561
HMN,1578.612,1567.285,1477.62,1639.811,1715.678
HRL,5921.458,6091.764,6162.062,6267.425,
HST,7499,7319,7064,6717,6402
HWM,4696,4607,4783,3449,3501
HPQ,-1193,-1634,-743,-1986,
HUBG,1044.556,1075.279,1088.709,1105.837,1135.011
HUBB,1903.1,1947.1,1914.9,1959.9,2016.8
HPP,3450.767,3426.608,3343.25,3312.653,3231.647
HUM,11601,12037,12355,14416,15768
HBAN,11909,11795,11769,12314,12917
HII,1705,1588,1643,1678,1880
IAA,-186.9,-137.2,-103.6,-67.4,-3.6
ICHR,207.19,221.416,229.52,238.19,254.667
ICUI,1340.335,1377.244,1375.893,1411.797,1452.22
IDA,2464.121,2464.628,2467.378,2495.805,2565.987
IEX,2163.053,2263.229,2229.787,2261.037,2396.529
IDXX,202.418,177.473,107.674,272.963,440.576
INFO,8415.8,8369,8108.4,8592.9,
IIVI,2131.194,2065.697,2017.907,2076.803,3046.677
ITW,2966,3026,2283,2357,2696
ILMN,4439,4613,4635,4563,4700
INCY,2422.527,2598.406,1937.721,2344.604,2390.833
IRT,597.768,613.279,623.653,610.982,603.531
INDB,1682.324,1708.143,1679.656,1671.692,1689.724
IBTX,2298.932,2339.773,2386.285,2424.96,2476.373
ILPT,1005.448,995.69,994.306,988.257,983.744
IR,1790.5,1869.9,8686.2,8574.9,8771.7
NGVT,443.3,530.8,502.1,522.9,617
INGR,2593,2720,2606,2646,2744
IOSP,881.8,918.5,943.8,899.2,925.5
IIPR,449.783,548.01,858.979,969.971,1269.996
INVA,267.055,313.495,379.543,456.907,485.556
INGN,343.146,344.621,347.3,351.114,352.5
NSIT,1102.638,1160.318,1150.569,1207.356,1262.891
NSP,40.988,4.079,-3.31,44.638,40.639
IBP,227.514,250.031,245.797,272.736,304.187
IIIN,246.017,246.18,250.831,257.066,264.803
ITGR,1128.578,1152.488,1164.201,1181.401,1232.997
IART,1384.974,1416.736,1341.803,1349.096,1397.987
INTC,74242,77504,76354,82010,74554
IPAR,457.261,468.004,462.024,465.988,499.46
IBKR,1405,1452,1486,1538,1609
ICE,17161,17255,16939,16953,19021
IDCC,782.106,761.557,752.649,769.419,783.271
TILE,357.378,368.202,238.655,258.196,287.02
IBOC,2067.924,2118.053,2142.511,2141.86,2141.055
IBM,17956,20841,19999,20551,21208
IFF,6055.819,6217.304,5827.85,5987.805,6078.207
IP,7441,7713,6857,7057,7093
INTU,3633,3727,4740,5106,
ISRG,7761.4,8263.8,8506.7,8740.5,9257.8
IVC,315.479,308.516,304.512,302.146,330.489
IVZ,13573.2,13862.5,13499.3,13602,13934
IVR,2911.032,2931.899,1410.381,1157.792,1211.14
IRET,564.141,635.613,600.749,628.777,648.693
IPGP,2380.111,2401.726,2355.069,2436.352,2470.213
IQV,6131,6003,5542,5591,5846
IRDM,1559.258,1459.282,1413.793,1409.16,1415.463
IRBT,622.885,652.069,616.539,682.062,781.914
IRM,1510.83,1463.962,1123.675,1024.3,937.359
STAR,1104.116,1040.422,968.118,921.932,900.76
ITRI,737.289,776.538,770.74,777.799,771.896
ITT,1997.6,2074.9,2012.4,2051.8,2020.9
JJSF,833.751,842.52,833.068,810.6,809.498
JBHT,2193.529,2267.029,2282.418,2390.843,2487.424
JCOM,1084.368,1311.192,1241.081,1263.168,1176.337
JBL,1835.686,1746.831,1632.302,1811.384,
JKHY,1476.66,1486.746,1513.863,1549.688,1543.75
JACK,-737.584,-841.153,-876.926,-826.957,-793.361
J,5714.691,6004.425,5561.783,5835.813,5815.712
JRVR,768.969,778.581,720.317,795.711,821.406
JHG,4722.1,4886.5,4375,4410.8,4515.5
JAZZ,3054.405,3110.981,2808.5,3141.805,3377.201
JBGS,3413.905,3386.476,3490.951,3440.495,3369.759
JEF,9704.705,9473.955,9451.554,9535.665,
JBLU,4764,4799,4366,4094,3717
JBSS,234.05,228.916,243.268,238.238,223.299
JBT,523.7,569.5,570.7,596.6,611.4
JW.A,1178.996,1197.235,933.624,973.745,
JNJ,58210,59471,61294,62978,64473
JCI,19766,19329,18084,17805,17447
JLL,4784.3,5118.1,4947,5026.2,5203.7
JPM,264348,261330,261262,264466,271113
JNPR,4642.4,4610.6,4390.7,4464.3,4560.8
KALU,751.4,733.9,721.1,718.8,719.3
KAMN,788.944,823.202,797.229,803.396,770.678
KSU,4874.5,4422.5,4438.1,4420.5,4468.1
KAR,1635.8,1650.2,1571.8,2082.7,2147
KBH,2383.122,2443.104,2490.354,2565.308,
KBR,1797,1843,1630,1615,1688
K,2727,2747,2674,2870,3044
KELY.A,#N/A,,,,
KMPR,3894.2,3972.3,3760.8,4187.9,4347.5
KMT,1298.566,1306.168,1260.623,1229.885,1225.386
KEY,17116,17038,17411,17542,17722
KEYS,3004,3127,3085,3354,
KRC,4264.649,4293.51,4992.15,4972.291,4968.142
KMB,-141,-33,-167,268,335
KIM,4901.881,4864.892,4809.591,5556.511,5474.958
KMI,33633,33742,33106,31753,31559
KNSL,390.036,405.88,401.334,456.114,534.131
KEX,3371.521,3368.623,3022.709,3048.88,3075.263
KRG,1302.167,1289.038,1252.831,1248.215,1242.067
KREF,1124.071,1123.712,1032.306,1032.503,1041.058
KLAC,2661.163,2669.764,2307.433,2665.424,2747.184
KNX,5603.118,5666.215,5688.059,5763.46,5879.02
KN,1257.3,1288.5,1253.8,1243.8,1264.6
KSS,5355,5450,4790,4837,
KTB,55.571,69.257,-18.485,-44.889,26.028
KOP,100.4,147.3,99.1,175.9,281.4
KFY,1255.931,1275.1,1221.381,1215.658,
KRA,782.27,751.443,1026.487,1023.41,620.386
KLIC,769.063,775.653,762.398,749.644,757.994
LB,-1242,-1499,-1861,-1908,
LHX,22773,22740,21898,22102,21313
LH,7231.1,7567,7020.1,7352.7,8239.1
LRCX,4936.393,4379.429,4537.607,5172.494,5419.185
LAMR,1167.821,1180.306,1137.784,1123.371,1139.053
LW,201.1,270.4,240,332,
LANC,749.665,772.758,773.284,783.3,801.106
LSTR,755.975,721.469,627.095,649.121,705.634
LCI,318.104,325.172,310.538,302.896,299.315
LNTH,101.166,114.601,118.398,515.583,513.579
LPI,1079.252,841.874,1079.67,376.02,141.512
LVS,5359,5187,4489,3720,3199
LZB,695.199,713.897,700.753,707.574,
LCII,777.381,800.672,807.803,816.63,875.562
LEA,4203.8,4349.7,4023.5,3867.7,4132.8
LEG,1255.2,1312,1238.2,1214.2,1299.5
LDOS,3246,3413,3355,3538,3706
LMAT,142.316,148.141,148.835,152.629,160.983
TREE,389.264,402.326,423.557,405.977,361.009
LEN,15949.517,16044.599,16542.703,17172.103,
LII,-277.3,-170.2,-318.3,-228.9,-115.7
LXP,1571.737,1705.107,1683.195,1872.771,1893.36
LGIH,777.047,845.193,859.605,918.782,1012.67
LHCG,1389.036,1413.323,1430.236,1477.245,1494.648
LSI,2135.318,2132.894,2147.719,2132.681,2249.888
LGND,850.581,767.232,661.896,695.003,697.824
LECO,812.924,818.172,667.103,659.254,709.825
LNC,19999,19689,16575,20731,21549
LIN,48953,49074,44776,45537,46175
LNN,273,277.327,282.958,298.518,
LQDT,116.175,112.437,108.112,110.238,#N/A
LAD,1359.2,1467.7,1456.5,1532.2,1694.4
LFUS,1472.081,1495.883,1476.817,1462.303,1529.431
LIVN,1495.282,1383.717,1392.708,1333.186,1350.792
LYV,1287.273,1145.82,859.354,341.925,-99.43
LTHM,541.9,544,540.8,571.2,566.6
LPSN,163.062,148.535,146.386,143.314,123.695
RAMP,1186.358,1142.541,1087.512,1058.289,1050.862
LKQ,4817.767,5008.876,4957.835,5118.506,5388.188
LMT,3893,3127,3446,3751,4953
L,19420,19119,16966,17204,17372
LPX,1213,991,984,1000,1142
LOW,2458,1972,1716,4356,
LTC,785.434,776.943,797.629,778.894,770.417
LL,143.532,161.25,173.334,176.96,193.986
LUMN,13674,13470,13291,13462,13689
LITE,1561.3,1681.6,1734.2,1749.2,1816.1
LMNX,459.907,464.86,462.506,504.261,516.097
LDL,381.671,318.42,253.577,253.262,248.313
LYB,7888,8044,7324,7358,7306
MTB,15779.811,15716.649,15815.794,15945.105,16101.013
MDC,1701.801,1782.485,1811.077,1873.185,1987.999
MHO,954.641,1003.477,1037.681,1094.405,1174.74
CLI,1569.261,1493.699,1434.143,1399.033,1336.12
M,6057,6377,2697,2324,
MGLN,1362.472,1397.783,1431.603,1542.969,1579.152
MANH,151.65,142.278,125.869,152.778,187.977
MAN,2698.1,2743,2620.2,2526,2588.7
MANT,1454.956,1490.642,1510.349,1533.089,1553.716
MRO,12271,12153,11958,11175,10892
MPC,33738,33694,24088,23741,22453
MMI,472.104,494.911,509.296,512.913,521.034
HZO,368.819,380.747,387.077,425.025,455.397
MKTX,694.623,770.091,797.883,853.484,897.539
MAR,838,703,-20,-79,229
VAC,3112,3019,2759,2699,2658
MMC,7620,7793,7295,8226,8591
MRTN,582.857,597.589,609.38,629.398,644.708
MLM,5301.972,5350.8,5296.9,5491.1,5756.4
MAS,-143,-235,-348,-136,141
MASI,1108.359,1167.874,1253.278,1344.545,1414.804
MTZ,1674.601,1787.22,1685.51,1746.711,1873.345
MA,4949,5893,5398,6470,5796
MTDR,1795.307,1833.654,1991.349,1643.832,1371.933
MTRN,597.796,610.677,596.478,604.94,611.781
MTRX,357.427,322.795,311.426,307.889,306.02
MATX,797.7,805.7,800.2,815.5,891.8
MAT,453.658,491.714,157.883,86.148,404.507
MATW,718.106,714.42,590.147,601.107,610.807
MXIM,1781.286,1726.509,1619.943,1657.457,1711.019
MMS,1247.792,1299.005,1138.468,1194.947,1241.819
MXL,413.351,414.92,408.157,401.975,396.808
MKC,3444.2,3561.9,3649.9,3932.7,
MCD,-8599.2,-8210.3,-9293.4,-9463.1,-8472.1
MCK,6482,6174,5092,5446,5890
MDU,2795.606,2847.246,2836.592,2897.687,3012.765
MPW,5973.54,7028.047,6982.403,7067.171,7207.641
MED,111.2,104.832,110.749,116.736,140.014
MD,1479.36,1498.996,1487.396,826.57,804.761
MEDP,692.007,726.283,717.799,738.069,791.629
MDT,50578,51808,50737,50296,
MERC,591.387,550.403,462.768,494.26,550.707
MRK,26838,25907,26205,27642,29186
MCY,1802.544,1799.502,1623.444,1816.815,1900.832
MRCY,1295.278,1317.056,1349.433,1384.784,1407.892
MDP,1473.3,1479.5,1145.9,388.2,448.5
VIVO,190.967,197.292,204.533,233.335,247.629
MMSI,949.241,949.944,939.798,928.847,933.837
MTH,1873.566,1973.99,1990.766,2084.601,2199.849
MTOR,385,352,392,371,462
MLAB,229.157,234.171,220.013,382.234,392.412
CASH,839.911,832.763,801.312,826.122,843.705
MEI,732.6,772.9,783.4,813.8,
MET,68368,66144,70221,75693,73316
MTD,438.301,420.78,306.397,450.093,443.067
MTG,4159.617,4309.234,4241.828,4383.355,4513.622
MGM,6060.552,7727.265,8173.914,7374.789,6861.104
MGPI,219.42,231.044,235.565,242.697,252.001
MCHP,5361.3,5616.6,5585.5,5501.3,5443.7
MU,36500,37023,37820,38996,
MSFT,106061,110109,114501,118304,123392
MSTR,515.419,508.559,461.426,458.46,389.292
MAA,6016.452,6068.565,5997.419,5954.834,5904.072
MTX,1402.7,1402.7,1379.8,1406.5,1438.1
MKSI,1973.531,2023.344,2052.5,2126.6,2226.8
MHK,7758.768,8119.841,7841.368,7918.812,8160.657
MOH,1831,1960,1647,1996,2201
TAP,13162.4,13419.4,12686.6,13002.9,13512.7
MCRI,332.693,341.201,344.094,340.422,353.53
MDLZ,26806,27275,25674,26018,26943
MPWR,734.428,773.491,813.19,848.945,914.569
MNRO,733.576,746.592,734.44,730.72,736.367
MNST,4107.978,4171.281,3870.946,4221.54,4629.321
MCO,472.6,612,582,1041,1497
MOG.A,1322.481,1336.691,1245.678,1245.761,1243.083
MS,82382,81549,85860,86645,88394
MPAA,281.345,284.326,275.52,272.101,287.995
MSI,-1101,-700,-948,-830,-756
MOV,520.681,526.537,369.799,373.671,
COOP,1766,2232,2070,2149,2340
MSA,702.067,725.8,712.596,741.51,772.465
MSM,1510.863,1257.299,1294.903,1314.945,
MSCI,-147.856,-76.714,-354.331,-310.932,-386.586
MTSC,484.059,488.748,481.678,488.856,#N/A
MLI,607.648,643.468,645.687,670.681,717.621
MUR,5676.65,5467.46,4886.149,4568.545,4343.436
MUSA,779,803,746.8,918,895.7
MYE,163.82,166.682,176.223,181.695,187.598
MYRG,350.568,364.471,374.982,389.446,408.6
MYGN,1074.5,1077.2,967.2,918.2,909.3
NBR,2251.705,1982.811,1555.921,1413.147,1255.648
NDAQ,5327,5639,5396,5754,6011
NBHC,753.326,766.92,763.454,776.967,799.357
FIZZ,399.513,422.202,452.337,508.94,
NFG,2139.025,2182.14,2079.959,2225.857,1971.986
NATI,1162.161,1176.35,1280.117,1269.639,1239.198
NOV,8057,7778,5486,5460,5465
NPK,355.891,367.957,334.69,347.695,360.047
NNN,4626.497,4331.675,4300.93,4310.795,4287.205
NSA,915.702,919.63,923.482,917.569,915.229
NTUS,406.158,416.123,398.153,395.473,395.467
NAVI,3240,3336,2035,2115,2254
NBTB,1098.601,1120.397,1112.179,1142.652,1166.111
NCR,1115,1499,1419,1522,1603
NP,405.5,406.3,409.8,358,367
NKTR,1488.711,1405.391,1296.426,1256.24,1170.981
NEOG,690.917,711.871,725.177,751.546,
NEO,497.007,507.408,505.043,654.229,666.363
NTAP,536,282,242,284,
NFLX,6861.505,7582.157,8409.294,9334.753,10333.323
NTGR,622.138,608.693,597.791,606.146,646.267
NTCT,1940.264,1962.807,1937.919,1929.817,1939.32
NJR,1551.717,1827.803,1889.107,1838.927,1844.692
NYCB,5689.327,6711.694,6637.385,6693.013,6734.73
NYMT,1847.508,2205.733,2001.339,2164.705,2253.383
NWL,4137.6,4963.3,3454,3492,3726
NEU,629.338,683.098,639.249,635.285,723.526
NEM,21430,21420,21806,22004,22661
NWSA,8714,8958,7832,7582,7639
NWS,8714,8958,7832,7582,7639
NXRT,419.811,426.241,392.171,354.415,390.914
NEE,36592,37005,36403,37073,37287
NXGN,391.128,399.756,400.494,403.642,419.591
EGOV,239.911,245.928,249.044,258.429,279.342
NLSN,2155,2195,2044,2021,2032
NKE,9351,9045,8055,9224,
NI,5848.5,5986.7,5741.4,5661.8,5424.9
NMIH,873.487,930.42,974.89,1257.037,1307.556
NDSN,1581.045,1634.274,1652.494,1769.912,
JWN,851,979,397,174,
NSC,15238,15184,14884,14861,14941
NTRS,10811.3,11091,10879.7,11382.2,11579.1
NFBK,689.94,715.593,702.316,712.576,757.398
NOC,9731,8819,9062,9712,10467
NWBI,1351.77,1353.285,1341.792,1530.849,1547.231
NWN,844.669,865.999,901.741,884.001,852.775
NWE,2004.524,2039.094,2060.476,2053.556,2054.55
NLOK,6112,8677,10,-503,-476
NCLH,6273.424,6515.579,4374.654,4337.025,4087.766
DNOW,1267,1144,768,747,731
NRG,-1571,1658,1536,1750,1934
NUS,845.8,875.289,800.498,792.012,827.473
NUE,10449.047,10357.866,10168.204,10194.82,10302.414
NUVA,876.614,915.207,886.199,894.89,909.702
NVT,2566.5,2592.5,2576.6,2578.2,2413.4
NVDA,11214,12204,13099,13914,
NVR,2371.457,2341.244,2416.919,2612.412,2918.993
OXY,36080,34232,31295,23346,19860
OII,1297.016,1069.346,630.596,619.346,553.356
OPI,1666.613,1705.754,1690.374,1666.43,1636.672
OFG,1049.076,1045.478,1022.594,1041.284,1064.322
OGE,4186.2,4139.5,3552.7,3564.2,3660.7
OI,335,467,-17,-49,167
OIS,1386.344,1223.967,802.632,778.869,764.338
ODFL,2909.528,3080.717,3016.049,2982.468,3170.833
ONB,2832.53,2852.453,2823.435,2864.255,2921.149
ORI,5793.9,6000.1,5142.9,5858.9,6074.5
OLN,2664.7,2417.5,2289.1,2188.9,1469.1
OLLI,1006.939,1058.885,1094.179,1218.053,
ZEUS,308.648,308.352,306.392,299.938,298.835
OHI,3881.985,4135.428,4021.575,3970.233,3744.56
OMCL,807.533,845.254,878.5,887.461,918.399
OMC,2464.1,2853.9,2447.6,2413,2638.8
OGS,2101.881,2129.39,2189.012,2191.987,2200.017
OKE,6218.906,6225.951,5560.641,6240.652,6146.112
OSPN,254.075,264.021,260.639,257.207,259.216
ONTO,335.772,1264.026,1225.805,1221.209,1237.683
ORCL,15563,14235,12074,9491,
OSUR,301.365,307.145,290.152,381.757,387.892
ORLY,166.219,397.34,108.844,589.1,709.225
OFIX,306.434,327.631,355.369,345.045,354.896
OSK,2599.8,2681.1,2689,2768.9,2850.7
OSIS,541.564,557.716,552.276,572.152,557.54
OTIS,#N/A,#N/A,-4821,-4242,-4024
OMI,491.278,462.154,416.338,395.162,451.335
OC,4483,4631,3487,3624,3852
OXM,516.816,528.598,438.695,431.55,
PCAR,9962.7,9706.1,9637.4,9776.8,10184.4
PPBI,1988.998,2012.594,2002.917,2654.647,2688.085
PCRX,346.162,354.944,374.037,388.148,584.69
PKG,3034.7,3071,3149.9,3133.1,3205.4
PACW,4920.108,4954.697,3390.389,3452.898,3486.231
PLMR,208.462,218.556,260.82,375.243,361.895
PZZA,-341.729,-332.321,-342.309,-307.572,-288.26
PARR,579.51,648.242,430.388,392.476,379.94
PKE,161.163,141.675,140.197,138.96,
PK,6497,6496,5630,5375,5104
PRK,956.14,969.014,981.877,1001.594,1016.996
PH,6096.616,6330.175,6295.99,6113.983,6528.964
PATK,479.938,497.481,495.376,493.268,525.829
PDCO,1455.831,1469.43,834.117,852.616,
PTEN,2942.986,2833.62,2378.893,2228.873,2119.563
PAYX,2569.4,2759.8,2781.4,2778.6,
PAYC,474.898,526.628,599.788,585.853,632.399
PCTY,309.459,331.564,374.375,392.908,386.82
PYPL,16483,16885,15967,17640,18483
PBF,3007.7,3039.6,1948.3,2344.8,1935.4
CNXN,583.144,597.312,602.562,611.213,628.277
PDCE,2359.755,2335.507,2859.964,2644.009,2618.399
PDFS,194.987,196.157,198.469,197.705,264.777
PEB,3645.735,3621.208,3606.307,3467.708,3352.783
PENN,1939.8,1852.7,1278.4,1506.2,2633.7
PVAC,516.658,520.745,684.319,590.539,347.732
PMT,2219.611,2450.915,1823.368,2235.277,2281.266
PNR,1868.8,1953.9,1892.5,1949.7,2049.8
PEN,467.332,485.892,488.933,624.794,622.406
PBCT,7130.7,7947.2,7725.5,7763,7831.5
PEP,14786,13465,12491,13483,
PRDO,401.944,431.295,445.143,478.684,521.671
PRFT,369.248,381.015,393.524,410.053,386.425
PKI,2706.797,2813.824,2759.746,2967.463,3231.681
PRGO,5758.8,5803.8,5786.4,5910.4,5820.3
PRSP,2163,2206,1357,1348,1369
PETS,125.591,127.71,130.01,132.871,136.409
PFE,65103,63142,65026,64336,65259
PGTI,425.632,431.548,445.081,451.01,471.354
PAHC,206.694,217.415,195.345,188.204,192.412
PM,-11010,-11577,-12944,-11997,-12092
PSX,24857,24910,21372,20715,19722
PLAB,769.892,770.676,769.191,790.242,
DOC,2382.284,2408.948,2602.289,2670.971,2643.076
PPC,2319.862,2525.663,2465.913,2364.185,2420.853
PNFP,4294.63,4355.748,4385.128,4695.647,4787.308
PNW,5552.666,5430.648,5469.418,5489.562,5841.386
PXD,11856,12119,12211,11740,11654
PIPR,696.741,731.283,729.559,745.956,769.494
PBI,25.412,286.096,29.43,44.58,79.125
PLT,659.107,588.077,-82.816,-149.711,-145.005
PLXS,865.576,908.372,892.558,944.821,977.48
PNM,1682.442,1690.227,1638.751,1708.029,1784.845
PII,1013.043,1107.999,1001.6,753,947.5
POOL,405.97,410.18,348.398,486.791,589.501
POST,2925.9,3357.8,2907.1,2916.3,2854.5
PCH,1235.729,1226.831,1149.614,1125.476,1196.077
POWL,299.153,301.673,300.131,303.571,#N/A
POWI,565.328,724.546,743.83,759.472,779.797
PPG,5247,5284,4723,4832,5310
PPL,11902,12991,13241,13044,13686
PRAA,1094.419,1169.388,1073.625,1162.989,1239.104
PRAH,946.743,1089.991,1107.417,1167.4,1325.266
PFBC,459.08,470.015,473.785,488.729,503.867
PBH,1112.79,1156.494,1170.971,1227.014,1278.217
PSMT,816.829,817.893,818.666,831.719,
PRI,1607.811,1652.491,1530.114,1642.68,1720.446
PFG,14804.2,14618,12907.5,15243.1,15650.9
PRA,1589.458,1511.913,1427.509,1474.39,1329.893
PRG,1867.655,1737.259,1446.614,1521.199,1638.682
PRGS,330.282,327.957,339.961,368.166,
PLD,22517.21,22653.127,32259.442,32242.928,32097.175
PUMP,944.1,969.305,961.516,938.429,911.767
PB,4126.806,5970.835,5855.574,5948.122,6034.877
PRLB,564.097,585.79,587.74,601.249,625.821
PFS,1397.833,1413.84,1412.589,1410.407,1601.569
PRU,65798,63115,60447,65897,66217
PSB,1759.559,1745.676,1755.854,1753.677,1757.482
PTC,1201.998,1247.817,1274.081,1327.567,1438.248
PEG,14925,15089,15249,15491,15836
PSA,8774.135,9062.911,9013.078,8992.691,8434.127
PHM,5181.592,5458.18,5530.391,5851.668,6240.015
PVH,5985.1,5811.5,4513.4,4583.5,
QEP,2770,2660.6,3026,2844.9,2798.6
QRVO,4265.494,4339.377,4292.665,4351.245,4407.166
KWR,1202.018,1240.762,1162.123,1166.909,1225.944
QCOM,4909,4513,3045,3306,6077
QLYS,361.023,386.803,386.73,407.774,400.299
NX,330.187,329.933,323.957,339.938,
PWR,3907.406,4050.292,3790.492,3914.429,4151.95
DGX,5605,5641,5657,5831,6400
QDEL,534.163,559.82,605.199,611.709,849.247
QNST,228.091,233.871,249.207,255.944,273.288
RCM,238.6,247.2,266,286.2,308.2
RDNT,134.663,151.685,123.375,147.808,157.205
RL,2913.6,3116.5,2693.1,2555.5,2544.1
RMBS,961.283,970.918,965.698,965.19,958.246
RRC,4158.192,2347.488,2474.588,2335.816,1662.504
RAVN,316.178,314.646,312.424,317.551,
RJF,6581,6842,6798,6965,7114
RYAM,639.008,682.798,639.618,648.726,700.144
RYN,1425.064,1439.981,1313.393,1457.241,1429.219
RTX,40468,41774,39411,67225,68379
RMAX,494.618,497.886,499.9,502.278,514.093
RC,719.747,825.412,757.928,794.596,805.27
RLGY,2179,2092,1631,1621,1729
O,9293.419,9774.456,10388.015,10344.449,10470.527
RRGB,367.791,360.52,184.369,158.091,153.194
RWT,1785.059,1827.231,725.202,936.576,1053.464
RBC,2301.3,2351.1,2270.6,2319.1,2421.9
REG,6262.739,6213.348,6199.422,6121.983,6039.594
REGN,10504.4,11089.7,12133,9057.4,10125.5
RGNX,468.395,450.197,420.152,397.861,415.66
RF,16581,16295,17332,17602,17904
RGS,283.739,275.061,197.536,124.703,89.541
RGA,11523.734,11601,9301,12553,13214
RS,5073.4,5206.6,4892.2,4953.9,5039.8
RNR,5951.235,5971.367,5683.526,7347.172,7390.821
RNST,2119.659,2125.689,2070.512,2082.946,2104.3
REGI,637.618,1131.906,1190.923,1170.493,1184.238
RCII,431.74,458.963,476.023,486.576,542.337
RGEN,1045.118,1059.768,1069.758,1100.027,1124.87
RSG,7976.5,8118.2,8117.2,8227.1,8370.1
REZI,1573,1602,1521,1495,1605
RMD,2117.251,2258.106,2256.431,2497.027,2678.86
RGP,300.265,302.802,303.661,309.928,
ROIC,1170.574,1179.348,1150.384,1172.466,1185.559
RPAI,1644.338,1632.477,1594.243,1590.367,1582.77
REX,396.565,401.007,389.488,386.354,
REXR,2422.074,2556.177,2612.97,2893.658,2895.967
RH,-63.22,18.651,19.132,128.491,
RLI,999.62,995.388,915.705,1051.458,1099.34
RHI,1111.83,1143.683,1129.925,1156.706,1194.029
ROK,404.2,717,620.8,770.5,1027.8
ROG,914.634,933.9,937.809,962.582,987.024
ROL,806.897,815.75,800.371,862.83,932.716
ROP,8571.3,9491.9,9591.3,9879.7,10160.9
ROST,3276.779,3359.249,2817.392,2867.199,
RCL,11976.907,12163.846,10231.775,8963.905,8328.594
RGLD,2190.329,2216.309,2240.236,2272.217,2350.063
RES,855.175,830.333,671.235,648.653,637.555
RPM,1400.692,1350.512,1262.445,1449.594,
RPT,770.85,828.24,792.634,787.353,786.357
RUTH,86.711,94.145,74.081,107.628,104.538
R,2476.987,2476.31,2242.736,2159.092,2150.558
SPGI,346,479,-250,210,442
STBA,982.447,1191.998,1176.251,1135.777,1142.115
SBRA,3282.417,3488.46,3395.213,3361.251,3364.34
SABR,948.188,939.081,673.34,316.722,631.999
SAFE,843.768,1091.812,1229.61,1236.606,1247.187
SAFT,792.077,808.406,762.109,816.978,837.851
SAIA,792.371,815.226,843.387,875.09,918.466
SAIL,421.141,434.127,432.704,447.771,456.84
CRM,33279,33885,34565,38440,
SBH,-60.323,2.199,-53.195,-69.133,15.443
SAFM,1417.675,1369.372,1371.442,1399.288,
SANM,1642.573,1679.385,1617.749,1653.482,1629.916
BFS,475.949,374.981,378.12,372.108,367.018
SBAC,-3560.374,-3667.007,-4317.23,-4304.992,-4486.398
SCSC,905.751,927.58,897.678,678.246,671.227
SLB,23913,23760,15561,12040,11941
SCHL,1260,1197.9,1179.2,1146,
SWM,574.8,597.7,592,607.4,628.5
SAIC,1380,1417,1395,1437,
SGMS,-2223,-2212,-2466,-2593,-2662
SBCF,962.678,985.639,991.787,1030.603,1098.341
CKH,811.865,811.726,812.225,821.699,827.575
STX,1770,1830,1792,1787,1821
SEE,-304.1,-196.2,-181.9,-70.1,24.5
SEIC,1703.307,1738.778,1734.266,1708.625,1729.433
SEM,754.718,770.972,808.638,992.883,1038.586
SIGI,2137.376,2194.936,2096.456,2298.675,2393.613
SRE,18640,19949,20137,23626,23248
SMTC,688.721,676.954,661.474,677.493,
SENE.A,#N/A,,,,
SXT,896.673,881.589,842.658,860.716,896.785
SCI,1775.493,1823.313,1751.093,1754.281,1743.072
SVC,2608.986,2505.878,2382.266,2345.721,2242.084
NOW,1429.473,2127.941,2266.095,2478.806,2673.716
SFBS,810.035,842.18,881.383,914.086,949.089
SHAK,290.616,298.817,300.418,421.578,417.692
SHEN,475.854,469.422,480.65,511.457,548.182
SCVL,300.748,297.363,279.458,288.987,
SSTK,316.253,328.145,327.727,343.5,390.24
SBNY,4741.856,4769.823,4763.961,4811.928,4983.199
SIG,1667.2,1839.6,1601.2,1542,
SLGN,968.53,1023.322,1020.575,1089.694,1218.863
SLAB,1083.754,1115.051,1099.603,1157.646,1170.051
SFNC,2547.071,2988.924,2845.4,2904.703,2942.241
SPG,2672.529,2526.398,2181.599,2029.34,1752.851
SSD,876.947,891.957,841.594,894.212,960.8
SLP,39.186177,40.862126,46.586888,156.035945,
SITC,2004.426,1978.414,1964.397,1956.513,1956.471
SIX,-635.187,-716.118,-852.864,-970.782,-1076.705
SKX,2174.502,2314.665,2347.722,2224.715,2402.402
SKYW,2116.26,2175.014,2163.438,2142.962,2185.1
SWKS,4122.3,4267.3,4142.8,4182.4,4164.2
SLG,5978.433,5724.6,5529.485,5345.42,5258.281
SNBR,-164.487,-159.431,-155.909,-163.018,-102.827
SLM,3183.132,3311.836,2120.583,2016.919,2200.446
SM,2843.75,2748.994,2341.717,2280.832,2185.108
SGH,271.784,307.051,264.519,282.104,
SNA,3303.8,3409.1,3331.3,3486.7,3619
SEDG,732.012,811.67,866.418,924.801,1032.037
SAH,902.425,944.764,721.987,744.702,774.102
SON,1841.676,1802.682,1744.264,1797.338,1871.145
SJI,1416.787,1423.785,1497.283,1666.329,1627.717
SBSI,810.453,804.58,795.8,817.605,839.148
LUV,9931,9832,9075,10878,9769
SWX,2423.71,2505.914,2547.895,2611.295,2619.238
SWN,3135,3246,1701,823,384
SPTN,689.296,687.538,685.692,709.251,723.451
SPPI,234.719,190.393,153.768,130.597,168.36
SR,2543,2586,2665.6,2558.4,2522.3
SRC,3332.78,3413.249,3349.408,3283.808,3332.181
SPOK,260.797,250.094,242.78,245.681,248.022
SFM,559.921,581.952,670.722,743.277,807.946
SPSC,345.068,354.876,355.188,373.31,394.94
SPXC,461.3,502.4,515.1,552.1,583.1
FLOW,987.7,882.7,809.1,990.1,1011.8
STMP,622.246,665.625,680.308,765.27,908.639
SMP,494.052,504.228,496.613,510.656,544.904
SXI,472.921,489.604,466.804,461.632,476.568
SWK,8262.3,9136.3,8953.4,9959.5,10372.9
SBUX,-6232.2,-6759.9,-7530.1,-8621.6,-7805.1
STT,25209,24431,23861,24873,25558
STLD,4056.641,4075.834,4113.526,4145.25,4201.183
SCL,854.209,891.783,866.778,897.429,938.193
SRCL,2473.7,2330.9,2276.2,2291.6,2333.6
STE,3228.668,3382.68,3393.876,3474.664,3647.145
STL,4520.967,4530.113,4422.424,4484.187,4557.785
SHOO,838.738,828.501,761.207,755.084,756.12
STC,753.599,747.306,731.751,781.105,943.881
SF,3501.715,3614.791,3470.326,3884.06,4030.687
SNEX,594.2,614.9,648.6,688.8,#N/A
STOR,4309.091,4485.385,4598.709,4730.126,4908.724
STRA,1444.659,1462.71,1459.147,1484.55,1705.058
SYK,12315,12807,13115,12754,12986
RGR,277.632,285.458,297.819,311.547,241.282
INN,1181.355,1173.778,1118.202,1065.249,1031.341
SXC,520.6,491.6,484.2,486.4,478.9
RUN,926.829,964.731,872.473,888.167,1033.545
SUPN,557.257,595.428,613.383,665.974,708.879
SRDX,122.516,123.326,124.966,130.583,131.055
SIVB,5890.68,6470.307,7034.749,7319.373,7792.935
SYKE,838.151,874.475,843.604,862.785,853.778
SYNA,654.8,691.3,712.9,819.1,838.7
SYF,15120,15088,11970,11899,12099
SYNH,2867.516,3029.654,2977.922,2999.684,3096.478
SNX,3788.45,3855.688,3834.381,4093.582,
SNPS,4083.013,4148.827,4275.086,4595.925,
SNV,4868.838,4941.69,5065.205,5052.968,5064.542
SYY,2454.748,2527.526,2028.89,1158.613,1300.011
TROW,6839.8,7102.1,6434,6750.7,7128.5
TRHC,184.766,185.548,179.401,173.423,164.706
TCMD,103.967,112.595,113.04,103.385,109.119
TTWO,2181.763,2402.035,2539.244,2651.028,2901.282
TALO,1074.824,1078.277,1394.897,1294.553,1282.276
SKT,472.944,433.206,330.233,313.511,332.036
TPR,3086.9,3322.4,2553.1,2276.4,2530.1
TGT,11545,11833,11169,12578,
TCO,56.93,-10.223,-56.676,-81.015,-96.746
TMHC,2480.202,2537.706,3288.916,3299.48,3419.332
TCF,5670.104,5707.015,5625.684,5635.255,5637.044
TEL,10570,10557,9066,9036,9383
TISI,439.659,436.67,227.429,218.936,213.5
FTI,10078.9,7659.3,4056.4,4141.1,4189.1
TTGT,147.771,152.951,145.375,153.546,162.256
TGNA,1521.696,1590.377,1658.256,1675.307,1799.536
TDY,2571,2714.7,2753,2879.9,3026
TFX,2852.976,2979.32,3073.024,3097.402,3236.203
TDS,4646,4653,4720,4738,4804
TPX,335.5,359.5,199,240.2,446.3
THC,-341,-371,-358,-257,-374
TNC,338.3,359.9,357.3,371.7,393.9
TDC,328,262,349,346,384
TER,1482.635,1480.158,1550.673,1744.551,1993.544
TEX,866.3,932.3,786.2,800.4,852.7
TTEK,989.286,1026.591,950.108,992.894,1037.319
TCBI,2757.433,2832.258,2803.533,2734.755,2800.404
TXN,8985,8907,7734,7644,8325
TXRH,893.975,915.994,896.292,868.021,902.916
TXT,5452,5518,5534,5527,5741
AAN,#N/A,,,,
AES,4026,3884,3412,3337,2871
ALL,26140,25998,24173,26986,27263
ANDE,962.458,973.61,912.257,939.388,939.199
BK,41120,38845,41145,43697,44917
BA,-4116,-8617,-9665,-11667,-11821
SAM,718.98,735.636,758.236,827.483,918.53
BCO,169.2,191.8,66.3,111.3,90
BKE,417.338,389.148,377.949,414.307,
CATO,331.709,316.514,271.652,266.219,
SCHW,21354,21745,26270,30815,31331
CAKE,533.816,571.742,418.971,556.008,532.202
CHEF,322.601,335.933,319.617,387.317,378.008
CC,837,689,655,657,732
PLCE,254.439,235.187,105.035,61.515,
CLX,550,555,695,908,1115
KO,18713,18981,18158,17484,18607
COO,3628.4,3730.7,3627.3,3760.2,
SSP,893.608,897.935,885.32,863.614,923.067
ENSG,686.259,654.197,675.236,715.997,764.755
EL,4530,4574,4329,3935,4452
GPS,3634,3316,2317,2253,
GEO,1007.794,996.83,958.346,945.25,933.283
GS,92012,90265,92379,90029,92650
GT,4835,4351,3510,2833,2860
GBX,1281.808,1286.472,1291.221,1293.043,
HAIN,1470.938,1521.083,1439.048,1443.554,1436.581
THG,3086.8,2916.2,2736.6,3071.7,3155
HIG,16078,16270,15266,17072,17802
HSY,1753.162,1739.222,1671.231,1753.605,2065.854
HD,-1082,-3116,-3490,-414,
IPG,2469,2775.9,2532.5,2450.4,2722.6
SJM,8095.3,8170.4,8190.9,8345.2,
KHC,51673,51623,51009,49040,49218
KR,8915,8602,9356,9820,
MAC,2707.211,2632.262,2533.991,2502.397,2464.328
MCS,622.529,621.435,598.513,572.98,538.968
MIK,-1631.83,-1446.464,-1515.423,-1509.883,
MIDD,1856.031,1946.814,1894.706,1939.517,2031.322
MOS,10100.4,9185.5,8386.2,8493,8532.8
NYT,1095.906,1172.003,1191.714,1229.171,1255.394
ODP,2127,2173,2135,1717,1795
PNTG,71.104,71.111,76.185,82.501,89.339
PNC,49420,49314,49263,52923,53276
PG,46578,45538,45540,46521,48182
PGR,14123.3,13673.2,14351.5,16670.6,18087.2
PRSC,396.889,394.712,405.478,365.757,410.067
SMG,718.7,624.6,789.7,998.5,697.2
SHW,4022.86,4123.3,3289.1,3869.9,4207.3
SO,27804,27796,28016,27961,28580
JOE,512.702,519.521,510.563,527.144,534.912
TKR,1744.8,1868.2,1817.4,1883.6,2028.1
TJX,5542.532,5948.212,4739.218,4660.569,
TTC,859.578,912.05,984.95,1054.032,
TRV,25607,25943,25204,26943,27849
DIS,88877,89757,90407,85866,83583
WEN,649.591,516.359,451.075,483.983,521.535
WU,-19.7,-39.5,-149.7,-73.4,67.1
WMB,13621,13363,12354,12212,12065
TMO,29355,29675,28559,29875,31824
TPRE,1383.58,1414.074,1231.701,1357.304,1427.571
THO,2113.53,2112.842,2086.668,2319.782,
TIF,3129.9,3322.9,3168.9,3195.8,
TMST,599.7,563.1,542.1,527,514.4
TWI,244.231,234.851,179.139,175.373,169.838
TVTY,545.398,226.91,7.624,37.721,2.241
TMUS,27771,28789,28977,62996,64487
TOL,5071.816,4655.551,4564.518,4675.074,
TMP,658.358,661.642,681.153,696.553,712.104
TR,758.329,759.854,751.732,752.608,760.965
BLD,1165.207,1152.889,1179.817,1217.652,1281.594
TSCO,1491.822,1567.123,1353.723,1695.73,1875.866
TT,7237.6,7267.6,5772.6,5936.9,6366.7
TDG,-2894.905,-4303,-4209,-4183,-3972
TG,397.835,376.749,338.59,350.874,289.309
THS,1806,1830.9,1788.1,1803.7,1827.3
TREX,423.55,449.175,451.723,499.661,544.064
TPH,2111.685,2186.53,2115.281,2175.799,2198.088
TRMB,2786.8,3119,3101.3,3211.9,3350
TRN,2110.6,2030.1,2116.4,1891.3,1817.3
TSE,715,668.9,603,458.8,547.6
TRIP,1648,1161,1027,912,908
TBK,633.693,636.59,589.347,656.871,693.842
TGI,-590.824,-532.897,-781.264,-1047.381,-1064.357
TBI,620.665,625.973,415.942,412.761,424.182
TFC,32234,66384,65894,68777,69867
TRUP,132.846,136.76,136.825,141.909,144.298
TRST,526.163,538.257,548.185,553.421,560.528
TRMK,1645.362,1660.702,1652.399,1673.944,1710.041
TTEC,374.721,418.544,388.37,436.024,473.449
TTMI,1247.353,1279.037,1277.2,1445.565,1399.303
TUP,-185,-277,-364,-282.3,-244
TWTR,8415.642,8704.386,8795.627,7658.055,7812.088
TYL,1519.597,1617.058,1712.832,1829.328,1898.145
TSN,14082,14419,14449,14858,15465
USB,53517,51853,51532,51850,52565
USCR,337.8,343.4,342.9,351.8,377.9
USPH,235.485,240.257,241.064,255.254,264.919
SLCA,991.851,705.217,628.495,602.461,591.847
UDR,3246.562,3358.542,3464.115,3397.322,3312.656
UFPI,1215.459,1243.715,1260.712,1324.399,1397.59
UGI,3817.5,3995.4,4080.5,4126.7,4128
ULTA,1847.156,1902.094,1753.959,1770.793,
UCTT,440.964,436.7,445.9,470.5,500.1
UMBF,2563.866,2606.44,2663.441,2777.395,2854.18
UMPQ,4289.516,4313.915,2507.611,2538.339,2610.244
UA,2153.666,2150.087,1550.18,1423.414,1470.346
UAA,2153.666,2150.087,1550.18,1423.414,1470.346
UFI,390.007,395.479,333.829,316.155,320.077
UNF,1676.008,1701.438,1708.1,1741.129,
UNP,18016,18128,15991,16452,17199
UIS,-1167.1,-1265.4,-244.7,-274.3,-237.9
UAL,11301,11531,9418,8517,7003
UBSI,3354.342,3363.833,3343.702,4197.855,4267.441
UCBI,1605.425,1635.692,1640.612,1771.645,1967.255
UFCS,964.168,910.472,833.144,860.667,820.282
UIHC,515.842,503.138,485.456,528.267,453.94
UNFI,1126.556,1102.06,1169.815,1144.745,
UPS,5558,3267,3299,4363,5592
URI,3650,3830,3635,3907,4161
X,4199,4092,3725,3617,3449
UTHR,2715.8,2780.4,2948.5,3093.7,3283.1
UNH,54996,57616,56977,63624,65231
UNIT,-1521.429,-1566.868,-1677.252,-2287.885,-2065.59
UNVR,1745,1732.8,1683.6,1703.2,1751
UVV,1298.659,1309.796,1246.665,1236.244,1239.5
OLED,786.567,811.449,846.697,839.77,879.636
UEIC,261.651,274.399,269.959,286.132,296.555
UHT,184.625,181.734,172.44,166.24,162.394
UHS,5389.215,5504.105,5413.209,5688.647,5962.788
UVE,568.981,493.901,494.288,527.701,474.763
UNM,9631.6,9965,9803.1,10561.4,10892.2
UE,988.049,967.816,957.425,987.111,984.009
URBN,1429.853,1455.355,1298.108,1350.593,
UBA,579.724,573.944,570.789,572.78,
ECOL,385.967,1011.38,676.323,672.947,683.789
USNA,314.286,351.712,317.608,349.076,389.117
VFC,4647.619,4567.59,3357.334,2912.598,2945.238
VLO,21107,21803,18842,19847,19223
VLY,3558.075,4384.188,4420.998,4474.488,4533.763
VMI,1086.691,1111.484,1087.411,1126.835,1162.439
VVV,-258,-196,-237,-188,-76
VNDA,400.907,410.945,416.386,431.584,440.572
VREX,444.9,447.9,451.1,467.1,451.7
VAR,1768.3,1847.3,1860.8,1933.5,2075.5
VGR,-629.161,-685.464,-718.999,-669.204,-662.119
VECO,402.47,374.512,377.064,395.331,398.093
VTR,10665.706,10445.892,10632.942,10311.212,10196.852
VRA,292.048,303.77,275.574,293.774,
VRSN,-1451.919,-1490.1,-1409.114,-1400.324,-1386.248
VRSK,2063.7,2260.8,2080.5,2176.1,2421.3
VBTX,1205.53,1190.797,1149.269,1163.749,1185.337
VRTV,524.6,536.2,526.8,513,542.8
VZ,58921,61395,60210,62697,65069
VRTX,5253.394,6085.244,6461.654,7519.242,8133.473
VIAC,5052,13207,13449,13874,14556
VVI,465.037,467.498,349.295,153.772,134.848
VSAT,1990.907,2006.268,2027.787,2072.966,2280.046
VTRS,#N/A,0,0,-1.2,-201
VIAV,708.1,764.3,676.9,711.4,753.8
VICR,202.269,205.562,206.681,326.324,337.262
VRTS,665.704,675.699,656.219,658.166,679.03
VRTU,489.512,510.581,504.767,510.666,530.554
V,34684,35270,34585,35524,36210
VSH,1485.498,1485.149,1467.121,1496.377,1536.645
VSTO,588.501,604.95,442.505,489.505,574.637
VC,474,480,394,358,385
VG,534.765,567.062,538.713,547.639,577.231
VNT,#N/A,#N/A,#N/A,#N/A,1583.1
VNO,7075.072,6732.03,6837.027,6496.417,6468.84
VMC,5542.239,5621.857,5590.326,5764.151,5928.352
WRB,6056.296,6074.939,5493.475,5801.116,5995.112
GWW,1871,1855,1810,1929,2131
WNC,515.058,520.988,393.969,393.217,397.365
WAB,9696.4,9956.5,9761.8,9845.6,10016.9
WDR,839.53,808.897,765.658,766.703,747.511
WBA,23661,23720,20736,20637,
WD,995.807,1035.689,1036.268,1090.551,1115.125
WMT,71649,74669,68240,75310,
HCC,745.937,765.582,785.122,774.963,759.711
WAFD,2032.995,2050.909,1985.967,1990.509,2014.133
WRE,1323.9,1411.726,1357.815,1328.237,1306.79
WM,6785,7068,6743,6891,7155
WAT,115.5,-216.281,-337.999,-191.742,-41.581
WSO,1443.109,1435.427,1404.342,1437.039,1489.612
WTS,942,978,967.8,985.2,1024.6
WDFC,145.992,147.959,144.983,160.313,
WBS,3152.394,3207.77,3090.242,3174.779,3219.69
WEC,10081.4,10143.8,10374.5,10414.1,10481.1
WRI,1673.731,1698.315,1686.925,1675.696,1655.801
WFC,193304,187146,182718,179386,181173
WELL,15266.065,15540.444,16132.783,16048.14,16107.874
WERN,1064.804,1111.008,1102.036,1136.388,1180.137
WST,1487.6,1573.2,1490.2,1606.3,1718.9
WABC,713.378,731.417,705.546,808.076,825.576
WDC,9566,9379,9243,9551,9576
WRK,11669.9,11825.2,11482.4,11713.1,10630.6
WEX,1842.424,1926.947,1866.837,1976.945,2084.93
WY,8599,8177,8082,8202,8527
WHR,3028,3195,3060,3018,3371
WSR,324.976,345.317,333.672,330.722,329.996
WSM,1131.893,1235.86,1218.929,1332.922,
WLTW,9887,10249,10263,10335,10515
WING,-211.575,-209.428,-202.948,-192.672,-183.537
WGO,785.609,801.524,784.81,827.466,
WTFC,3540.325,3691.25,3700.393,3990.218,4074.089
WETF,497.105,469.981,457.338,420.101,414.238
WWW,782.9,766.7,725.6,724,754.1
WWD,1726.741,1798.603,1907.694,1909.766,1992.677
WRLD,394.944037,392.157147,411.963067,391.242915,367.275151
INT,1842.1,1890.4,1846.4,1815,1916
WWE,292.996,275.326,302.087,345.455,382.223
WOR,835.891,821.495,820.821,1382.785,
WPX,4643,4515,5091,4692,4548
WW,-723.602,-685.543,-704.473,-649.153,-584.75
WYND,-576,-530,-897,-1056,-1000
WH,1242,1212,1112,933,963
WYNN,1918.751,1743.045,1242.09,619.519,-128.703
XEL,13141,13239,13302,13385,13777
XNCR,610.237,593.201,593.005,570.645,568.483
XHR,1752.094,1739.021,1669.47,1575.17,1526.453
XRX,5069,5801,5607,5691,5662
XLNX,2695.905,2641.162,2315.049,2319.653,2452.837
XPER,565.363,547.911,565.01,1353.311,1290.574
XPO,2572,2743,2578,2484,2649
XYL,2886,2957,2812,2856,2867
YELP,702.564,754.991,762.432,781.32,815.628
YETI,87.86,122.005,131.647,169.029,222.633
YUM,-8097,-8016,-8229,-8108,-7919
ZBRA,1694,1839,1727,1803,1931
ZBH,12081.5,12388.1,11878.6,11641.4,11872.2
ZION,7509,7353,7472,7575,7668
ZTS,2678,2708,2753,2982,3602
ZUMZ,426.839,466.086,431.154,470.026,
ZYXI,16.481,19.742,23.397,27.046,54.311
