Symbol,Q3 2019 Market Value,Q4 2019 Market Value,Q3 2020 Market Value,Q2 2020 Market Value,Q3 2020 Market Value
MMM,94575.87276,101450.5008,78528.87408,89724.88181,92266.78474
ABT,147878.1832,153516.1869,139152.5032,161725.5297,192686.7863
ABBV,111950.8017,130934.8167,112507.7175,173026.7661,154581.7381
ABMD,8072.114307,7702.991076,6541.345205,10859.80377,12480.79382
ACN,127745.3687,114682.5176,128437.3761,152642.6588,
ATVI,40591.01457,45650.00837,45753.32331,58479.84399,62483.04174
ADBE,149836.9754,168323.9572,186264.2676,246255.3511,
AMD,31469.97889,51070.98313,53250.35073,61616.32922,96260.91147
AAP,11807.40827,11092.58566,8353.550867,10374.85701,10612.80019
AES,10847.3087,13211.47055,9040.845127,9634.509098,12045.52469
AFL,38736.8381,38829.5536,24739.12012,25851.81001,25574.9129
A,23442.1769,25608.70887,23737.84687,29744.52797,
APD,48887.95949,51812.00457,44049.53447,53327.56401,65795.59639
AKAM,14803.55956,13959.09376,14810.58418,17377.97294,17985.39587
ALK,8001.586177,8338.466986,3489.99484,4444.945416,4528.923249
ALB,7368.146368,7744.650208,5993.20193,8208.889912,9495.641582
ARE,17470.90785,18606.05457,17296.26544,20475.11394,20178.3313
ALXN,21960.79342,23932.62203,19942.35975,24785.67121,25079.96519
ALGN,14450.26157,21991.98118,13699.08382,21615.70758,25791.60711
ALLE,9678.422486,11571.88324,8521.143518,9426.752034,9122.80955
LNT,12961.69572,13386.02224,12048.53649,11936.25961,12894.13175
ALL,35776.56193,35871.54903,29070.52242,30466.11879,29401.44331
GOOGL,789296.4036,858935.736,740932.5477,900688.9223,930674.8325
GOOG,789296.4036,858935.736,740932.5477,900688.9223,930674.8325
MO,76405.12709,93238.21595,71863.0463,72940.94565,71808.46732
AMZN,858678.324,920224.303,970679.7615,1376033.325,1577166.253
AMCR,15745.84058,17562.33918,13024.86342,16075.00569,17331.72027
AEE,19676.55727,18895.10466,17969.85613,17371.25351,19539.04959
AAL,12008.95846,12280.77648,5193.655939,6640.990972,6250.223354
AEP,46263.65601,46703.95711,39576.74563,39468.24016,40550.78463
AXP,97107.879,100836.8983,68982.65637,76633.28402,80717.40356
AIG,48453.87738,44654.63911,20886.28493,26855.04271,23715.27583
AMT,97890.93567,101796.4746,96444.08524,114612.4474,107224.3235
AWK,22442.52278,22208.33144,21637.37129,23290.40938,26252.84449
AMP,18741.28957,21104.95114,12601.86371,18355.48013,18534.63524
ABC,17022.60475,17507.50307,18221.44185,20496.89655,19785.42288
AME,20966.72901,22799.86556,16506.26321,20504.34726,22825.26075
AMGN,116048.1823,143239.9463,119571.572,138744.0263,148859.9194
APH,28703.73181,32089.33063,21725.60102,28349.6397,32305.2618
ADI,39389.76139,40492.7026,40356.91157,42374.41656,
ANSS,18616.59695,22029.48048,19972.42803,24970.75751,28072.81329
ANTM,61421.66358,76583.93321,57245.18129,66301.49182,67552.11768
AON,45651.91607,48334.00505,38175.73286,44507.32343,47789.46685
AOS,6600.699048,6529.491677,5140.648041,6365.706511,7147.804731
APA,9624.550925,9622.761572,1577.180855,5095.251343,3574.533504
AIV,7762.811809,7689.910193,5234.88947,5603.245978,5019.729711
AAPL,1012160.789,1304764.78,1112640.775,1562780.882,1966078.959
AMAT,50122.87547,53270.02116,45621.39232,58957.11563,
APTV,22396.39099,24244.70114,12566.9837,21040.37557,24755.9251
ADM,22874.92197,25802.39405,19602.57788,22164.29986,25832.02302
ANET,18311.85658,15539.55656,15490.86729,15900.21889,15731.97773
AJG,16666.2905,17762.58544,15454.86654,18486.1511,20218.57035
AIZ,7691.489508,7948.145198,6227.054268,6161.481184,7235.908308
T,276496.8811,283508.0296,209089.5597,215388.7467,203133.7516
ATO,13461.87665,13675.9254,12136.52394,12179.78097,11791.50286
ADSK,32358.48744,43313.49833,41078.96507,51821.56825,
ADP,70007.69261,73775.00867,59012.13326,63989.1077,59959.23057
AZO,28066.30049,24360.00909,23826.51208,27945.05756,
AVB,30072.34157,29287.12151,20711.96978,21762.6941,21018.64285
AVY,9561.799074,10923.86286,8485.363506,9503.236582,10669.802
BKR,15060.05167,16656.1424,6864.280792,10080.98564,8722.561821
BLL,24173.13694,21155.46524,21065.25953,22653.8623,27144.24117
BAC,264842.1505,316807.6944,185306.6937,206045.769,208718.1139
BK,41692.6148,45331.3762,29808.51881,34222.36596,30420.49072
BAX,44658.33392,42692.6941,41180.05586,43810.79709,40711.15399
BDX,68287.56818,73557.00421,62446.05705,69356.85178,67446.6146
BRK.B,509781.2423,553773.2278,442863.4282,433463.3255,508935.4215
BBY,18932.46647,21915.86421,19758.23344,25724.99749,
BIO,9920.091163,11081.76869,10490.62975,13388.74381,15286.25401
BIIB,42943.00308,53542.52082,55070.37253,43660.80955,44910.36154
BLK,68884.36191,78005.47108,68119.67664,82952.09368,85932.11192
BA,214094.2827,183334.8067,84148.66726,103440.8436,93280.7941
BKNG,83434.28308,85060.16467,55241.27654,65175.92704,70050.00677
BWA,7574.970241,8957.666396,5037.376526,7318.040601,8029.027316
BXP,20041.28656,21316.18819,14306.90203,14042.2625,12497.39496
BSX,56680.07037,63028.72183,45655.8959,50162.80478,54666.07831
BMY,82949.74144,150473.229,126109.6853,133046.1525,136240.4179
AVGO,116165.1018,121390.2896,108591.2254,127392.185,
BR,14220.23337,14163.3674,10886.76883,14488.81737,15201.31787
BF.B,30718.67325,31751.82122,28813.96924,32141.1929,
CHRW,11477.34718,10576.54959,8694.688164,10642.26511,13777.6046
COG,7351.123154,6927.868664,6851.513066,6847.52722,6919.346691
CDNS,18512.51175,19461.92975,18502.29493,26790.78539,29727.80413
CPB,13947.97093,14597.08521,15081.21472,14978.29064,
COF,42790.89863,47927.35067,23063.16548,28497.85855,32813.84471
CAH,13798.55405,14794.04391,13988.1244,15238.77243,13774.82618
KMX,15992.46144,14265.14347,14329.73628,17437.9048,
CCL,23750.43363,17655.47567,9439.167575,9898.932411,
CARR,#N/A,#N/A,14942.35451,19246.05095,26452.67736
CTLT,6970.560781,8237.196911,8110.901555,12016.2289,14091.93065
CAT,69806.27942,81616.58643,63831.63273,68466.77383,80765.70486
CBOE,12833.37894,13293.24005,9856.323532,10234.71289,9542.416261
CBRE,17829.17072,20516.95125,12624.96774,15156.24352,15747.99875
CDW,17834.67584,20523.39348,13316.34426,16534.5169,17053.30458
CE,15132.20737,14882.00728,8774.948806,10207.88254,12710.33156
CNC,17892.55208,26015.35345,34862.43988,36803.67646,33800.45953
CNP,15156.9694,13696.13969,7765.903647,10169.40797,10542.24727
CERN,21704.91509,23051.57753,19164.43697,20863.09762,22076.03334
CF,10741.63131,10380.20437,5815.278068,6016.255525,6568.25288
SCHW,54679.4717,61094.57803,43242.57861,43436.3518,46687.49348
CHTR,88515.18236,101855.1395,90079.49316,104506.7744,124790.0391
CVX,225152.3682,227868.9825,136175.8842,166590.5428,134447.2822
CMG,23300.34864,23267.47211,18171.37965,29351.09815,34783.61338
CB,73576.11853,70545.42433,50473.60445,57150.85095,52412.61022
CHD,18591.50199,17261.57527,15773.90382,19007.50766,23275.43694
CI,57317.26891,76361.75893,65896.78526,69103.61063,62207.45881
CINF,19056.41065,17178.7756,12241.46037,10388.61035,12541.74762
CTAS,26605.70975,27674.54058,25800.23946,34490.01102,
CSCO,201624.3599,195016.8437,179728.494,198870.1304,
C,150815.4566,174415.3747,88376.51905,106380.391,89749.201
CFG,15813.44964,17589.04788,8040.041169,10767.8647,10790.22918
CTXS,12634.65991,14441.38141,17319.79819,18259.58429,17011.59013
CLX,19054.67311,19269.72952,21673.57474,27443.18605,26476.59333
CME,75679.16419,71930.21884,61984.08875,58284.43187,60001.33853
CMS,18148.17805,17836.63198,16697.22046,16721.05752,17580.49779
KO,232786.8961,237146.582,189983.0321,191895.7581,212065.8171
CTSH,33283.8214,33960.04227,25495.16317,30715.75987,37417.37901
CL,63072.02153,58998.90626,56900.18487,62749.27552,66148.42732
CMCSA,204462.1973,204155.0882,156208.6237,177542.7064,210883.4079
CMA,9509.159095,10343.05,4117.69281,5297.222382,5318.254646
CAG,14049.70115,12993.0658,16945.3741,18738.0982,
CXO,13653.26405,17604.08202,8428.894681,10130.41054,8678.727473
COP,62522.3687,70548.99126,33298.87476,45063.30104,35223.07694
ED,31377.66544,30074.94184,26034.44952,24031.95842,26023.8351
STZ,35503.64608,32790.20989,33012.90356,35292.38815,
COO,14426.03438,17055.54129,15289.84014,15089.53125,
CPRT,19193.15121,23584.78209,18722.10784,21893.00438,
GLW,22270.29947,22388.79214,15664.2154,19708.55286,24662.3245
CTVA,20969.00415,22122.73319,17608.15097,20048.83285,21566.27162
COST,131813.568,124195.8494,136214.179,153500.1354,
CCI,57794.10094,59101.41943,60178.12017,69743.31933,71761.5
CSX,54192.45004,56269.81553,44161.73963,53383.58893,59421.63026
CMI,24921.62901,27417.38793,20043.91887,25560.36998,31183.16373
CVS,82022.34213,96648.61595,77375.81722,84921.69219,76428.28588
DHI,19493.20742,19455.88804,12456.37646,20158.17191,27506.8248
DHR,103609.4522,106745.337,96457.24221,124933.904,152757.0011
DRI,14520.98087,11847.22521,9982.518615,11274.08642,
DVA,7641.036913,9441.988862,9553.135577,9639.252167,10449.30019
DE,54831.98156,49922.25542,45493.71573,55160.10113,
DAL,37252.38769,37821.52209,18261.88209,17889.93478,19505.65938
XRAY,11951.22118,12586.40838,8504.785351,9652.684678,9554.846758
DVN,9311.219793,9975.076895,2645.985459,4343.220058,3619.457565
DXCM,13608.59869,19946.02549,24663.51585,37418.42067,39467.8093
FANG,14488.30647,14767.96503,4147.040831,6599.858451,4753.661924
DLR,27045.00462,25007.97152,36016.48808,38129.96327,39477.67265
DFS,25543.34885,26294.19991,10923.50805,15342.60618,17705.01324
DISCA,13606.00522,16410.27335,9494.633374,10175.39694,10373.25476
DISCK,13606.00522,16410.27335,9494.633374,10175.39694,10373.25476
DISH,8669.652651,10089.83738,5689.393805,9860.276803,8327.835269
DG,41218.28108,39058.18787,44090.58016,47927.83533,
DLTR,26123.40036,20606.16049,18900.18627,22145.64337,
D,66607.95595,68168.56346,60495.24408,68130.39453,66311.92402
DPZ,12015.6024,12647.15642,14451.70893,16091.4362,
DOV,14479.80728,16743.36022,12094.41128,13899.52404,15597.72594
DOW,35414.05175,40582.07419,21715.96282,30192.18759,34869.76413
DTE,24371.79889,24948.67486,18289.50705,20705.77682,22162.54149
DUK,69843.69357,66856.92933,59368.26283,58707.3689,65129.86754
DRE,12278.25313,12743.67476,11926.94631,13037.04375,13673.72979
DD,53160.31922,47559.80758,25213.12969,38986.64821,40712.75356
DXC,7727.89357,9622.947119,3311.059008,4186.903954,4537.373624
EMN,10114.26751,10777.69614,6329.942638,9463.657882,10573.52258
ETN,34374.21012,39157.24793,31076.00098,34992.00134,40822.20313
EBAY,32695.00517,29376.39133,23930.18874,36855.49892,36463.80443
ECL,57083.91602,55628.2854,45060.73599,56550.7777,57031.29662
EIX,27007.11465,27042.10372,19867.62214,20526.00161,19228.75612
EW,45734.46385,48657.29879,39105.83162,42824.99639,49627.32968
EA,28828.23872,31390.66333,29016.64517,38124.73555,37661.99357
EMR,41125.65412,46588.22858,28469.70095,37061.39472,39184.10194
ETR,23334.65869,23852.42081,18870.67923,18777.19125,19726.82252
EOG,43074.09685,48728.55196,20907.41427,29486.44822,20925.83387
EFX,17004.75244,16966.14939,14569.43566,20863.67836,19056.6733
EQIX,48923.59831,49777.35295,53365.75986,62163.76686,67314.91923
EQR,31989.75661,30049.96532,22954.76184,21888.42829,19105.54581
ESS,21470.04976,19881.42977,14406.3398,14991.6959,13093.50456
EL,44139.24377,45965.68099,35424.30868,42408.31871,49354.90501
ETSY,6692.40543,5249.062539,4533.959302,12607.16044,14513.81641
EVRG,15672.71513,14834.21735,12477.68763,13443.44227,11527.37578
ES,27658.26246,27542.34701,25835.26547,28523.69417,28629.89964
RE,10840.5069,11290.08914,8762.979388,8245.322324,7896.028697
EXC,46937.22362,44318.44986,35850.36437,35361.26351,34848.25587
EXPE,18949.38426,15070.694,7566.383184,11134.76197,12442.63106
EXPD,12682.79925,13286.88305,11208.21498,12637.31535,15176.51114
EXR,15113.93862,13678.95234,12411.74179,11923.7276,13809.19001
XOM,298758.4287,295246.5685,160696.2943,189085.6201,145155.2603
FFIV,8443.457318,8489.88155,6483.530444,8493.848829,7510.222627
FB,428411.182,493927.5606,401278.4558,546512.5482,629681.4365
FAST,18733.95681,21191.82226,17949.87488,24539.55952,25864.81188
FRT,10204.23784,9722.075805,5418.372556,6444.691387,5554.91041
FDX,41758.64688,36862.16706,34108.79936,57597.51549,
FIS,81440.81805,85484.70835,74969.41032,82845.33215,91211.8377
FITB,19674.80215,21815.17443,10560.32526,13725.66007,15184.9785
FE,26043.56685,26259.16295,21666.40938,21009.20636,15563.9877
FRC,16289.15846,19792.91234,14093.57597,18240.1984,18771.18825
FISV,70408.61699,78616.25924,64507.61247,65355.05461,69007.43077
FLT,24825.97116,24554.64507,15626.58554,21078.77502,20012.76765
FLIR,7131.519708,6985.349841,4287.801556,5308.274564,4700.722191
FLS,6126.950494,6512.90229,3127.224833,3711.191606,3552.058707
FMC,11436.36536,12938.16981,10574.03514,12895.52936,13722.37371
F,35897.95666,36214.61852,18808.39587,23749.62119,26024.19655
FTNT,13125.26932,18259.58984,17453.34217,22189.49637,19065.37728
FTV,23004.14094,25652.06625,18566.74386,22791.68768,25688.21891
FBHS,7651.490626,9092.125894,6042.284225,8818.949224,11952.59311
FOXA,19573.50552,22830.45883,14142.94804,16197.00912,16655.8343
FOX,19573.50552,22830.45883,14142.94804,16197.00912,16655.8343
BEN,14535.8297,12968.28053,8293.228057,10386.57223,10080.50758
FCX,13885.02634,19035.99073,9794.06131,16799.30059,22712.69984
GPS,6110.312875,6499.135729,3025.828699,4993.30285,
GRMN,16099.73927,18546.44791,14293.89708,18624.23916,18140.78387
IT,12888.69027,13784.7083,8871.885851,10819.61717,11149.61277
GD,52780.46182,51019.11482,37955.04559,42874.77495,39720.05475
GE,78020.02239,97466.40359,69451.90937,59742.63631,54532.99103
GIS,32226.28693,29636.03381,38211.00167,39068.20066,
GM,53511.28241,52293.49433,29694.66157,36206.23532,42346.14736
GPC,14547.90778,15434.4758,9788.570581,12544.8742,13729.62276
GILD,80267.91647,82209.19107,94123.96518,96511.49347,79222.84092
GL,10447.6075,11397.31221,7729.36245,7900.894493,8510.363908
GPN,47707.51135,54868.0429,43287.45882,50734.30956,53139.6233
GS,74512.35036,79864.61959,53437.55542,67958.86756,69148.99481
GWW,16006.35672,18234.71811,13337.74058,16797.48743,19112.78744
HAL,16511.31866,21479.86367,6027.39034,11387.06427,10585.56846
HBI,5538.838638,5371.200454,2739.037841,3929.318624,5483.532074
HIG,21915.42425,21902.78373,12624.80158,13803.79027,13203.11993
HAS,14978.79657,14450.96627,9793.549689,10268.99931,11334.51959
HCA,41061.17244,50133.90069,30411.43861,32769.28927,42145.99509
PEAK,17498.26126,17061.04745,12059.31147,14834.72818,14615.36977
HSIC,9414.446671,9564.542665,7244.088274,8335.52256,8391.888831
HSY,23088.0856,21798.30901,19627.99797,19105.44852,21129.56566
HES,18415.00999,20357.40669,10163.65915,15913.13171,12571.42201
HPE,21424.91143,18010.45993,12960.72147,12680.55223,
HLT,26709.02478,31294.69874,18933.03205,20364.85671,23660.03423
HFC,8827.97298,8184.072793,3967.776943,4727.074043,3193.324512
HOLX,13496.28038,13999.87194,9270.857794,14717.7225,17214.74852
HD,256900.982,248818.5702,236122.9149,285540.5449,
HON,120899.0674,126472.3445,94627.92128,101480.1765,115520.5335
HRL,21834.02928,25271.6697,25194.80483,27411.08797,
HST,12422.86566,13303.65095,7792.934768,7606.507415,7609.789724
HWM,11444.8877,13321.59694,7000.859009,6912.238954,7292.285748
HPQ,25740.84003,30558.92995,22175.64056,24146.07195,
HUM,33857.36557,48536.79096,41489.57481,51262.90362,54754.56826
HBAN,14737.41613,15381.65239,8398.633107,9163.460737,9328.728837
HII,8754.339179,10261.08159,7420.320135,7062.352909,5699.270558
IEX,12429.80675,13082.31958,10529.36812,11914.93161,13773.85353
IDXX,23410.45207,22400.51446,20644.9041,28041.46907,33435.84396
INFO,29131.77929,28479.76752,27708.70396,31713.02745,
ITW,50621.0735,57734.1624,45125.51425,55240.724,61085.90144
ILMN,44720.34018,48765.77856,40148.63928,54441.4509,45237.06493
INCY,15964.42423,18808.46625,15874.50728,22600.31878,19626.0551
IR,5773.978568,7505.938341,10306.3054,11714.58656,14847.30268
INTC,224155.4947,260347.4934,229144.0755,253320.2278,212194.435
ICE,51709.48814,51536.46694,44342.89354,50125.51621,56152.89934
IBM,128789.3965,118908.2737,98493.85626,107555.1909,108356.7131
IP,16428.41538,18056.94138,12206.85092,13838.98347,15935.98387
IPG,8348.527499,8956.609224,6278.87085,6685.775368,6500.014983
IFF,13100.2252,13776.88485,10902.34855,13094.87944,13093.89117
INTU,66968.96202,72984.87985,70282.54014,79892.51165,
ISRG,62228.55056,68321.57144,57815.7665,66452.31305,83034.54496
IVZ,7688.962228,8161.014136,4166.801657,4937.717411,5239.083124
IPGP,7213.920428,7690.904259,5851.346247,8505.09173,9052.085866
IQV,28979.72095,29980.80945,20797.24188,27093.93925,30150.04324
IRM,9299.395381,9151.247822,6837.73949,7513.742313,7719.493634
JKHY,11239.69009,11207.41213,11910.01341,14099.5394,12461.19617
J,12158.4646,11969.79292,10546.8733,11032.70606,12079.39928
JBHT,11813.87911,12446.17905,9800.268174,12691.13211,13334.00281
SJM,12052.59231,11817.3422,13104.10723,12477.68562,
JNJ,341455.312,383911.166,345704.8573,370503.0349,391974.7735
JCI,34128.86245,31404.5068,20054.5287,25395.46071,29665.26939
JPM,369132.9399,437226.0048,276750.1062,286602.9712,293392.8742
JNPR,8558.946236,8243.83465,6326.290237,7574.715059,7132.632874
KSU,13289.56079,15181.21998,12083.97272,14185.56883,17061.17795
K,21919.66401,23590.06188,20546.51516,22636.78227,22149.15313
KEY,17635.51852,19935.54985,10057.75934,11880.44025,11643.6803
KEYS,18928.49696,17523.77894,18134.21393,18683.12912,
KMB,48893.61278,47152.96631,43662.49005,48136.33737,50359.02337
KIM,8815.911215,8942.887041,4182.371827,5553.626473,4869.990991
KMI,46657.02102,47949.31108,31529.67697,34306.75888,27909.39432
KLAC,25266.92446,28114.15782,22534.4086,30153.9073,30051.13653
KHC,34080.44701,39235.89281,30226.26686,38964.25777,36616.2304
KR,19751.94025,21503.76664,25378.35917,27756.39429,
LB,4709.719904,6403.161099,3287.981332,6781.812796,
LHX,46438.04723,43742.13095,39067.34149,36800.77692,36718.62404
LH,16413.59949,16426.40656,12297.74733,16145.89155,18337.4987
LRCX,33472.58574,41655.88957,34931.63086,46954.17414,48132.9229
LW,12266.37153,12693.93338,8771.102629,9132.954657,
LVS,44463.01143,53025.27431,32433.70278,34780.25011,35639.0611
LEG,5382.381669,6689.38057,3525.415024,4650.345309,5450.616648
LDOS,12350.23053,13857.69942,13000.27778,13305.23895,12676.55453
LEN,18475.00413,18388.78275,18291.92505,22777.99945,
LLY,107964.3655,126190.0079,132760.316,157126.5661,141576.7524
LNC,12075.62288,11703.5116,5142.179979,7108.727381,6054.463684
LIN,104723.2898,114364.7725,92202.0838,111434.1198,125103.9904
LYV,14164.18646,15259.48868,9752.57933,9542.480686,11705.68756
LKQ,9693.048023,10940.69383,6233.873989,7963.961493,8438.033729
LMT,110152.1672,109832.813,95539.16593,102336.4544,107142.8778
L,15566.52408,15274.59049,9861.646055,9650.25145,9745.435371
LOW,86140.48811,89095.04952,79080.90509,112427.4618,
LUMN,13612.79716,14401.92518,10307.04881,11007.94552,11074.15699
LYB,29994.46023,31500.67341,16554.33464,21931.17436,23532.33115
MTB,20895.79671,22167.48352,13440.79609,13336.51013,11813.30883
MRO,9865.59711,10863.03598,2618.346389,4836.712036,3228.806735
MPC,39992.87741,39121.65179,15353.02361,24306.7518,19091.40415
MKTX,12365.41749,14377.367,12611.72011,18989.98464,18286.8068
MAR,40962.35805,49508.06929,24254.52308,27798.46376,30025.08917
MMC,50656.41756,56225.06365,43567.02151,54782.68337,58098.91231
MLM,17114.804,17477.7804,11769.91675,12857.19971,14655.598
MAS,11923.53664,13633.95977,9118.023098,13074.68346,14355.85194
MA,272414.8678,297828.2857,240178.5173,293642.1683,335645.8335
MKC,22491.05857,19417.13949,23282.61423,27452.89901,
MXIM,15699.1698,16645.15968,13095.24311,16160.16361,18079.01692
MCD,161696.6724,148818.772,123259.609,137163.8156,163323.057
MCK,24624.48071,24473.01909,23951.97629,24871.77515,23912.85828
MDT,146107.7502,154733.2456,130840.4044,129408.5154,
MRK,215532.3683,231557.2267,195140.5464,195188.7596,209800.5305
MET,43368.33471,46873.59225,27996.86177,33145.14139,33737.81029
MTD,17155.09933,19319.70078,16559.12117,19258.70883,23150.24994
MGM,14245.689,17133.51821,5813.754006,8286.056679,10728.8652
MCHP,22116.6695,25025.77612,16240.67675,26585.45714,25941.91903
MU,52595.99236,58387.5402,53284.83277,50561.54147,
MSFT,1061550.997,1203062.63,1199549.704,1543305.821,1591704.434
MAA,14826.85965,15600.82716,11774.23355,13114.25772,13260.64504
MHK,8951.964932,9767.808934,5464.349102,7293.421764,6947.924227
TAP,11443.91229,10745.10554,7768.818004,6895.737985,6718.609542
MDLZ,79779.79293,79305.50716,71761.78772,72986.2353,82058.04096
MNST,31635.67713,34169.69112,30205.76784,36501.38427,42297.19154
MCO,38753.83572,44823.00942,39594.49043,51511.87706,54404.84526
MS,69296.07703,82742.72294,53584,76104.20157,76236.39128
MOS,7910.27359,8196.462138,4098.231069,4741.546639,6925.974407
MSI,28382.80853,27609.0827,22802.82362,23831.53677,26624.31381
MSCI,18443.20671,21869.65283,24565.86075,28379.62367,29840.07173
MYL,10203.90886,10374.27341,7696.19902,8312.51101,7666.323384
NDAQ,16361.7529,17555.29553,15667.88827,19601.54424,20156.14905
NOV,8180.995412,9665.091324,3793.858892,4755.732025,3517.850407
NTAP,13294.55451,12187.27923,9680.918812,9831.666821,
NFLX,117284.8059,141804.8816,164772.0311,200128.4233,220520.9509
NWL,7926.047595,8137.747592,5624.079887,6734.708145,7280.987726
NEM,31090.37829,35622.00471,36576.64078,49551.57423,50954.86229
NWSA,8221.889212,8390.827627,5282.681824,6997.42363,8244.522616
NWS,8221.889212,8390.827627,5282.681824,6997.42363,8244.522616
NEE,113874.0998,118361.9982,117654.9974,117551.2232,135906.6243
NLSN,7558.072739,7222.942679,4468.867096,5297.227085,5058.771365
NKE,116491.1508,111041.772,122240.875,139288.6396,
NI,11170.54182,10399.45755,9545.115242,8704.859837,8426.506897
NSC,46845.74285,50618.74709,37402.15417,44977.37317,54590.83044
NTRS,19772.82853,22279.48367,15791.2875,16506.84749,16224.9819
NOC,63413.71913,57970.29785,50718.57031,51251.08719,52596.61891
NLOK,14604.08657,15905.26396,11233.18814,11680.43881,12316.50114
NCLH,11014.45783,12446.14369,2336.70492,4211.780538,4715.838965
NRG,10018.31984,10056.27326,6829.769773,7947.475225,7504.797389
NUE,15433.72348,17064.93962,10846.77436,12469.98933,13543.01213
NVDA,122421.1826,144695.1555,179017.414,261122.8477,
NVR,13747.44825,13835.08477,9474.877983,11994.88224,15117.28247
ORLY,30178.27962,33158.31258,22353.56336,31298.72634,33784.43013
OXY,39777.51497,36813.59344,10416.24527,16803.10197,9310.723143
ODFL,13598.66838,15148.99827,15691.59798,20002.83032,21227.6046
OMC,17032.10494,17640.64547,11906.05332,11699.84423,10636.00131
OKE,30431.61197,31258.14055,9014.487175,14749.8904,11540.36606
ORCL,184280.5211,158650.3129,169568.2123,175589.9812,
OTIS,#N/A,#N/A,21653.97339,24624.8988,27032.81959
PCAR,24249.30641,27358.63231,21174.94323,25877.6578,29519.57997
PKG,10043.74437,10600.7489,8235.825541,9465.30984,10341.75944
PH,23208.20319,26440.66649,16652.5323,23498.40477,26061.00004
PAYX,30826.13828,27767.74742,25927.9195,27435.11816,
PAYC,12238.54559,15266.06212,11884.65214,17788.74812,18221.29398
PYPL,121891.764,127012.3483,112298.705,204574.0466,231175.2591
PNR,6352.256534,7710.425837,4931.981669,6295.900216,7593.644374
PBCT,6137.832154,7505.694795,4692.51032,4913.288219,4379.451761
PEP,190577.4369,166847.838,183510.7908,193931.6854,
PKI,9460.34241,10787.90673,8378.965048,10925.8697,14033.83991
PRGO,7604.113458,7031.442611,6546.347398,7533.301231,6265.774166
PFE,198730.551,216826.9044,181074.9388,181643.0755,203937.4959
PM,118134.9291,132389.3981,113606.4492,109092.4901,116780.9753
PSX,45502.2163,49505.9266,23490.01005,31396.91254,22638.35468
PNW,10901.34933,10109.12154,8521.75214,8244.645904,8391.122359
PXD,21021.69997,25073.98606,11624.90725,16107.13611,14126.10741
PNC,61530.24161,69119.79211,40585.28052,44636.44019,46657.10849
POOL,8052.267457,8503.270253,7921.173394,10857.27071,13406.98334
PPG,28003.08385,31565.44683,19722.07595,25022.03694,28808.11605
PPL,22743.55816,25942.42553,18949.63985,19864.84867,20918.58527
PFG,15930.4027,15271.95984,8608.721595,11376.46731,11054.86724
PG,311277.4927,311477.1241,271639.8169,296012.5823,346032.5174
PGR,45160.34811,42319.19188,43218.40023,46888.26014,55438.74862
PLD,53784.81656,57203.81007,59400.66749,68931.85663,74334.83873
PRU,36159.89877,37683.47914,20649.73425,24055.5006,25090.40018
PEG,31389.88296,29863.12069,22685.25413,24856.53993,27771.03908
PSA,42823.65397,37199.85241,34684.65337,33540.98167,38932.07881
PHM,10022.69287,10514.79979,6014.795125,9125.093078,12413.94333
PVH,6462.374442,6359.776675,3489.592001,3451.799434,
QRVO,8732.5801,13502.9199,9327.681035,12647.27655,14737.6448
PWR,5374.47975,5792.788868,4367.506909,5399.876308,7339.258932
QCOM,92730.369,100744.9748,77326.85858,102604.6799,132774.3278
DGX,14413.72974,14384.29342,10716.44196,15240.07886,15376.30754
RL,4949.164878,5829.95293,3265.43528,3464.802573,3273.66679
RJF,11448.99384,12410.1601,8802.74869,9431.810776,9979.745506
RTX,117805.7064,129257.5551,81705.33821,93432.49681,87901.28583
O,24990.77918,24564.37191,17154.44368,20433.25656,20961.13973
REG,11643.53605,10571.61249,6445.321958,7784.275306,6449.295154
REGN,29954.48401,40531.94022,52818.81735,69021.41206,58521.31809
RF,15250.47971,16553.2047,8587.815514,10671.63734,11070.71039
RSG,27761.00064,28604.93987,23955.62454,26100.10647,29731.35347
RMD,19411.38961,22282.5159,21300.63761,27776.33789,24840.31737
RHI,6543.4455,7423.977622,4345.795368,6054.436629,6068.783722
ROK,19282.85894,23442.23064,17533.32758,24670.50334,25591.59061
ROL,11157.44766,10857.97621,11845.86087,13894.06097,17761.24998
ROP,37087.11344,36860.46601,33086.05436,40533.03632,41372.28875
ROST,39670.92964,40262.97117,32468.15593,31915.49199,
RCL,22701.74402,27987.83322,6723.529617,10532.08425,13895.45636
SPGI,60338.5737,66733.41535,58982.36089,79371.73264,86904.60147
CRM,137241.7348,161708.9678,144945.2473,175250.3718,
SBAC,27275.51189,27135.71511,30217.4725,33255.28968,35650.18911
SLB,47257.27848,55652.44039,18726.30489,25521.87776,21598.86469
STX,14208.35099,15631.30441,12734.65229,12423.21178,12639.57598
SEE,6414.374041,6154.372821,3821.920398,5113.517599,6041.804525
SRE,40526.40945,42701.59504,33037.48505,34295.08868,34236.7752
NOW,47587.18091,53245.5551,54392.88233,77246.46076,94623.50296
SHW,50728.80446,53865.99073,41724.4164,52468.77955,63437.93903
SPG,47762.90685,45710.01095,16834.39256,20906.99009,19784.78464
SWKS,13607.46298,20594.92953,15155.54079,21331.63917,24303.75066
SLG,6663.8512,7277.171692,3359.01965,3631.440968,3386.864764
SNA,8642.572886,9290.912179,5951.039353,7528.605013,8013.604677
SO,64563.98456,66804.35716,57075.90476,54751.30717,57263.40987
LUV,29031.29712,28408.38488,18117.25398,20145.1965,22120.20493
SWK,21913.20664,25442.15302,15402.54669,21482.23462,25900.37895
SBUX,104742.3277,103833.5178,77159.03228,85960.47293,100440.4779
STT,21522.8621,28269.50133,18875.79906,22366.8264,20906.89826
STE,12236.42458,12922.62427,11871.27621,13034.94314,14985.506
SYK,80702.61501,78601.53563,62405.11627,67540.25876,78264.97964
SIVB,10769.0742,12945.63057,7787.720988,11102.64544,12454.71634
SYF,22284.63352,23269.4086,9448.572704,12934.96531,15276.86852
SNPS,20401.4606,22205.41756,23603.66629,30040.12426,
SYY,40746.25474,43644.81717,23203.26634,27723.46418,31641.08652
TMUS,67305.57268,67094.19089,71896.66837,129020.8744,141555.8195
TROW,26913.30153,28471.20506,22788.07377,28102.28781,29104.09727
TTWO,14185.73028,13877.07326,13453.22114,15902.99138,18891.05139
TPR,7497.970931,7441.984802,3574.57539,3666.588149,4335.348386
TGT,54623.41972,56116.05424,54851.18426,62941.94629,
TEL,31302.42318,32056.08336,21044.2629,26899.09479,32257.96059
FTI,10778.07508,9585.073891,3015.792617,3066.395364,2835.285669
TDY,11713.67438,12638.31453,10893.16178,11400.54953,11435.40076
TFX,15707.66233,17427.66689,13580.20991,16897.92585,15834.98734
TER,9841.572785,11427.12154,9025.534542,14009.07899,13192.92906
TXN,120661.0533,119922.2816,93303.14209,116529.5937,130787.5984
TXT,11266.85031,10180.52947,6071.292281,7491.797056,8229.799287
TMO,116646.644,130269.9433,113107.6241,143106.5398,174660.6348
TIF,15040.6842,16080.25635,15348.88897,15212.01888,
TJX,69910.2821,71595.88916,59481.33899,62277.63115,
TSCO,10786.32339,11061.98828,9809.88456,15238.89265,16659.50494
TT,29764.70144,31677.09538,19689.54032,21284.72119,29021.69147
TDG,27790.76034,29986.88019,17190.36076,23902.66797,25754.48556
TRV,38716.79294,34990.72422,25337.33004,28835.92726,27392.7541
TFC,40897.61846,75543.99834,41479.84538,50599.64156,51276.51711
TWTR,31848.32984,24882.24109,19236.30029,23374.09947,35197.22665
TYL,10127.98247,11793.37073,11683.27764,13792.51344,14026.33012
TSN,25383.39002,26890.02898,17031.70688,17573.23693,17502.05521
UDR,14196.99681,13685.57575,10765.81745,11022.83848,9622.130616
ULTA,13720.64376,15314.09551,12270.96068,10867.59729,
USB,87206.26788,90950.8614,52407.44214,55461.56732,54003.09508
UAA,7897.0701,8455.7338,3580.60262,3879.258544,4395.22516
UA,7897.0701,8455.7338,3580.60262,3879.258544,4395.22516
UNP,114119.7711,125504.4155,95703.24527,114725.5059,133642.9925
UAL,22714.42883,22290.64559,7822.857358,10052.3642,10111.69006
UNH,205950.0484,278521.0656,236555.1389,279724.55,296286.1677
UPS,83674.50212,82030.37916,65589.06086,78283.71519,117820.9399
URI,9617.570849,12533.76615,7622.617979,10738.25579,12578.00825
UHS,12086.20443,11526.40227,7765.863141,7217.210465,8317.360104
UNM,6200.510358,6014.775005,3046.594652,3374.745395,3425.863896
VFC,35433.77055,39801.6136,21346.47324,23739.75038,27372.8156
VLO,35323.71212,38457.65549,18567.52682,23980.83202,17664.04584
VAR,10844.4538,12909.98611,9307.77193,11126.64725,15679.75159
VTR,27209.88147,21521.77683,9992.647323,13662.00208,15654.75346
VRSN,22328.51125,22622.3646,20965.71706,23897.02972,23527.77776
VRSK,25856.83822,24472.34447,22729.53424,27616.49994,30091.73259
VZ,249648.9625,253937.1549,222442.1981,228127.7021,246175.2332
VRTX,43546.86985,56302.99038,61693.06072,75270.61898,70878.36467
VIAC,15193.26638,25974.03511,8815.5936,14469.67664,17374.38837
V,297056.3681,321654.3521,274874.5863,325899.5044,337150.8379
VNT,#N/A,#N/A,#N/A,#N/A,4179.686539
VNO,12149.06359,12691.52541,6915.602611,7302.531588,6443.704697
VMC,20007.08699,19057.79656,14325.21802,15342.51648,17952.01731
WRB,13230.80272,12691.94243,9569.125251,10239.11643,10884.93354
WAB,13775.45883,14912.86072,9227.050564,10954.9158,11775.73607
WMT,333520.7404,324828.1653,344436.4751,366454.7803,
WBA,53195.44317,40537.04361,37667.82434,32945.62527,
DIS,234755.7282,260680.8242,174405.4012,201416.8062,224220.4243
WM,48786.67938,48346.50367,39210.9154,44696.67188,47809.93115
WAT,14902.71066,15055.0924,11315.8726,11168.32618,12117.67374
WEC,29997.96356,29092.52866,27799.24513,27647.83789,30565.60739
WFC,215333.4031,222430.7116,117365.7243,104959.9391,96862.30297
WELL,36735.64201,33550.81602,18795.25317,21604.55424,22989.09506
WST,10459.0838,11123.06676,11236.05046,16720.21934,20298.8054
WDC,17653.67097,18876.29564,12441.54981,13231.80046,11057.3173
WU,9729.082891,11194.04029,7489.908874,8883.76246,8807.815144
WRK,9380.116479,11080.5633,7303.96644,7326.546497,9019.767323
WY,20634.53431,22503.28984,12636.54731,16759.78593,21283.536
WHR,10060.13583,9323.896035,5377.772712,8051.981975,11455.21042
WMB,29161.24801,28749.80027,17156.80372,23075.0079,23846.42351
WLTW,24891.97297,25964.03154,21863.26145,25524.72081,26908.21489
WYNN,11700.01136,14908.38879,6471.387823,8035.106699,7744.562395
XEL,34027.27563,33293.40278,31637.54068,32823.17734,36253.87222
XRX,6549.18322,7838.192938,4030.223801,3255.778438,3865.812998
XLNX,24224.81948,24585.96607,19394.32234,23927.89357,25467.29035
XYL,14333.91003,14188.42416,11737.92396,11687.29762,15138.17593
YUM,34515.16229,30466.99884,20615.33067,26158.69105,27517.78693
ZBRA,11167.91889,13773.58074,9742.732671,13588.78569,13466.17731
ZBH,28183.59126,30786.78047,20891.41763,24683.89983,28187.76444
ZION,7585.006087,8569.759493,4388.987931,5571.306427,4791.436955
ZTS,59498.9512,63038.17704,55894.9825,65085.88348,78574.67909
